<?xml version = '1.0' encoding = 'UTF-8'?>
<Table class="oracle.dbtools.crest.model.design.relational.Table" directorySegmentName="seg_0" id="0DA12C36-ED36-D666-C438-12F4A3085D6C" name="FILIAL">
<createdBy>Szulczewski</createdBy>
<createdTime>2016-08-02 21:42:12 UTC</createdTime>
<generatorID>43C4851C-A817-E475-C5CA-A2C140BDF2EF</generatorID>
<ownerDesignName>PIZZARIA</ownerDesignName>
<allowColumnReorder>false</allowColumnReorder>
<existDependencyGenerateInDDl>true</existDependencyGenerateInDDl>
<parsed>true</parsed>
<columns itemClass="oracle.dbtools.crest.model.design.relational.Column">
<Column name="CD_FILIAL" id="E652F311-D0A5-7EEE-22C7-9B8D9B0AEBFA">
<createdBy>Szulczewski</createdBy>
<createdTime>2016-08-02 21:42:12 UTC</createdTime>
<generatorID>0CB45AB2-FFF1-A80E-CF91-14FFD75FE378</generatorID>
<ownerDesignName>PIZZARIA</ownerDesignName>
<useDomainConstraints>false</useDomainConstraints>
<use>1</use>
<logicalDatatype>LOGDT019</logicalDatatype>
<dataTypePrecision>3</dataTypePrecision>
<autoIncrementCycle>false</autoIncrementCycle>
</Column>
<Column name="NM_FILIAL" id="DE3478B3-E61D-EE72-8EE4-E07A4848B3BE">
<createdBy>Szulczewski</createdBy>
<createdTime>2016-08-02 21:42:12 UTC</createdTime>
<generatorID>EDCF0E85-0819-85EE-6AE4-1A37BB7C4F83</generatorID>
<ownerDesignName>PIZZARIA</ownerDesignName>
<useDomainConstraints>false</useDomainConstraints>
<use>1</use>
<logicalDatatype>LOGDT024</logicalDatatype>
<dataTypeSize>100</dataTypeSize>
<autoIncrementCycle>false</autoIncrementCycle>
</Column>
<Column name="DS_FILIAL" id="569DDC5C-FB20-0B9F-31A8-867869A1FA6B">
<createdBy>Szulczewski</createdBy>
<createdTime>2016-08-02 21:42:12 UTC</createdTime>
<generatorID>B87A31E7-6697-BC17-ABC2-FF2CC6E62E12</generatorID>
<ownerDesignName>PIZZARIA</ownerDesignName>
<useDomainConstraints>false</useDomainConstraints>
<use>1</use>
<logicalDatatype>LOGDT024</logicalDatatype>
<dataTypeSize>300</dataTypeSize>
<autoIncrementCycle>false</autoIncrementCycle>
</Column>
<Column name="ENDERECO_CD_ENDERECO" id="1060CF0B-026F-8D5D-9668-C5259E8A64D4">
<createdBy>Szulczewski</createdBy>
<createdTime>2016-08-02 21:42:12 UTC</createdTime>
<generatorID>DECFDAF3-ACCA-CACE-8C61-76E6F188628F</generatorID>
<ownerDesignName>PIZZARIA</ownerDesignName>
<useDomainConstraints>false</useDomainConstraints>
<use>1</use>
<logicalDatatype>LOGDT019</logicalDatatype>
<dataTypePrecision>6</dataTypePrecision>
<previousColumn>false</previousColumn>
<autoIncrementCycle>false</autoIncrementCycle>
<associations>
<colAssociation fkAssociation="25C68DD3-1A6C-F313-49A1-9F485A666D29" referredColumn="33325467-0CD6-088D-5F87-038E44B7B8B9"/>
</associations>
</Column>
</columns>
<indexes itemClass="oracle.dbtools.crest.model.design.relational.Index">
<ind_PK_UK id="AC184A7E-2F14-B420-26B0-AB04E52AB1C7" name="FILIAL_PK">
<createdBy>Szulczewski</createdBy>
<createdTime>2016-08-02 21:42:12 UTC</createdTime>
<generatorID>5784B544-F1CD-5AA0-2EF2-B9BE059B74FD</generatorID>
<ownerDesignName>PIZZARIA</ownerDesignName>
<pk>true</pk>
<indexState>Primary Constraint</indexState>
<isSurrogateKey>false</isSurrogateKey>
<indexColumnUsage>
<colUsage columnID="E652F311-D0A5-7EEE-22C7-9B8D9B0AEBFA"/>
</indexColumnUsage>
</ind_PK_UK>
<ind_PK_UK id="AEF7C005-09A3-771E-612F-CF4743391949" name="FILIAL__IDX">
<createdBy>Szulczewski</createdBy>
<createdTime>2016-08-02 21:42:12 UTC</createdTime>
<generatorID>Gerado pelo usuário</generatorID>
<ownerDesignName>PIZZARIA</ownerDesignName>
<indexState>Unique Plain Index</indexState>
<isSurrogateKey>false</isSurrogateKey>
<relationGeneratorID>0580313C-F4E8-6F84-1C94-B832CADE8469</relationGeneratorID>
<indexColumnUsage>
<colUsage columnID="1060CF0B-026F-8D5D-9668-C5259E8A64D4"/>
</indexColumnUsage>
</ind_PK_UK>
<ind_PK_UK id="A092D2EB-22CA-4F83-EB39-797BDB0E5859" name="FILIAL_ENDERECO_FK">
<createdBy>Szulczewski</createdBy>
<createdTime>2016-08-02 21:42:12 UTC</createdTime>
<generatorID>0580313C-F4E8-6F84-1C94-B832CADE8469</generatorID>
<ownerDesignName>PIZZARIA</ownerDesignName>
<indexState>Foreign Key</indexState>
<isSurrogateKey>false</isSurrogateKey>
<indexColumnUsage>
<colUsage columnID="1060CF0B-026F-8D5D-9668-C5259E8A64D4"/>
</indexColumnUsage>
</ind_PK_UK>
</indexes>
</Table>