<?xml version = '1.0' encoding = 'UTF-8'?>
<Table class="oracle.dbtools.crest.model.design.relational.Table" directorySegmentName="seg_0" id="1C25EE8B-6D7E-FCC6-E179-2F221607F507" name="ESTADO">
<createdBy>Szulczewski</createdBy>
<createdTime>2016-08-02 21:42:12 UTC</createdTime>
<generatorID>4A32DFAD-E9C2-AF5E-6D15-E12B2BAA28F5</generatorID>
<ownerDesignName>PIZZARIA</ownerDesignName>
<allowColumnReorder>false</allowColumnReorder>
<existDependencyGenerateInDDl>true</existDependencyGenerateInDDl>
<parsed>true</parsed>
<columns itemClass="oracle.dbtools.crest.model.design.relational.Column">
<Column name="CD_ESTADO" id="A8DAF449-9F83-87C4-8249-1AADB1170EC6">
<createdBy>Szulczewski</createdBy>
<createdTime>2016-08-02 21:42:12 UTC</createdTime>
<generatorID>DF1455B4-F04B-AC09-18D3-6782D3EDBDED</generatorID>
<ownerDesignName>PIZZARIA</ownerDesignName>
<useDomainConstraints>false</useDomainConstraints>
<use>1</use>
<logicalDatatype>LOGDT019</logicalDatatype>
<dataTypePrecision>3</dataTypePrecision>
<autoIncrementCycle>false</autoIncrementCycle>
</Column>
<Column name="NM_ESTADO" id="90735F40-DA23-2A50-98C7-7A52F35332AB">
<createdBy>Szulczewski</createdBy>
<createdTime>2016-08-02 21:42:12 UTC</createdTime>
<generatorID>7AABA39A-CCB4-613A-E52C-DDB7ABB04DE3</generatorID>
<ownerDesignName>PIZZARIA</ownerDesignName>
<useDomainConstraints>false</useDomainConstraints>
<use>1</use>
<logicalDatatype>LOGDT024</logicalDatatype>
<dataTypeSize>80</dataTypeSize>
<autoIncrementCycle>false</autoIncrementCycle>
</Column>
<Column name="SG_ESTADO" id="9D18E1F0-934C-E1D2-9EFC-0B2B1C8EA279">
<createdBy>Szulczewski</createdBy>
<createdTime>2016-08-02 21:42:12 UTC</createdTime>
<generatorID>7B1DC631-6DBD-4B1F-DD43-0D2E9436AF6A</generatorID>
<ownerDesignName>PIZZARIA</ownerDesignName>
<useDomainConstraints>false</useDomainConstraints>
<use>1</use>
<logicalDatatype>LOGDT025</logicalDatatype>
<dataTypeSize>2</dataTypeSize>
<autoIncrementCycle>false</autoIncrementCycle>
</Column>
<Column name="PAIS_CD_PAIS" id="9D6D7303-F018-7646-1F7B-15CD03B819C4">
<createdBy>Szulczewski</createdBy>
<createdTime>2016-08-02 21:42:12 UTC</createdTime>
<generatorID>5712EB11-60E1-4D1C-C137-7632E91FD408</generatorID>
<ownerDesignName>PIZZARIA</ownerDesignName>
<useDomainConstraints>false</useDomainConstraints>
<use>1</use>
<logicalDatatype>LOGDT019</logicalDatatype>
<dataTypePrecision>3</dataTypePrecision>
<previousColumn>false</previousColumn>
<autoIncrementCycle>false</autoIncrementCycle>
<associations>
<colAssociation fkAssociation="1B534AA6-50DD-47FA-28DB-C70A2DD6D6B5" referredColumn="B0B09B58-AE8B-F494-E8F2-1BA32CF46FFE"/>
</associations>
</Column>
</columns>
<indexes itemClass="oracle.dbtools.crest.model.design.relational.Index">
<ind_PK_UK id="0E13B428-0852-1F64-D1BA-79722127D5B0" name="ESTADO_PK">
<createdBy>Szulczewski</createdBy>
<createdTime>2016-08-02 21:42:12 UTC</createdTime>
<generatorID>5C5EF0A9-BFF4-4C59-4235-12EAEA9434F9</generatorID>
<ownerDesignName>PIZZARIA</ownerDesignName>
<pk>true</pk>
<indexState>Primary Constraint</indexState>
<isSurrogateKey>false</isSurrogateKey>
<indexColumnUsage>
<colUsage columnID="A8DAF449-9F83-87C4-8249-1AADB1170EC6"/>
</indexColumnUsage>
</ind_PK_UK>
<ind_PK_UK id="C66FEFB3-98E3-0CF1-0192-671E06FFCA2C" name="ESTADO_PAIS_FK">
<createdBy>Szulczewski</createdBy>
<createdTime>2016-08-02 21:42:12 UTC</createdTime>
<generatorID>8668CE64-094F-4034-CDCC-DCF896B83DF7</generatorID>
<ownerDesignName>PIZZARIA</ownerDesignName>
<indexState>Foreign Key</indexState>
<isSurrogateKey>false</isSurrogateKey>
<indexColumnUsage>
<colUsage columnID="9D6D7303-F018-7646-1F7B-15CD03B819C4"/>
</indexColumnUsage>
</ind_PK_UK>
</indexes>
</Table>