<?xml version = '1.0' encoding = 'UTF-8'?>
<Table class="oracle.dbtools.crest.model.design.relational.Table" directorySegmentName="seg_0" id="351F0B1E-B9AA-312C-84BF-A9755686916B" name="CIDADE">
<createdBy>Szulczewski</createdBy>
<createdTime>2016-08-02 21:42:11 UTC</createdTime>
<generatorID>1C263727-28D0-2AB6-1346-5526F20430FD</generatorID>
<ownerDesignName>PIZZARIA</ownerDesignName>
<allowColumnReorder>false</allowColumnReorder>
<existDependencyGenerateInDDl>true</existDependencyGenerateInDDl>
<parsed>true</parsed>
<columns itemClass="oracle.dbtools.crest.model.design.relational.Column">
<Column name="CD_CIDADE" id="6F37B8DA-5C34-CEB5-4D5A-332871912A6B">
<createdBy>Szulczewski</createdBy>
<createdTime>2016-08-02 21:42:11 UTC</createdTime>
<comment>CÓDIGO DA CIDADE</comment>
<generatorID>8650A176-F1CD-30B1-C42B-6964CEF14DF0</generatorID>
<ownerDesignName>PIZZARIA</ownerDesignName>
<useDomainConstraints>false</useDomainConstraints>
<use>1</use>
<logicalDatatype>LOGDT019</logicalDatatype>
<dataTypePrecision>4</dataTypePrecision>
<autoIncrementCycle>false</autoIncrementCycle>
</Column>
<Column name="NM_CIDADE" id="3ED624FD-E27A-5A30-BE01-29378B9C4648">
<createdBy>Szulczewski</createdBy>
<createdTime>2016-08-02 21:42:11 UTC</createdTime>
<comment>NOME DA CIDADE</comment>
<generatorID>AF367E0A-E6C2-11DD-83EC-8AFB2116F012</generatorID>
<ownerDesignName>PIZZARIA</ownerDesignName>
<nullsAllowed>true</nullsAllowed>
<useDomainConstraints>false</useDomainConstraints>
<use>1</use>
<logicalDatatype>LOGDT024</logicalDatatype>
<dataTypeSize>100</dataTypeSize>
<autoIncrementCycle>false</autoIncrementCycle>
</Column>
<Column name="ESTADO_CD_ESTADO" id="C939C4F3-390B-D1DA-CA3B-AC2072C1BD03">
<createdBy>Szulczewski</createdBy>
<createdTime>2016-08-02 21:42:11 UTC</createdTime>
<generatorID>8E55CC0E-066B-7B3A-2BF6-D962E4BBA510</generatorID>
<ownerDesignName>PIZZARIA</ownerDesignName>
<useDomainConstraints>false</useDomainConstraints>
<use>1</use>
<logicalDatatype>LOGDT019</logicalDatatype>
<dataTypePrecision>3</dataTypePrecision>
<previousColumn>false</previousColumn>
<autoIncrementCycle>false</autoIncrementCycle>
<associations>
<colAssociation fkAssociation="22132B76-B286-94AE-0C06-33E9541EA7C0" referredColumn="A8DAF449-9F83-87C4-8249-1AADB1170EC6"/>
</associations>
</Column>
</columns>
<indexes itemClass="oracle.dbtools.crest.model.design.relational.Index">
<ind_PK_UK id="26112ADF-C1C1-3DFA-44E4-71AADB435BCC" name="CIDADE_PK">
<createdBy>Szulczewski</createdBy>
<createdTime>2016-08-02 21:42:11 UTC</createdTime>
<generatorID>C4F98F40-4C71-DC40-7111-6BA2D17E3B4D</generatorID>
<ownerDesignName>PIZZARIA</ownerDesignName>
<pk>true</pk>
<indexState>Primary Constraint</indexState>
<isSurrogateKey>false</isSurrogateKey>
<indexColumnUsage>
<colUsage columnID="6F37B8DA-5C34-CEB5-4D5A-332871912A6B"/>
</indexColumnUsage>
</ind_PK_UK>
<ind_PK_UK id="6B793E70-4CA0-54CB-8270-06BE78D85AA0" name="CIDADE_ESTADO_FK">
<createdBy>Szulczewski</createdBy>
<createdTime>2016-08-02 21:42:12 UTC</createdTime>
<generatorID>0C97A426-EA81-939A-1C25-6F5D570B77B3</generatorID>
<ownerDesignName>PIZZARIA</ownerDesignName>
<indexState>Foreign Key</indexState>
<isSurrogateKey>false</isSurrogateKey>
<indexColumnUsage>
<colUsage columnID="C939C4F3-390B-D1DA-CA3B-AC2072C1BD03"/>
</indexColumnUsage>
</ind_PK_UK>
</indexes>
</Table>