<?xml version = '1.0' encoding = 'UTF-8'?>
<Table class="oracle.dbtools.crest.model.design.relational.Table" directorySegmentName="seg_0" id="4B623B73-7920-3689-7F52-5228459D154D" name="TP_FILIAL">
<createdBy>Szulczewski</createdBy>
<createdTime>2016-08-02 21:42:12 UTC</createdTime>
<generatorID>3347E41E-695B-EFF4-B2AF-F930921637AC</generatorID>
<ownerDesignName>PIZZARIA</ownerDesignName>
<allowColumnReorder>false</allowColumnReorder>
<existDependencyGenerateInDDl>true</existDependencyGenerateInDDl>
<parsed>true</parsed>
<columns itemClass="oracle.dbtools.crest.model.design.relational.Column">
<Column name="CD_TIPO_FILIAL" id="3B8EB635-1003-0A57-BA8C-FFEE2DEDFBB1">
<createdBy>Szulczewski</createdBy>
<createdTime>2016-08-02 21:42:12 UTC</createdTime>
<generatorID>D6E5D4B1-AFE6-0C9B-E94C-BBE2AF9DD79C</generatorID>
<ownerDesignName>PIZZARIA</ownerDesignName>
<useDomainConstraints>false</useDomainConstraints>
<use>1</use>
<logicalDatatype>LOGDT019</logicalDatatype>
<dataTypePrecision>5</dataTypePrecision>
<autoIncrementCycle>false</autoIncrementCycle>
</Column>
<Column name="NM_TIPO_FILIAL" id="C56F3AFC-5F5D-27F5-0F1B-AFE21A9CE9FB">
<createdBy>Szulczewski</createdBy>
<createdTime>2016-08-02 21:42:12 UTC</createdTime>
<generatorID>AD6D5B69-5A32-BE72-592E-8D46AC8E9335</generatorID>
<ownerDesignName>PIZZARIA</ownerDesignName>
<useDomainConstraints>false</useDomainConstraints>
<use>1</use>
<logicalDatatype>LOGDT024</logicalDatatype>
<dataTypeSize>100</dataTypeSize>
<autoIncrementCycle>false</autoIncrementCycle>
</Column>
<Column name="DT_ABERTURA" id="EB4BBE4F-DDA4-09E9-9619-D0AA959B8DE0">
<createdBy>Szulczewski</createdBy>
<createdTime>2016-08-02 21:42:12 UTC</createdTime>
<generatorID>B14A8578-EF36-D9F0-7D01-251154CD4D92</generatorID>
<ownerDesignName>PIZZARIA</ownerDesignName>
<useDomainConstraints>false</useDomainConstraints>
<use>1</use>
<logicalDatatype>LOGDT007</logicalDatatype>
<autoIncrementCycle>false</autoIncrementCycle>
</Column>
<Column name="DT_REFORMA" id="8B8AAE89-57B9-79EF-36B8-FA808AD299BC">
<createdBy>Szulczewski</createdBy>
<createdTime>2016-08-02 21:42:12 UTC</createdTime>
<generatorID>26E2FF4A-F61A-A5D4-16B2-E06B2BC80A6E</generatorID>
<ownerDesignName>PIZZARIA</ownerDesignName>
<nullsAllowed>true</nullsAllowed>
<useDomainConstraints>false</useDomainConstraints>
<use>1</use>
<logicalDatatype>LOGDT007</logicalDatatype>
<autoIncrementCycle>false</autoIncrementCycle>
</Column>
<Column name="FILIAL_CD_FILIAL" id="19489776-E16A-B865-36E9-6714F883148B">
<createdBy>Szulczewski</createdBy>
<createdTime>2016-08-02 21:42:12 UTC</createdTime>
<generatorID>9A826C4D-95FF-A12D-6F90-1972FFC728B6</generatorID>
<ownerDesignName>PIZZARIA</ownerDesignName>
<useDomainConstraints>false</useDomainConstraints>
<use>1</use>
<logicalDatatype>LOGDT019</logicalDatatype>
<dataTypePrecision>3</dataTypePrecision>
<previousColumn>false</previousColumn>
<autoIncrementCycle>false</autoIncrementCycle>
<associations>
<colAssociation fkAssociation="1C46C4F6-C475-77DD-0083-44D7BDDF45D8" referredColumn="E652F311-D0A5-7EEE-22C7-9B8D9B0AEBFA"/>
</associations>
</Column>
</columns>
<indexes itemClass="oracle.dbtools.crest.model.design.relational.Index">
<ind_PK_UK id="55189435-E892-9956-0951-FEF09E61845A" name="TP_FILIAL_PK">
<createdBy>Szulczewski</createdBy>
<createdTime>2016-08-02 21:42:12 UTC</createdTime>
<generatorID>BECE2F62-8530-D140-6713-C6668BC237B4</generatorID>
<ownerDesignName>PIZZARIA</ownerDesignName>
<pk>true</pk>
<indexState>Primary Constraint</indexState>
<isSurrogateKey>false</isSurrogateKey>
<indexColumnUsage>
<colUsage columnID="3B8EB635-1003-0A57-BA8C-FFEE2DEDFBB1"/>
</indexColumnUsage>
</ind_PK_UK>
<ind_PK_UK id="9599A464-8DC4-0F7C-976A-FA492D6F0ECB" name="TP_FILIAL_FILIAL_FK">
<createdBy>Szulczewski</createdBy>
<createdTime>2016-08-02 21:42:12 UTC</createdTime>
<generatorID>54CE23F1-3913-0C93-845F-C60EE4472625</generatorID>
<ownerDesignName>PIZZARIA</ownerDesignName>
<indexState>Foreign Key</indexState>
<isSurrogateKey>false</isSurrogateKey>
<indexColumnUsage>
<colUsage columnID="19489776-E16A-B865-36E9-6714F883148B"/>
</indexColumnUsage>
</ind_PK_UK>
</indexes>
</Table>