<?xml version = '1.0' encoding = 'UTF-8'?>
<Table class="oracle.dbtools.crest.model.design.relational.Table" directorySegmentName="seg_0" id="4EB5D67C-605F-6263-D3B5-1448F90519AE" name="PRODUTO_IT">
<createdBy>Szulczewski</createdBy>
<createdTime>2016-08-02 21:42:12 UTC</createdTime>
<generatorID>E753D31F-19D0-F527-3D48-9733FB840E5C</generatorID>
<ownerDesignName>PIZZARIA</ownerDesignName>
<allowColumnReorder>false</allowColumnReorder>
<existDependencyGenerateInDDl>true</existDependencyGenerateInDDl>
<parsed>true</parsed>
<columns itemClass="oracle.dbtools.crest.model.design.relational.Column">
<Column name="PRODUTO_CD_PRODUTO" id="4AE66F34-B53D-1B4C-DFC6-FBBCBE864002">
<createdBy>Szulczewski</createdBy>
<createdTime>2016-08-03 00:41:50 UTC</createdTime>
<generatorID>B7E26DB3-65E4-B5B1-DD93-E5A713D843D7</generatorID>
<ownerDesignName>PIZZARIA</ownerDesignName>
<useDomainConstraints>false</useDomainConstraints>
<use>1</use>
<logicalDatatype>LOGDT019</logicalDatatype>
<dataTypePrecision>10</dataTypePrecision>
<previousColumn>false</previousColumn>
<autoIncrementCycle>false</autoIncrementCycle>
<associations>
<colAssociation fkAssociation="B8330EB5-EBB1-DF1E-3A02-100AF50A4D50" referredColumn="4BC2236F-661F-85BA-8B29-88CB465B57FB"/>
</associations>
</Column>
<Column name="COMBO_CD_COMBO" id="D48227DE-A2E9-BAF5-37C8-9592D70E4204">
<createdBy>Szulczewski</createdBy>
<createdTime>2016-08-03 00:49:31 UTC</createdTime>
<generatorID>2575589F-A4F8-CCDB-002D-F10504D0728A</generatorID>
<ownerDesignName>PIZZARIA</ownerDesignName>
<useDomainConstraints>false</useDomainConstraints>
<use>1</use>
<logicalDatatype>LOGDT019</logicalDatatype>
<dataTypePrecision>10</dataTypePrecision>
<previousColumn>false</previousColumn>
<autoIncrementCycle>false</autoIncrementCycle>
<associations>
<colAssociation fkAssociation="FC3AA90D-362B-EE54-EC1A-47A22738EB55" referredColumn="3CF9FD16-F311-F2A8-151E-720E4A5BDF2D"/>
</associations>
</Column>
<Column name="VL_UN_PRD_IT" id="F123BBD7-A26A-D468-6D65-A152AAAA04BB">
<createdBy>Szulczewski</createdBy>
<createdTime>2016-08-02 21:42:12 UTC</createdTime>
<generatorID>02271343-2002-EA26-D8E1-244A1A13CD00</generatorID>
<ownerDesignName>PIZZARIA</ownerDesignName>
<useDomainConstraints>false</useDomainConstraints>
<use>1</use>
<logicalDatatype>LOGDT019</logicalDatatype>
<dataTypePrecision>5</dataTypePrecision>
<dataTypeScale>2</dataTypeScale>
<autoIncrementCycle>false</autoIncrementCycle>
</Column>
</columns>
<indexes itemClass="oracle.dbtools.crest.model.design.relational.Index">
<ind_PK_UK id="CEBA07CE-A1F5-0BEB-B52F-63958326B73A" name="PRODUTO_IT_PK">
<createdBy>Szulczewski</createdBy>
<createdTime>2016-08-02 21:42:12 UTC</createdTime>
<generatorID>85D81F97-0FFB-F36C-86C8-81CF1E7E2B58</generatorID>
<ownerDesignName>PIZZARIA</ownerDesignName>
<pk>true</pk>
<indexState>Primary Constraint</indexState>
<isSurrogateKey>false</isSurrogateKey>
<indexColumnUsage>
<colUsage columnID="4AE66F34-B53D-1B4C-DFC6-FBBCBE864002"/>
<colUsage columnID="D48227DE-A2E9-BAF5-37C8-9592D70E4204"/>
</indexColumnUsage>
</ind_PK_UK>
<ind_PK_UK id="F50F052D-9BDA-EE51-5E07-85D5DA0DC86B" name="PRODUTO_IT_PRODUTO_FK">
<createdBy>Szulczewski</createdBy>
<createdTime>2016-08-03 00:41:50 UTC</createdTime>
<generatorID>B71F81DF-B0DD-D8BC-B118-7C45611F7062</generatorID>
<ownerDesignName>PIZZARIA</ownerDesignName>
<indexState>Foreign Key</indexState>
<isSurrogateKey>false</isSurrogateKey>
<indexColumnUsage>
<colUsage columnID="4AE66F34-B53D-1B4C-DFC6-FBBCBE864002"/>
</indexColumnUsage>
</ind_PK_UK>
<ind_PK_UK id="72C0AA26-6304-7656-0BC2-ED65259A182D" name="PRODUTO_IT_COMBO_FK">
<createdBy>Szulczewski</createdBy>
<createdTime>2016-08-03 00:51:02 UTC</createdTime>
<generatorID>7C8B9517-89EB-9D88-6513-036662BB3C08</generatorID>
<ownerDesignName>PIZZARIA</ownerDesignName>
<indexState>Foreign Key</indexState>
<isSurrogateKey>false</isSurrogateKey>
<indexColumnUsage>
<colUsage columnID="D48227DE-A2E9-BAF5-37C8-9592D70E4204"/>
</indexColumnUsage>
</ind_PK_UK>
</indexes>
</Table>