<?xml version = '1.0' encoding = 'UTF-8'?>
<Table class="oracle.dbtools.crest.model.design.relational.Table" directorySegmentName="seg_0" id="5FA8731A-C07A-2437-1D6B-FDC3C5E67FAE" name="PAGAMENTO">
<createdBy>Szulczewski</createdBy>
<createdTime>2016-08-02 21:42:12 UTC</createdTime>
<generatorID>55C87344-6A09-B548-158D-BCC65F92C957</generatorID>
<ownerDesignName>PIZZARIA</ownerDesignName>
<allowColumnReorder>false</allowColumnReorder>
<existDependencyGenerateInDDl>true</existDependencyGenerateInDDl>
<parsed>true</parsed>
<columns itemClass="oracle.dbtools.crest.model.design.relational.Column">
<Column name="CD_PAGTO" id="030BED05-5BAE-89A8-7757-CB946A4577EF">
<createdBy>Szulczewski</createdBy>
<createdTime>2016-08-02 21:42:12 UTC</createdTime>
<generatorID>66098696-3371-BFD4-F158-FA6CB171AA6E</generatorID>
<ownerDesignName>PIZZARIA</ownerDesignName>
<useDomainConstraints>false</useDomainConstraints>
<use>1</use>
<logicalDatatype>LOGDT019</logicalDatatype>
<dataTypePrecision>10</dataTypePrecision>
<autoIncrementCycle>false</autoIncrementCycle>
</Column>
<Column name="PEDIDO_CD_PEDIDO" id="616A70E6-BC74-2CC7-FEDD-054575C949B2">
<createdBy>Szulczewski</createdBy>
<createdTime>2016-08-02 21:42:12 UTC</createdTime>
<generatorID>B785E4D2-58A7-FE61-5FEB-CED5F51D55CD</generatorID>
<ownerDesignName>PIZZARIA</ownerDesignName>
<useDomainConstraints>false</useDomainConstraints>
<use>1</use>
<logicalDatatype>LOGDT019</logicalDatatype>
<dataTypePrecision>10</dataTypePrecision>
<previousColumn>false</previousColumn>
<autoIncrementCycle>false</autoIncrementCycle>
<associations>
<colAssociation fkAssociation="4301EF40-46B6-D13C-408D-4EDB8EA715AF" referredColumn="DE9E0C98-8D1B-D073-EA3B-57F20DAA3B63"/>
</associations>
</Column>
<Column name="VL_PAGTO" id="6555B870-5716-E8EA-2963-39A45B2287BF">
<createdBy>Szulczewski</createdBy>
<createdTime>2016-08-02 21:42:12 UTC</createdTime>
<generatorID>AF3A7571-28D3-309E-4095-EBE61C835875</generatorID>
<ownerDesignName>PIZZARIA</ownerDesignName>
<useDomainConstraints>false</useDomainConstraints>
<use>1</use>
<logicalDatatype>LOGDT019</logicalDatatype>
<dataTypePrecision>5</dataTypePrecision>
<dataTypeScale>2</dataTypeScale>
<autoIncrementCycle>false</autoIncrementCycle>
</Column>
<Column name="DT_PAGTO" id="3514C44F-D2C5-B9AB-0E11-1DB0E64EE8DD">
<createdBy>Szulczewski</createdBy>
<createdTime>2016-08-02 21:42:12 UTC</createdTime>
<generatorID>1C5FC53E-4890-16F4-58D2-F6BD11A8C985</generatorID>
<ownerDesignName>PIZZARIA</ownerDesignName>
<useDomainConstraints>false</useDomainConstraints>
<use>1</use>
<logicalDatatype>LOGDT007</logicalDatatype>
<autoIncrementCycle>false</autoIncrementCycle>
</Column>
<Column name="TP_PAGAMENTO" id="A8DBABC6-09D2-BE30-F134-F124FDF3E5B4">
<createdBy>Szulczewski</createdBy>
<createdTime>2016-08-02 21:42:12 UTC</createdTime>
<generatorID>5F5E02D4-AC4A-03FE-E82B-305B3F295BD8</generatorID>
<ownerDesignName>PIZZARIA</ownerDesignName>
<useDomainConstraints>false</useDomainConstraints>
<use>1</use>
<logicalDatatype>LOGDT024</logicalDatatype>
<dataTypeSize>100</dataTypeSize>
<autoIncrementCycle>false</autoIncrementCycle>
</Column>
<Column name="PEDIDO_CLIENTE_CD_CLIENTE" id="150050C4-B051-84BD-4D4A-B79554BD0657">
<createdBy>Szulczewski</createdBy>
<createdTime>2016-08-03 00:41:50 UTC</createdTime>
<comment>CÓDIGO DO CLIENTE</comment>
<generatorID>28B6A003-5996-B751-29CB-1560E6AFABD0</generatorID>
<ownerDesignName>PIZZARIA</ownerDesignName>
<useDomainConstraints>false</useDomainConstraints>
<use>1</use>
<logicalDatatype>LOGDT019</logicalDatatype>
<dataTypePrecision>7</dataTypePrecision>
<previousColumn>false</previousColumn>
<autoIncrementCycle>false</autoIncrementCycle>
</Column>
<Column name="CD_PRODUTO" id="FFAAC416-0E57-04E8-E23C-CDB120BC91D6">
<createdBy>Szulczewski</createdBy>
<createdTime>2016-08-03 00:41:50 UTC</createdTime>
<generatorID>E0CD3597-20D7-C854-1BF8-EFC031EEBB71</generatorID>
<ownerDesignName>PIZZARIA</ownerDesignName>
<useDomainConstraints>false</useDomainConstraints>
<use>1</use>
<logicalDatatype>LOGDT019</logicalDatatype>
<dataTypePrecision>10</dataTypePrecision>
<previousColumn>false</previousColumn>
<autoIncrementCycle>false</autoIncrementCycle>
<associations>
<colAssociation fkAssociation="4301EF40-46B6-D13C-408D-4EDB8EA715AF" referredColumn="93428F6A-7567-401C-2DB8-E61037DF2B83"/>
</associations>
</Column>
<Column name="CD_COMBO" id="8DB2296C-663C-D37B-17AA-C965F8ED8457">
<createdBy>Szulczewski</createdBy>
<createdTime>2016-08-03 00:41:50 UTC</createdTime>
<generatorID>C67434BB-5653-2877-7C26-2B4F6E5162E2</generatorID>
<ownerDesignName>PIZZARIA</ownerDesignName>
<useDomainConstraints>false</useDomainConstraints>
<use>1</use>
<logicalDatatype>LOGDT019</logicalDatatype>
<dataTypePrecision>10</dataTypePrecision>
<previousColumn>false</previousColumn>
<autoIncrementCycle>false</autoIncrementCycle>
<associations>
<colAssociation fkAssociation="4301EF40-46B6-D13C-408D-4EDB8EA715AF" referredColumn="087FD270-D02C-E134-3B52-4031C6ABE4CC"/>
</associations>
</Column>
</columns>
<indexes itemClass="oracle.dbtools.crest.model.design.relational.Index">
<ind_PK_UK id="9662C84A-48BA-6F7D-D282-78FE59EBBB6C" name="PAGAMENTO_PK">
<createdBy>Szulczewski</createdBy>
<createdTime>2016-08-02 21:42:12 UTC</createdTime>
<generatorID>E1DFB0BF-A8D3-3671-DA77-BB46195261E9</generatorID>
<ownerDesignName>PIZZARIA</ownerDesignName>
<pk>true</pk>
<indexState>Primary Constraint</indexState>
<isSurrogateKey>false</isSurrogateKey>
<indexColumnUsage>
<colUsage columnID="030BED05-5BAE-89A8-7757-CB946A4577EF"/>
<colUsage columnID="616A70E6-BC74-2CC7-FEDD-054575C949B2"/>
<colUsage columnID="FFAAC416-0E57-04E8-E23C-CDB120BC91D6"/>
<colUsage columnID="8DB2296C-663C-D37B-17AA-C965F8ED8457"/>
</indexColumnUsage>
</ind_PK_UK>
<ind_PK_UK id="3B2535B2-8FF4-4C9A-DFA9-9AD9798F3DD7" name="PAGAMENTO_PEDIDO_FK">
<createdBy>Szulczewski</createdBy>
<createdTime>2016-08-02 21:42:12 UTC</createdTime>
<generatorID>AAF35BF0-271C-3660-92C6-4AA0F68B4E5A</generatorID>
<ownerDesignName>PIZZARIA</ownerDesignName>
<indexState>Foreign Key</indexState>
<isSurrogateKey>false</isSurrogateKey>
<indexColumnUsage>
<colUsage columnID="616A70E6-BC74-2CC7-FEDD-054575C949B2"/>
<colUsage columnID="FFAAC416-0E57-04E8-E23C-CDB120BC91D6"/>
<colUsage columnID="8DB2296C-663C-D37B-17AA-C965F8ED8457"/>
</indexColumnUsage>
</ind_PK_UK>
</indexes>
</Table>