<?xml version = '1.0' encoding = 'UTF-8'?>
<Table class="oracle.dbtools.crest.model.design.relational.Table" directorySegmentName="seg_0" id="6B8F1FAD-8C17-879A-B64A-13F5D9859300" name="PEDIDO">
<createdBy>Szulczewski</createdBy>
<createdTime>2016-08-02 21:42:12 UTC</createdTime>
<generatorID>416FFD3C-F077-A55A-E8F7-2CD4EF50CFA0</generatorID>
<ownerDesignName>PIZZARIA</ownerDesignName>
<allowColumnReorder>false</allowColumnReorder>
<existDependencyGenerateInDDl>true</existDependencyGenerateInDDl>
<parsed>true</parsed>
<columns itemClass="oracle.dbtools.crest.model.design.relational.Column">
<Column name="CD_PEDIDO" id="DE9E0C98-8D1B-D073-EA3B-57F20DAA3B63">
<createdBy>Szulczewski</createdBy>
<createdTime>2016-08-02 21:42:12 UTC</createdTime>
<generatorID>02783DAE-3485-8A4F-13BF-0CBB5F0398A4</generatorID>
<ownerDesignName>PIZZARIA</ownerDesignName>
<useDomainConstraints>false</useDomainConstraints>
<use>1</use>
<logicalDatatype>LOGDT019</logicalDatatype>
<dataTypePrecision>10</dataTypePrecision>
<autoIncrementCycle>false</autoIncrementCycle>
</Column>
<Column name="PRODUTO_IT_PRODUTO_CD_PRODUTO" id="93428F6A-7567-401C-2DB8-E61037DF2B83">
<createdBy>Szulczewski</createdBy>
<createdTime>2016-08-03 00:41:50 UTC</createdTime>
<generatorID>51DDC218-2BA9-CECD-F3A6-700CB292CE7F</generatorID>
<ownerDesignName>PIZZARIA</ownerDesignName>
<useDomainConstraints>false</useDomainConstraints>
<use>1</use>
<logicalDatatype>LOGDT019</logicalDatatype>
<dataTypePrecision>10</dataTypePrecision>
<previousColumn>false</previousColumn>
<autoIncrementCycle>false</autoIncrementCycle>
<associations>
<colAssociation fkAssociation="6641BC3A-4DBC-05CA-1D51-5AB50EA81604" referredColumn="4AE66F34-B53D-1B4C-DFC6-FBBCBE864002"/>
</associations>
</Column>
<Column name="CD_COMBO" id="087FD270-D02C-E134-3B52-4031C6ABE4CC">
<createdBy>Szulczewski</createdBy>
<createdTime>2016-08-03 00:41:50 UTC</createdTime>
<generatorID>BF131A49-01E2-F910-57D9-EC8600CC5338</generatorID>
<ownerDesignName>PIZZARIA</ownerDesignName>
<useDomainConstraints>false</useDomainConstraints>
<use>1</use>
<logicalDatatype>LOGDT019</logicalDatatype>
<dataTypePrecision>10</dataTypePrecision>
<previousColumn>false</previousColumn>
<autoIncrementCycle>false</autoIncrementCycle>
<associations>
<colAssociation fkAssociation="6641BC3A-4DBC-05CA-1D51-5AB50EA81604" referredColumn="D48227DE-A2E9-BAF5-37C8-9592D70E4204"/>
</associations>
</Column>
<Column name="DT_PEDIDO" id="415C143E-1A92-AF22-EC45-B6F1B3BFABC4">
<createdBy>Szulczewski</createdBy>
<createdTime>2016-08-02 21:42:12 UTC</createdTime>
<generatorID>AB19D86D-0303-AD07-5000-B022F946B8ED</generatorID>
<ownerDesignName>PIZZARIA</ownerDesignName>
<nullsAllowed>true</nullsAllowed>
<useDomainConstraints>false</useDomainConstraints>
<use>1</use>
<logicalDatatype>LOGDT007</logicalDatatype>
<autoIncrementCycle>false</autoIncrementCycle>
</Column>
<Column name="VL_PEDIDO" id="22348353-7CF3-9546-9F5F-F89CC50EB1E2">
<createdBy>Szulczewski</createdBy>
<createdTime>2016-08-02 21:42:12 UTC</createdTime>
<generatorID>BD9E2F04-71D3-F573-162B-075993DDBCBB</generatorID>
<ownerDesignName>PIZZARIA</ownerDesignName>
<useDomainConstraints>false</useDomainConstraints>
<use>1</use>
<logicalDatatype>LOGDT019</logicalDatatype>
<dataTypePrecision>7</dataTypePrecision>
<dataTypeScale>2</dataTypeScale>
<autoIncrementCycle>false</autoIncrementCycle>
</Column>
<Column name="CLIENTE_CD_CLIENTE" id="60A2570F-C810-980F-5A12-85717D3DF995">
<createdBy>Szulczewski</createdBy>
<createdTime>2016-08-02 21:42:12 UTC</createdTime>
<comment>CÓDIGO DO CLIENTE</comment>
<generatorID>3BF9EED6-2B8A-9AC2-3BF4-68B259039408</generatorID>
<ownerDesignName>PIZZARIA</ownerDesignName>
<useDomainConstraints>false</useDomainConstraints>
<use>1</use>
<logicalDatatype>LOGDT019</logicalDatatype>
<dataTypePrecision>7</dataTypePrecision>
<previousColumn>false</previousColumn>
<autoIncrementCycle>false</autoIncrementCycle>
<associations>
<colAssociation fkAssociation="A8FD5669-199C-5E68-B8B5-1B341C0FE5E4" referredColumn="8E587126-9D16-C323-3996-CB126D0ECEFC"/>
</associations>
</Column>
<Column name="FUNCIONARIO_CD_FUNCIONARIO" id="C0E0EDEF-9F5A-20DA-E68F-63E34BA46B6C">
<createdBy>Szulczewski</createdBy>
<createdTime>2016-08-02 21:42:12 UTC</createdTime>
<generatorID>99CCC27D-2412-C729-7B0F-8BEE8AEDDC21</generatorID>
<ownerDesignName>PIZZARIA</ownerDesignName>
<useDomainConstraints>false</useDomainConstraints>
<use>1</use>
<logicalDatatype>LOGDT019</logicalDatatype>
<dataTypePrecision>10</dataTypePrecision>
<previousColumn>false</previousColumn>
<autoIncrementCycle>false</autoIncrementCycle>
<associations>
<colAssociation fkAssociation="1DC48E27-4A7D-EDFF-C839-E56554F450EA" referredColumn="017E5B38-9C32-A0F5-5541-A3CEF481A363"/>
</associations>
</Column>
</columns>
<indexes itemClass="oracle.dbtools.crest.model.design.relational.Index">
<ind_PK_UK id="D8B75FCB-C821-4223-EA03-EE7F8D4BBDA0" name="PEDIDO_PK">
<createdBy>Szulczewski</createdBy>
<createdTime>2016-08-02 21:42:12 UTC</createdTime>
<generatorID>C1C290D7-4C33-C37F-01C1-62D720AD65BE</generatorID>
<ownerDesignName>PIZZARIA</ownerDesignName>
<pk>true</pk>
<indexState>Primary Constraint</indexState>
<isSurrogateKey>false</isSurrogateKey>
<indexColumnUsage>
<colUsage columnID="DE9E0C98-8D1B-D073-EA3B-57F20DAA3B63"/>
<colUsage columnID="93428F6A-7567-401C-2DB8-E61037DF2B83"/>
<colUsage columnID="087FD270-D02C-E134-3B52-4031C6ABE4CC"/>
</indexColumnUsage>
</ind_PK_UK>
<ind_PK_UK id="20B232B3-A5A6-8B7A-DE8E-E96A891C1058" name="PEDIDO_CLIENTE_FK">
<createdBy>Szulczewski</createdBy>
<createdTime>2016-08-02 21:42:12 UTC</createdTime>
<generatorID>753C5273-0409-A846-2A63-9B51A60C169A</generatorID>
<ownerDesignName>PIZZARIA</ownerDesignName>
<indexState>Foreign Key</indexState>
<isSurrogateKey>false</isSurrogateKey>
<indexColumnUsage>
<colUsage columnID="60A2570F-C810-980F-5A12-85717D3DF995"/>
</indexColumnUsage>
</ind_PK_UK>
<ind_PK_UK id="3C06387C-9B31-21DF-59FD-DB44C90AE3AC" name="PEDIDO_FUNCIONARIO_FK">
<createdBy>Szulczewski</createdBy>
<createdTime>2016-08-02 21:42:12 UTC</createdTime>
<generatorID>089900E5-FA81-3F14-AF76-5E699F893E7A</generatorID>
<ownerDesignName>PIZZARIA</ownerDesignName>
<indexState>Foreign Key</indexState>
<isSurrogateKey>false</isSurrogateKey>
<indexColumnUsage>
<colUsage columnID="C0E0EDEF-9F5A-20DA-E68F-63E34BA46B6C"/>
</indexColumnUsage>
</ind_PK_UK>
<ind_PK_UK id="29AA2B52-3857-DE6F-1488-F85963193B3F" name="PEDIDO_PRODUTO_IT_FK">
<createdBy>Szulczewski</createdBy>
<createdTime>2016-08-03 00:41:50 UTC</createdTime>
<generatorID>F935D35F-7BD8-B266-A4BE-9F376B772C1B</generatorID>
<ownerDesignName>PIZZARIA</ownerDesignName>
<indexState>Foreign Key</indexState>
<isSurrogateKey>false</isSurrogateKey>
<indexColumnUsage>
<colUsage columnID="93428F6A-7567-401C-2DB8-E61037DF2B83"/>
<colUsage columnID="087FD270-D02C-E134-3B52-4031C6ABE4CC"/>
</indexColumnUsage>
</ind_PK_UK>
</indexes>
</Table>