<?xml version = '1.0' encoding = 'UTF-8'?>
<Table class="oracle.dbtools.crest.model.design.relational.Table" directorySegmentName="seg_0" id="9A961633-653F-4FD5-80C2-84F81820FFBC" name="PRODUTO">
<createdBy>Szulczewski</createdBy>
<createdTime>2016-08-02 21:42:12 UTC</createdTime>
<generatorID>CC3B4581-0DF0-FB88-5BED-50F9D608507F</generatorID>
<ownerDesignName>PIZZARIA</ownerDesignName>
<allowColumnReorder>false</allowColumnReorder>
<existDependencyGenerateInDDl>true</existDependencyGenerateInDDl>
<parsed>true</parsed>
<columns itemClass="oracle.dbtools.crest.model.design.relational.Column">
<Column name="CD_PRODUTO" id="4BC2236F-661F-85BA-8B29-88CB465B57FB">
<createdBy>Szulczewski</createdBy>
<createdTime>2016-08-02 21:42:12 UTC</createdTime>
<generatorID>F90DC066-D6F5-69DF-7965-6593C087D986</generatorID>
<ownerDesignName>PIZZARIA</ownerDesignName>
<useDomainConstraints>false</useDomainConstraints>
<use>1</use>
<logicalDatatype>LOGDT019</logicalDatatype>
<dataTypePrecision>10</dataTypePrecision>
<autoIncrementCycle>false</autoIncrementCycle>
</Column>
<Column name="NM_PRODUTO" id="796F2527-6067-49F9-FD4C-C917BC9E1F04">
<createdBy>Szulczewski</createdBy>
<createdTime>2016-08-02 21:42:12 UTC</createdTime>
<generatorID>1F7BBF37-D8BB-0EE5-9588-8A7D9BF6A383</generatorID>
<ownerDesignName>PIZZARIA</ownerDesignName>
<useDomainConstraints>false</useDomainConstraints>
<use>1</use>
<logicalDatatype>LOGDT024</logicalDatatype>
<dataTypeSize>100</dataTypeSize>
<autoIncrementCycle>false</autoIncrementCycle>
</Column>
<Column name="VL_PRODUTO" id="54F02536-37EE-2F58-B820-038A45FA3D77">
<createdBy>Szulczewski</createdBy>
<createdTime>2016-08-02 21:42:12 UTC</createdTime>
<generatorID>6C63A75B-660B-CA63-31EA-FBD2739A552C</generatorID>
<ownerDesignName>PIZZARIA</ownerDesignName>
<useDomainConstraints>false</useDomainConstraints>
<use>1</use>
<logicalDatatype>LOGDT019</logicalDatatype>
<dataTypePrecision>5</dataTypePrecision>
<dataTypeScale>2</dataTypeScale>
<autoIncrementCycle>false</autoIncrementCycle>
</Column>
<Column name="CATEGORIA_CD_CATEGORIA" id="4AE43FD2-56C4-8B14-02BD-B1423C1B818E">
<createdBy>Szulczewski</createdBy>
<createdTime>2016-08-02 21:42:12 UTC</createdTime>
<comment>CÓDIGO DA CATEGORIA</comment>
<generatorID>51EFFA2C-C334-161C-E5E6-3FACEF3BCBC0</generatorID>
<ownerDesignName>PIZZARIA</ownerDesignName>
<useDomainConstraints>false</useDomainConstraints>
<use>1</use>
<logicalDatatype>LOGDT019</logicalDatatype>
<dataTypePrecision>10</dataTypePrecision>
<previousColumn>false</previousColumn>
<autoIncrementCycle>false</autoIncrementCycle>
<associations>
<colAssociation fkAssociation="7F58AD9A-1BD4-4ABB-5147-938FDDBBD750" referredColumn="E2D108DE-675D-0939-CE49-2450CB26D3B6"/>
</associations>
</Column>
<Column name="DS_PRODUTO" id="A9603458-2D5E-FCE5-9C6D-7FCAD71E42CB">
<createdBy>Szulczewski</createdBy>
<createdTime>2016-08-02 21:42:12 UTC</createdTime>
<generatorID>AA174C0E-8B7C-C276-655C-9215689E2F6E</generatorID>
<ownerDesignName>PIZZARIA</ownerDesignName>
<useDomainConstraints>false</useDomainConstraints>
<use>1</use>
<logicalDatatype>LOGDT024</logicalDatatype>
<dataTypeSize>500</dataTypeSize>
<autoIncrementCycle>false</autoIncrementCycle>
</Column>
</columns>
<indexes itemClass="oracle.dbtools.crest.model.design.relational.Index">
<ind_PK_UK id="211E575F-5B07-8FDA-51C0-9D39C277AD69" name="PRODUTO_PK">
<createdBy>Szulczewski</createdBy>
<createdTime>2016-08-02 21:42:12 UTC</createdTime>
<generatorID>3EADAE5B-8169-A2CD-2126-96D5A4DBC133</generatorID>
<ownerDesignName>PIZZARIA</ownerDesignName>
<pk>true</pk>
<indexState>Primary Constraint</indexState>
<isSurrogateKey>false</isSurrogateKey>
<indexColumnUsage>
<colUsage columnID="4BC2236F-661F-85BA-8B29-88CB465B57FB"/>
</indexColumnUsage>
</ind_PK_UK>
<ind_PK_UK id="77BB8BF5-9334-57E8-AF3F-DD267948FC99" name="PRODUTO_CATEGORIA_FK">
<createdBy>Szulczewski</createdBy>
<createdTime>2016-08-02 21:42:12 UTC</createdTime>
<generatorID>1A3522F5-AA0A-38DA-A683-9ACF39C597AD</generatorID>
<ownerDesignName>PIZZARIA</ownerDesignName>
<indexState>Foreign Key</indexState>
<isSurrogateKey>false</isSurrogateKey>
<indexColumnUsage>
<colUsage columnID="4AE43FD2-56C4-8B14-02BD-B1423C1B818E"/>
</indexColumnUsage>
</ind_PK_UK>
</indexes>
</Table>