<?xml version = '1.0' encoding = 'UTF-8'?>
<Table class="oracle.dbtools.crest.model.design.relational.Table" directorySegmentName="seg_0" id="C80F7251-CF3F-0D29-8943-F578791511AF" name="COMBO">
<createdBy>Szulczewski</createdBy>
<createdTime>2016-08-02 21:42:11 UTC</createdTime>
<generatorID>D229099B-42B5-032C-D630-280A63553ADE</generatorID>
<ownerDesignName>PIZZARIA</ownerDesignName>
<allowColumnReorder>false</allowColumnReorder>
<existDependencyGenerateInDDl>true</existDependencyGenerateInDDl>
<parsed>true</parsed>
<columns itemClass="oracle.dbtools.crest.model.design.relational.Column">
<Column name="CD_COMBO" id="3CF9FD16-F311-F2A8-151E-720E4A5BDF2D">
<createdBy>Szulczewski</createdBy>
<createdTime>2016-08-02 21:42:12 UTC</createdTime>
<generatorID>9DDC4B99-805C-2AC3-FEBE-00DD9BFEA8FA</generatorID>
<ownerDesignName>PIZZARIA</ownerDesignName>
<useDomainConstraints>false</useDomainConstraints>
<use>1</use>
<logicalDatatype>LOGDT019</logicalDatatype>
<dataTypePrecision>10</dataTypePrecision>
<autoIncrementCycle>false</autoIncrementCycle>
</Column>
<Column name="NM_COMBO" id="5CC36651-B9D8-42A7-48DA-0FA8BC84E0E5">
<createdBy>Szulczewski</createdBy>
<createdTime>2016-08-02 21:42:12 UTC</createdTime>
<generatorID>7830CCEB-970C-E52D-CF7B-61AA6BAA8E6A</generatorID>
<ownerDesignName>PIZZARIA</ownerDesignName>
<useDomainConstraints>false</useDomainConstraints>
<use>1</use>
<logicalDatatype>LOGDT024</logicalDatatype>
<dataTypeSize>100</dataTypeSize>
<autoIncrementCycle>false</autoIncrementCycle>
</Column>
<Column name="INICIO_VND_COMBO" id="456E4158-900A-4896-4BA5-349931D257D2">
<createdBy>Szulczewski</createdBy>
<createdTime>2016-08-02 21:42:12 UTC</createdTime>
<generatorID>69166179-1467-5293-CFE5-E98421527D11</generatorID>
<ownerDesignName>PIZZARIA</ownerDesignName>
<nullsAllowed>true</nullsAllowed>
<useDomainConstraints>false</useDomainConstraints>
<use>1</use>
<logicalDatatype>LOGDT007</logicalDatatype>
<autoIncrementCycle>false</autoIncrementCycle>
</Column>
<Column name="FIM_VND_COMBO" id="4ECC7504-8917-C436-244D-563B5F415E93">
<createdBy>Szulczewski</createdBy>
<createdTime>2016-08-02 21:42:12 UTC</createdTime>
<generatorID>32840BF6-BC8A-0076-6B4A-AFEBB43DD925</generatorID>
<ownerDesignName>PIZZARIA</ownerDesignName>
<nullsAllowed>true</nullsAllowed>
<useDomainConstraints>false</useDomainConstraints>
<use>1</use>
<logicalDatatype>LOGDT007</logicalDatatype>
<autoIncrementCycle>false</autoIncrementCycle>
</Column>
<Column name="DS_COMBO" id="ABF48FD9-EDC6-F72E-0E3E-62F11A4E3D87">
<createdBy>Szulczewski</createdBy>
<createdTime>2016-08-02 21:42:12 UTC</createdTime>
<generatorID>57602A5F-C03F-6115-EC52-D617E737BB9B</generatorID>
<ownerDesignName>PIZZARIA</ownerDesignName>
<useDomainConstraints>false</useDomainConstraints>
<use>1</use>
<logicalDatatype>LOGDT024</logicalDatatype>
<dataTypeSize>500</dataTypeSize>
<autoIncrementCycle>false</autoIncrementCycle>
</Column>
<Column name="VL_COMBO" id="A44621F6-30A9-7C82-3954-3DD03B3F4B54">
<createdBy>Szulczewski</createdBy>
<createdTime>2016-08-02 21:42:12 UTC</createdTime>
<generatorID>55E7D38E-85F2-6BEB-91D3-21B46FC91C63</generatorID>
<ownerDesignName>PIZZARIA</ownerDesignName>
<useDomainConstraints>false</useDomainConstraints>
<use>1</use>
<logicalDatatype>LOGDT019</logicalDatatype>
<dataTypePrecision>5</dataTypePrecision>
<dataTypeScale>2</dataTypeScale>
<autoIncrementCycle>false</autoIncrementCycle>
</Column>
<Column name="CATEGORIA_CD_CATEGORIA" id="FE07F1E6-86BB-5D22-60F2-BB6352390C8A">
<createdBy>Szulczewski</createdBy>
<createdTime>2016-08-02 21:42:12 UTC</createdTime>
<comment>CÓDIGO DA CATEGORIA</comment>
<generatorID>4B3CDE24-198A-0679-C869-8B0FF30A6144</generatorID>
<ownerDesignName>PIZZARIA</ownerDesignName>
<useDomainConstraints>false</useDomainConstraints>
<use>1</use>
<logicalDatatype>LOGDT019</logicalDatatype>
<dataTypePrecision>10</dataTypePrecision>
<previousColumn>false</previousColumn>
<autoIncrementCycle>false</autoIncrementCycle>
<associations>
<colAssociation fkAssociation="7392AB1B-4586-B8E3-4866-92F530C73431" referredColumn="E2D108DE-675D-0939-CE49-2450CB26D3B6"/>
</associations>
</Column>
<Column name="PRODUTO_CD_PRODUTO" id="7A7CEFBA-BAA8-682E-6A5A-E00143C2F1E0">
<createdBy>Szulczewski</createdBy>
<createdTime>2016-08-03 00:41:50 UTC</createdTime>
<generatorID>0403B948-AC54-68EB-9BCF-4F0D94D3DBEF</generatorID>
<ownerDesignName>PIZZARIA</ownerDesignName>
<useDomainConstraints>false</useDomainConstraints>
<use>1</use>
<logicalDatatype>LOGDT019</logicalDatatype>
<dataTypePrecision>10</dataTypePrecision>
<previousColumn>false</previousColumn>
<autoIncrementCycle>false</autoIncrementCycle>
<associations>
<colAssociation fkAssociation="FCF5AC93-46B5-9725-2F88-F6F73F49FD0F" referredColumn="4BC2236F-661F-85BA-8B29-88CB465B57FB"/>
</associations>
</Column>
</columns>
<indexes itemClass="oracle.dbtools.crest.model.design.relational.Index">
<ind_PK_UK id="09844181-1F01-4700-7238-B5F4F41F6B33" name="COMBO_PK">
<createdBy>Szulczewski</createdBy>
<createdTime>2016-08-02 21:42:12 UTC</createdTime>
<generatorID>0E3DC17E-0310-C1D0-981A-F499B8A4C70E</generatorID>
<ownerDesignName>PIZZARIA</ownerDesignName>
<pk>true</pk>
<indexState>Primary Constraint</indexState>
<isSurrogateKey>false</isSurrogateKey>
<indexColumnUsage>
<colUsage columnID="3CF9FD16-F311-F2A8-151E-720E4A5BDF2D"/>
</indexColumnUsage>
</ind_PK_UK>
<ind_PK_UK id="AB2D7BAD-67CE-B4F6-F789-7CB8B6A47EF9" name="COMBO_CATEGORIA_FK">
<createdBy>Szulczewski</createdBy>
<createdTime>2016-08-02 21:42:12 UTC</createdTime>
<generatorID>0C7AD577-8B00-0C96-4D27-DBE996057D7C</generatorID>
<ownerDesignName>PIZZARIA</ownerDesignName>
<indexState>Foreign Key</indexState>
<isSurrogateKey>false</isSurrogateKey>
<indexColumnUsage>
<colUsage columnID="FE07F1E6-86BB-5D22-60F2-BB6352390C8A"/>
</indexColumnUsage>
</ind_PK_UK>
<ind_PK_UK id="FACEC6FF-EBF8-7D32-4D19-D882BE65F7F0" name="COMBO_PRODUTO_FK">
<createdBy>Szulczewski</createdBy>
<createdTime>2016-08-03 00:41:50 UTC</createdTime>
<generatorID>46BCE878-2F54-887E-377A-46BBF4C94EDE</generatorID>
<ownerDesignName>PIZZARIA</ownerDesignName>
<indexState>Foreign Key</indexState>
<isSurrogateKey>false</isSurrogateKey>
<indexColumnUsage>
<colUsage columnID="7A7CEFBA-BAA8-682E-6A5A-E00143C2F1E0"/>
</indexColumnUsage>
</ind_PK_UK>
</indexes>
</Table>