<?xml version = '1.0' encoding = 'UTF-8'?>
<Table class="oracle.dbtools.crest.model.design.relational.Table" directorySegmentName="seg_0" id="E05BA39E-81E1-E10B-E38A-94408D5B0CE3" name="CATEGORIA">
<createdBy>Szulczewski</createdBy>
<createdTime>2016-08-02 21:42:11 UTC</createdTime>
<generatorID>3757CA67-2CE7-5E05-E7E3-30B77C5BB2EC</generatorID>
<ownerDesignName>PIZZARIA</ownerDesignName>
<allowColumnReorder>false</allowColumnReorder>
<existDependencyGenerateInDDl>true</existDependencyGenerateInDDl>
<parsed>true</parsed>
<columns itemClass="oracle.dbtools.crest.model.design.relational.Column">
<Column name="CD_CATEGORIA" id="E2D108DE-675D-0939-CE49-2450CB26D3B6">
<createdBy>Szulczewski</createdBy>
<createdTime>2016-08-02 21:42:11 UTC</createdTime>
<comment>CÓDIGO DA CATEGORIA</comment>
<generatorID>BEE463D9-4549-6506-1909-158C985DA58A</generatorID>
<ownerDesignName>PIZZARIA</ownerDesignName>
<useDomainConstraints>false</useDomainConstraints>
<use>1</use>
<logicalDatatype>LOGDT019</logicalDatatype>
<dataTypePrecision>10</dataTypePrecision>
<autoIncrementCycle>false</autoIncrementCycle>
</Column>
<Column name="NM_CATEGORIA" id="2B33FCCC-44FF-EEFD-DFF8-8EED44CDA793">
<createdBy>Szulczewski</createdBy>
<createdTime>2016-08-02 21:42:11 UTC</createdTime>
<comment>NOME DA CATEGORIA</comment>
<generatorID>7BE21691-BA19-8B74-2971-EC2B94A4B94F</generatorID>
<ownerDesignName>PIZZARIA</ownerDesignName>
<nullsAllowed>true</nullsAllowed>
<useDomainConstraints>false</useDomainConstraints>
<use>1</use>
<logicalDatatype>LOGDT024</logicalDatatype>
<dataTypeSize>50</dataTypeSize>
<autoIncrementCycle>false</autoIncrementCycle>
</Column>
<Column name="DS_CATEGORIA" id="0726270F-E0B6-54F1-49A0-96C8769BF872">
<createdBy>Szulczewski</createdBy>
<createdTime>2016-08-02 22:49:25 UTC</createdTime>
<generatorID>52B5D283-8A3F-9246-F81D-A7A0B3B49334</generatorID>
<ownerDesignName>PIZZARIA</ownerDesignName>
<useDomainConstraints>false</useDomainConstraints>
<use>1</use>
<logicalDatatype>LOGDT024</logicalDatatype>
<dataTypeSize>200</dataTypeSize>
<autoIncrementCycle>false</autoIncrementCycle>
</Column>
</columns>
<indexes itemClass="oracle.dbtools.crest.model.design.relational.Index">
<ind_PK_UK id="6B1658D5-577E-5F04-D6A1-68B2F8F57771" name="CATEGORIA_PK">
<createdBy>Szulczewski</createdBy>
<createdTime>2016-08-02 21:42:11 UTC</createdTime>
<generatorID>6CAB4110-811B-1F2D-3967-78C8C94BE55C</generatorID>
<ownerDesignName>PIZZARIA</ownerDesignName>
<pk>true</pk>
<indexState>Primary Constraint</indexState>
<isSurrogateKey>false</isSurrogateKey>
<indexColumnUsage>
<colUsage columnID="E2D108DE-675D-0939-CE49-2450CB26D3B6"/>
</indexColumnUsage>
</ind_PK_UK>
</indexes>
</Table>