<?xml version = '1.0' encoding = 'UTF-8'?>
<Table class="oracle.dbtools.crest.model.design.relational.Table" directorySegmentName="seg_0" id="E08CD517-BF6B-B406-D14F-77824FE83B5D" name="CARGO">
<createdBy>Szulczewski</createdBy>
<createdTime>2016-08-02 21:42:11 UTC</createdTime>
<generatorID>A9E75D89-2105-4FFB-287E-0D94FE7A3E08</generatorID>
<ownerDesignName>PIZZARIA</ownerDesignName>
<allowColumnReorder>false</allowColumnReorder>
<existDependencyGenerateInDDl>true</existDependencyGenerateInDDl>
<parsed>true</parsed>
<columns itemClass="oracle.dbtools.crest.model.design.relational.Column">
<Column name="CD_CARGO" id="F05E45EF-B741-26B9-D7EC-706E06BCFF4C">
<createdBy>Szulczewski</createdBy>
<createdTime>2016-08-02 21:42:11 UTC</createdTime>
<comment>CÓDIGO DO CARGO</comment>
<generatorID>98E7522F-6E03-6D35-FD6F-2C9DC7CB7237</generatorID>
<ownerDesignName>PIZZARIA</ownerDesignName>
<useDomainConstraints>false</useDomainConstraints>
<use>1</use>
<logicalDatatype>LOGDT019</logicalDatatype>
<dataTypePrecision>8</dataTypePrecision>
<autoIncrementCycle>false</autoIncrementCycle>
</Column>
<Column name="NM_CARGO" id="15E125E9-48C5-F239-F7A6-E09BF6A0628C">
<createdBy>Szulczewski</createdBy>
<createdTime>2016-08-02 21:42:11 UTC</createdTime>
<comment>NOME DO CARGO</comment>
<generatorID>580463F1-3FF1-F0E9-2540-761CF7E4F2CB</generatorID>
<ownerDesignName>PIZZARIA</ownerDesignName>
<nullsAllowed>true</nullsAllowed>
<useDomainConstraints>false</useDomainConstraints>
<use>1</use>
<logicalDatatype>LOGDT024</logicalDatatype>
<dataTypeSize>100</dataTypeSize>
<autoIncrementCycle>false</autoIncrementCycle>
</Column>
</columns>
<indexes itemClass="oracle.dbtools.crest.model.design.relational.Index">
<ind_PK_UK id="7B84A18B-7B54-6C98-2EF3-DE7DF38F492E" name="CARGO_PK">
<createdBy>Szulczewski</createdBy>
<createdTime>2016-08-02 21:42:11 UTC</createdTime>
<generatorID>5D221A86-8990-E7C2-35CA-DA3C708B73BA</generatorID>
<ownerDesignName>PIZZARIA</ownerDesignName>
<pk>true</pk>
<indexState>Primary Constraint</indexState>
<isSurrogateKey>false</isSurrogateKey>
<indexColumnUsage>
<colUsage columnID="F05E45EF-B741-26B9-D7EC-706E06BCFF4C"/>
</indexColumnUsage>
</ind_PK_UK>
</indexes>
</Table>