<?xml version = '1.0' encoding = 'UTF-8'?>
<Table class="oracle.dbtools.crest.model.design.relational.Table" directorySegmentName="seg_0" id="E7577172-D334-8A51-88AA-5C76B99333F5" name="FUNCIONARIO">
<createdBy>Szulczewski</createdBy>
<createdTime>2016-08-02 21:42:12 UTC</createdTime>
<generatorID>35997544-485E-0DBA-ACC7-14D9B0B2333F</generatorID>
<ownerDesignName>PIZZARIA</ownerDesignName>
<allowColumnReorder>false</allowColumnReorder>
<existDependencyGenerateInDDl>true</existDependencyGenerateInDDl>
<parsed>true</parsed>
<columns itemClass="oracle.dbtools.crest.model.design.relational.Column">
<Column name="CD_FUNCIONARIO" id="017E5B38-9C32-A0F5-5541-A3CEF481A363">
<createdBy>Szulczewski</createdBy>
<createdTime>2016-08-02 21:42:12 UTC</createdTime>
<generatorID>BED55645-AD50-748B-A91D-185F5DD7F486</generatorID>
<ownerDesignName>PIZZARIA</ownerDesignName>
<useDomainConstraints>false</useDomainConstraints>
<use>1</use>
<logicalDatatype>LOGDT019</logicalDatatype>
<dataTypePrecision>10</dataTypePrecision>
<autoIncrementCycle>false</autoIncrementCycle>
</Column>
<Column name="NM_FUNCIONARIO" id="ED0F9CCA-2884-2496-C819-F95B434E7D7C">
<createdBy>Szulczewski</createdBy>
<createdTime>2016-08-02 21:42:12 UTC</createdTime>
<generatorID>7991F7AB-F7A6-31C5-577E-A9ED80936BEE</generatorID>
<ownerDesignName>PIZZARIA</ownerDesignName>
<useDomainConstraints>false</useDomainConstraints>
<use>1</use>
<logicalDatatype>LOGDT024</logicalDatatype>
<dataTypeSize>100</dataTypeSize>
<autoIncrementCycle>false</autoIncrementCycle>
</Column>
<Column name="DT_ADM" id="C417462F-18D6-A0AD-4C26-B2AD90BD46BB">
<createdBy>Szulczewski</createdBy>
<createdTime>2016-08-02 21:42:12 UTC</createdTime>
<generatorID>908DB130-D3EA-4F8E-A43D-8951B0FB8A3D</generatorID>
<ownerDesignName>PIZZARIA</ownerDesignName>
<useDomainConstraints>false</useDomainConstraints>
<use>1</use>
<logicalDatatype>LOGDT007</logicalDatatype>
<autoIncrementCycle>false</autoIncrementCycle>
</Column>
<Column name="DT_DEMIS" id="1F94E870-0C59-C4B8-9547-0770E93B652E">
<createdBy>Szulczewski</createdBy>
<createdTime>2016-08-02 21:42:12 UTC</createdTime>
<generatorID>70F2EB54-5D70-6BB6-7AE5-18AA3690B1B6</generatorID>
<ownerDesignName>PIZZARIA</ownerDesignName>
<nullsAllowed>true</nullsAllowed>
<useDomainConstraints>false</useDomainConstraints>
<use>1</use>
<logicalDatatype>LOGDT007</logicalDatatype>
<autoIncrementCycle>false</autoIncrementCycle>
</Column>
<Column name="NU_RG_FUNC" id="9A070AA6-F30D-DF92-C803-D23E0B84F6AE">
<createdBy>Szulczewski</createdBy>
<createdTime>2016-08-02 21:42:12 UTC</createdTime>
<generatorID>88D10138-EF0A-5360-5848-2619B049F497</generatorID>
<ownerDesignName>PIZZARIA</ownerDesignName>
<useDomainConstraints>false</useDomainConstraints>
<use>1</use>
<logicalDatatype>LOGDT025</logicalDatatype>
<dataTypeSize>11</dataTypeSize>
<autoIncrementCycle>false</autoIncrementCycle>
</Column>
<Column name="NU_CPF_FUNC" id="157D36E1-2838-CF80-2E53-D399DA13DD3B">
<createdBy>Szulczewski</createdBy>
<createdTime>2016-08-02 21:42:12 UTC</createdTime>
<generatorID>6B2270C2-B314-ED37-270D-FE03A567D488</generatorID>
<ownerDesignName>PIZZARIA</ownerDesignName>
<useDomainConstraints>false</useDomainConstraints>
<use>1</use>
<logicalDatatype>LOGDT025</logicalDatatype>
<dataTypeSize>15</dataTypeSize>
<autoIncrementCycle>false</autoIncrementCycle>
</Column>
<Column name="VL_SALARIO" id="6B44DEE4-4720-EA1D-ABCB-23454D4B3829">
<createdBy>Szulczewski</createdBy>
<createdTime>2016-08-02 21:42:12 UTC</createdTime>
<generatorID>F5A533EA-FF2F-DE01-2582-29AD450BC4B4</generatorID>
<ownerDesignName>PIZZARIA</ownerDesignName>
<useDomainConstraints>false</useDomainConstraints>
<use>1</use>
<logicalDatatype>LOGDT019</logicalDatatype>
<dataTypePrecision>7</dataTypePrecision>
<dataTypeScale>2</dataTypeScale>
<autoIncrementCycle>false</autoIncrementCycle>
</Column>
<Column name="VL_COMISSAO" id="14684A68-00E1-122B-155B-FD2F784ECAE7">
<createdBy>Szulczewski</createdBy>
<createdTime>2016-08-02 21:42:12 UTC</createdTime>
<generatorID>2C881D1E-D4D6-BB72-0125-4AAF95D4A4B6</generatorID>
<ownerDesignName>PIZZARIA</ownerDesignName>
<nullsAllowed>true</nullsAllowed>
<useDomainConstraints>false</useDomainConstraints>
<use>1</use>
<logicalDatatype>LOGDT019</logicalDatatype>
<autoIncrementCycle>false</autoIncrementCycle>
</Column>
<Column name="FILIAL_CD_FILIAL" id="62A75492-267D-C45F-5317-08F466538C31">
<createdBy>Szulczewski</createdBy>
<createdTime>2016-08-02 21:44:02 UTC</createdTime>
<generatorID>24333F2E-538D-934E-A81C-6F3FA1F66346</generatorID>
<ownerDesignName>PIZZARIA</ownerDesignName>
<useDomainConstraints>false</useDomainConstraints>
<use>1</use>
<logicalDatatype>LOGDT019</logicalDatatype>
<dataTypePrecision>3</dataTypePrecision>
<previousColumn>false</previousColumn>
<autoIncrementCycle>false</autoIncrementCycle>
<associations>
<colAssociation fkAssociation="D337D150-3050-1D25-C17D-247D9803E262" referredColumn="E652F311-D0A5-7EEE-22C7-9B8D9B0AEBFA"/>
</associations>
</Column>
<Column name="CARGO_CD_CARGO" id="2DFFBFBA-D25A-6D8F-7136-346D8030EF7F">
<createdBy>Szulczewski</createdBy>
<createdTime>2016-08-02 22:49:25 UTC</createdTime>
<comment>CÓDIGO DO CARGO</comment>
<generatorID>9C84F502-B23B-8DC3-345C-560B8F751AA8</generatorID>
<ownerDesignName>PIZZARIA</ownerDesignName>
<useDomainConstraints>false</useDomainConstraints>
<use>1</use>
<logicalDatatype>LOGDT019</logicalDatatype>
<dataTypePrecision>8</dataTypePrecision>
<previousColumn>false</previousColumn>
<autoIncrementCycle>false</autoIncrementCycle>
<associations>
<colAssociation fkAssociation="2DA3A7AF-5175-8E1F-0AC5-0DA29291D715" referredColumn="F05E45EF-B741-26B9-D7EC-706E06BCFF4C"/>
</associations>
</Column>
</columns>
<indexes itemClass="oracle.dbtools.crest.model.design.relational.Index">
<ind_PK_UK id="52588C14-C523-DB7B-64C6-488DE53BCBA9" name="FUNCIONARIO_PK">
<createdBy>Szulczewski</createdBy>
<createdTime>2016-08-02 21:42:12 UTC</createdTime>
<generatorID>1AC07120-5596-A8A9-2D76-BE593D4D4DB7</generatorID>
<ownerDesignName>PIZZARIA</ownerDesignName>
<pk>true</pk>
<indexState>Primary Constraint</indexState>
<isSurrogateKey>false</isSurrogateKey>
<indexColumnUsage>
<colUsage columnID="017E5B38-9C32-A0F5-5541-A3CEF481A363"/>
</indexColumnUsage>
</ind_PK_UK>
<ind_PK_UK id="11D63C63-8877-8CCA-7412-FCF5947B2B70" name="FUNCIONARIO_FILIAL_FK">
<createdBy>Szulczewski</createdBy>
<createdTime>2016-08-02 21:44:02 UTC</createdTime>
<generatorID>32D4955E-ECE9-006C-9AF2-A9E1B3182403</generatorID>
<ownerDesignName>PIZZARIA</ownerDesignName>
<indexState>Foreign Key</indexState>
<isSurrogateKey>false</isSurrogateKey>
<indexColumnUsage>
<colUsage columnID="62A75492-267D-C45F-5317-08F466538C31"/>
</indexColumnUsage>
</ind_PK_UK>
<ind_PK_UK id="0986654B-8461-55B7-769E-10EB12F49A11" name="FUNCIONARIO_CARGO_FK">
<createdBy>Szulczewski</createdBy>
<createdTime>2016-08-02 22:49:25 UTC</createdTime>
<generatorID>B454F944-5B3D-D720-4F3C-1BC213F9525E</generatorID>
<ownerDesignName>PIZZARIA</ownerDesignName>
<indexState>Foreign Key</indexState>
<isSurrogateKey>false</isSurrogateKey>
<indexColumnUsage>
<colUsage columnID="2DFFBFBA-D25A-6D8F-7136-346D8030EF7F"/>
</indexColumnUsage>
</ind_PK_UK>
</indexes>
</Table>