<?xml version = '1.0' encoding = 'UTF-8'?>
<Table class="oracle.dbtools.crest.model.design.relational.Table" directorySegmentName="seg_0" id="F86583F5-1962-E4F0-C683-80480F3ECD7C" name="CLIENTE">
<createdBy>Szulczewski</createdBy>
<createdTime>2016-08-02 21:42:11 UTC</createdTime>
<generatorID>4116506C-FCD2-657A-EC99-EE233DD113AD</generatorID>
<ownerDesignName>PIZZARIA</ownerDesignName>
<allowColumnReorder>false</allowColumnReorder>
<existDependencyGenerateInDDl>true</existDependencyGenerateInDDl>
<parsed>true</parsed>
<columns itemClass="oracle.dbtools.crest.model.design.relational.Column">
<Column name="CD_CLIENTE" id="8E587126-9D16-C323-3996-CB126D0ECEFC">
<createdBy>Szulczewski</createdBy>
<createdTime>2016-08-02 21:42:11 UTC</createdTime>
<comment>CÓDIGO DO CLIENTE</comment>
<generatorID>5FB8EC1D-D332-64CE-B19E-FA71AA8AF088</generatorID>
<ownerDesignName>PIZZARIA</ownerDesignName>
<useDomainConstraints>false</useDomainConstraints>
<use>1</use>
<logicalDatatype>LOGDT019</logicalDatatype>
<dataTypePrecision>7</dataTypePrecision>
<autoIncrementCycle>false</autoIncrementCycle>
</Column>
<Column name="NM_CLIENTE" id="5917F5B1-0B0F-68EC-9C33-FA2F80FEA903">
<createdBy>Szulczewski</createdBy>
<createdTime>2016-08-02 21:42:11 UTC</createdTime>
<comment>NOME CLIENTE</comment>
<generatorID>974C6E6B-7F88-2467-9AFD-3BBC62A3594F</generatorID>
<ownerDesignName>PIZZARIA</ownerDesignName>
<useDomainConstraints>false</useDomainConstraints>
<use>1</use>
<logicalDatatype>LOGDT024</logicalDatatype>
<dataTypeSize>100</dataTypeSize>
<autoIncrementCycle>false</autoIncrementCycle>
</Column>
<Column name="NU_RG_CLIENTE" id="C52B45FE-F907-F300-EFFB-03FE4CA3F26F">
<createdBy>Szulczewski</createdBy>
<createdTime>2016-08-02 21:42:11 UTC</createdTime>
<comment>NÚMERO DO RG</comment>
<generatorID>09941E25-1D9A-1CCE-0211-8B53197EF5FF</generatorID>
<ownerDesignName>PIZZARIA</ownerDesignName>
<useDomainConstraints>false</useDomainConstraints>
<use>1</use>
<logicalDatatype>LOGDT025</logicalDatatype>
<dataTypeSize>13</dataTypeSize>
<autoIncrementCycle>false</autoIncrementCycle>
</Column>
<Column name="NU_CPF_CLIENTE" id="572BF699-920C-FD65-01B0-93394C562ACF">
<createdBy>Szulczewski</createdBy>
<createdTime>2016-08-02 21:42:11 UTC</createdTime>
<generatorID>86AAC278-D1C5-7A93-B936-B4DF9A0F560E</generatorID>
<ownerDesignName>PIZZARIA</ownerDesignName>
<useDomainConstraints>false</useDomainConstraints>
<use>1</use>
<logicalDatatype>LOGDT025</logicalDatatype>
<dataTypeSize>14</dataTypeSize>
<autoIncrementCycle>false</autoIncrementCycle>
</Column>
<Column name="DT_NASC_CLIENTE" id="71BCE868-7DCE-4915-2B82-890AD7363CC0">
<createdBy>Szulczewski</createdBy>
<createdTime>2016-08-02 21:42:11 UTC</createdTime>
<generatorID>9CC999CD-688C-FD16-1B4F-5DA64113E146</generatorID>
<ownerDesignName>PIZZARIA</ownerDesignName>
<useDomainConstraints>false</useDomainConstraints>
<use>1</use>
<logicalDatatype>LOGDT007</logicalDatatype>
<autoIncrementCycle>false</autoIncrementCycle>
</Column>
<Column name="DS_SEXO" id="84DE5852-CE41-CC80-0B29-4E9379A6677E">
<createdBy>Szulczewski</createdBy>
<createdTime>2016-08-02 21:42:11 UTC</createdTime>
<generatorID>13DA8415-B098-0382-FD66-7FDA9EA2521C</generatorID>
<ownerDesignName>PIZZARIA</ownerDesignName>
<nullsAllowed>true</nullsAllowed>
<useDomainConstraints>false</useDomainConstraints>
<use>1</use>
<logicalDatatype>LOGDT025</logicalDatatype>
<autoIncrementCycle>false</autoIncrementCycle>
</Column>
<Column name="DS_EMAIL" id="DA2D83E4-F541-79F7-4B23-4735EB3D65D2">
<createdBy>Szulczewski</createdBy>
<createdTime>2016-08-02 21:42:11 UTC</createdTime>
<generatorID>F6951EBF-9539-5892-491B-D0E218D1E5B1</generatorID>
<ownerDesignName>PIZZARIA</ownerDesignName>
<useDomainConstraints>false</useDomainConstraints>
<use>1</use>
<logicalDatatype>LOGDT024</logicalDatatype>
<dataTypeSize>100</dataTypeSize>
<autoIncrementCycle>false</autoIncrementCycle>
</Column>
<Column name="DS_SENHA" id="6EA3EB65-CE01-84EF-FBA5-7B31E0EDCC3E">
<createdBy>Szulczewski</createdBy>
<createdTime>2016-08-02 21:42:11 UTC</createdTime>
<generatorID>AF207EBD-72A7-1A44-2F3B-842C317D8554</generatorID>
<ownerDesignName>PIZZARIA</ownerDesignName>
<useDomainConstraints>false</useDomainConstraints>
<use>1</use>
<logicalDatatype>LOGDT024</logicalDatatype>
<dataTypeSize>100</dataTypeSize>
<autoIncrementCycle>false</autoIncrementCycle>
</Column>
<Column name="NU_ESTRELAS" id="416EB01E-8266-AB74-B9E1-E79196F539DE">
<createdBy>Szulczewski</createdBy>
<createdTime>2016-08-02 21:42:11 UTC</createdTime>
<generatorID>B0F0D874-890B-C89E-95D8-21120B7CE247</generatorID>
<ownerDesignName>PIZZARIA</ownerDesignName>
<useDomainConstraints>false</useDomainConstraints>
<use>1</use>
<logicalDatatype>LOGDT019</logicalDatatype>
<dataTypePrecision>1</dataTypePrecision>
<autoIncrementCycle>false</autoIncrementCycle>
</Column>
</columns>
<indexes itemClass="oracle.dbtools.crest.model.design.relational.Index">
<ind_PK_UK id="0FF0F800-D730-E774-E908-8C549C3D785E" name="CLIENTE_PK">
<createdBy>Szulczewski</createdBy>
<createdTime>2016-08-02 21:42:11 UTC</createdTime>
<generatorID>7073896E-52BE-9521-0796-014E0FEBDB7F</generatorID>
<ownerDesignName>PIZZARIA</ownerDesignName>
<pk>true</pk>
<indexState>Primary Constraint</indexState>
<isSurrogateKey>false</isSurrogateKey>
<indexColumnUsage>
<colUsage columnID="8E587126-9D16-C323-3996-CB126D0ECEFC"/>
</indexColumnUsage>
</ind_PK_UK>
</indexes>
</Table>