<?xml version = '1.0' encoding = 'UTF-8'?>
<Relation class="oracle.dbtools.crest.model.design.logical.Relation" name="PROD_PEDIDO" directorySegmentName="seg_0" id="0791032C-8286-20EA-7AB7-AC224F11DC81">
<createdBy>Administrador</createdBy>
<createdTime>2015-10-02 03:22:17 UTC</createdTime>
<generatorID>Gerado pelo usuário</generatorID>
<ownerDesignName>dominos_pizzaoficial</ownerDesignName>
<engineerTo>
<item key="96F124AA-9081-B730-AED0-475B89B916CC" value="true"/>
</engineerTo>
<sourcePk>3D10857A-BDAD-0842-CF17-810213884CAE</sourcePk>
<identifying>false</identifying>
<optionalSource>true</optionalSource>
<optionalTarget>false</optionalTarget>
<sourceCardinality>1</sourceCardinality>
<sourceEntity>90621D97-A6D5-8EC9-3275-5445D882C4B1</sourceEntity>
<targetCardinalityString>*</targetCardinalityString>
<targetEntity>DAEE8D96-E837-27B9-0844-F41BB1A8006C</targetEntity>
<transferable>true</transferable>
<deleteRule>NO ACTION</deleteRule>
</Relation>