<?xml version = '1.0' encoding = 'UTF-8'?>
<Relation class="oracle.dbtools.crest.model.design.logical.Relation" name="PROD_CAT" directorySegmentName="seg_0" id="105476FA-1C56-D5B2-399F-F4A778BAB9E8">
<createdBy>rm73756</createdBy>
<createdTime>2015-10-02 13:42:44 UTC</createdTime>
<ownerDesignName>dominos_pizzaoficial</ownerDesignName>
<engineerTo>
<item key="96F124AA-9081-B730-AED0-475B89B916CC" value="true"/>
</engineerTo>
<sourcePk>1D290FA4-DAC4-D886-8551-24F0EAA73B78</sourcePk>
<identifying>false</identifying>
<optionalSource>true</optionalSource>
<optionalTarget>false</optionalTarget>
<sourceCardinality>1</sourceCardinality>
<sourceEntity>95BA82BD-8F38-AAC4-7292-18BD27191A93</sourceEntity>
<targetCardinalityString>*</targetCardinalityString>
<targetEntity>0A18AD46-D6A4-0518-1BD0-47F7EB20A3F9</targetEntity>
<transferable>true</transferable>
<deleteRule>NO ACTION</deleteRule>
</Relation>