<?xml version = '1.0' encoding = 'UTF-8'?>
<Relation class="oracle.dbtools.crest.model.design.logical.Relation" name="CLIENTE_TEL" directorySegmentName="seg_0" id="174EC910-7FC4-A4FB-AFE1-E0472D6BA70E">
<createdBy>Administrador</createdBy>
<createdTime>2015-09-22 03:17:15 UTC</createdTime>
<generatorID>Gerado pelo usuário</generatorID>
<ownerDesignName>dominos_pizzaoficial</ownerDesignName>
<engineerTo>
<item key="96F124AA-9081-B730-AED0-475B89B916CC" value="true"/>
</engineerTo>
<sourcePk>E91EB0FE-83B2-92B8-5C46-EC9A25C4A85D</sourcePk>
<identifying>false</identifying>
<optionalSource>true</optionalSource>
<optionalTarget>false</optionalTarget>
<sourceCardinality>1</sourceCardinality>
<sourceEntity>62326D6D-2EC4-4AEB-1D53-6D11085F1A68</sourceEntity>
<targetCardinalityString>*</targetCardinalityString>
<targetEntity>BD62A546-FFCB-10A7-88E9-7818B08D3161</targetEntity>
<transferable>true</transferable>
<deleteRule>NO ACTION</deleteRule>
</Relation>