<?xml version = '1.0' encoding = 'UTF-8'?>
<Relation class="oracle.dbtools.crest.model.design.logical.Relation" name="FUNC_TEL" directorySegmentName="seg_0" id="2E310DF7-2B04-1D78-B4B1-6413C259D0B4">
<createdBy>Administrador</createdBy>
<createdTime>2015-09-22 03:17:26 UTC</createdTime>
<generatorID>Gerado pelo usuário</generatorID>
<ownerDesignName>dominos_pizzaoficial</ownerDesignName>
<engineerTo>
<item key="96F124AA-9081-B730-AED0-475B89B916CC" value="true"/>
</engineerTo>
<sourcePk>0090B587-058E-6D08-7F25-9E91701C12B3</sourcePk>
<identifying>false</identifying>
<optionalSource>true</optionalSource>
<optionalTarget>false</optionalTarget>
<sourceCardinality>1</sourceCardinality>
<sourceEntity>5EFBC489-A8C5-1E64-E1EB-E07A0E9484B9</sourceEntity>
<targetCardinalityString>*</targetCardinalityString>
<targetEntity>BD62A546-FFCB-10A7-88E9-7818B08D3161</targetEntity>
<transferable>true</transferable>
<deleteRule>NO ACTION</deleteRule>
</Relation>