<?xml version = '1.0' encoding = 'UTF-8'?>
<Relation class="oracle.dbtools.crest.model.design.logical.Relation" name="EST_CID" directorySegmentName="seg_0" id="386E1C5E-E0F0-B9B5-A2A9-5D9925389EAE">
<createdBy>Administrador</createdBy>
<createdTime>2015-09-22 03:04:10 UTC</createdTime>
<generatorID>Gerado pelo usuário</generatorID>
<ownerDesignName>dominos_pizzaoficial</ownerDesignName>
<engineerTo>
<item key="96F124AA-9081-B730-AED0-475B89B916CC" value="true"/>
</engineerTo>
<sourcePk>64759303-5EC4-BD2A-FE3C-A73D1102BBF1</sourcePk>
<identifying>false</identifying>
<optionalSource>true</optionalSource>
<optionalTarget>false</optionalTarget>
<sourceCardinality>1</sourceCardinality>
<sourceEntity>B73455B9-C964-C78F-3CFE-C6A5DC5B37D8</sourceEntity>
<targetCardinalityString>*</targetCardinalityString>
<targetEntity>105EFDC0-C61E-BD65-B157-DF3872AA81AE</targetEntity>
<transferable>true</transferable>
<deleteRule>NO ACTION</deleteRule>
</Relation>