<?xml version = '1.0' encoding = 'UTF-8'?>
<Relation class="oracle.dbtools.crest.model.design.logical.Relation" name="TP_PAGAMENTO" directorySegmentName="seg_0" id="4CB041C6-5BAF-89EA-9C6B-3A86AB3FCC3B">
<createdBy>Administrador</createdBy>
<createdTime>2015-09-22 03:13:58 UTC</createdTime>
<generatorID>Gerado pelo usuário</generatorID>
<ownerDesignName>dominos_pizzaoficial</ownerDesignName>
<engineerTo>
<item key="96F124AA-9081-B730-AED0-475B89B916CC" value="true"/>
</engineerTo>
<sourcePk>A3DA3992-AACB-E8E4-5B88-C0358986AC15</sourcePk>
<identifying>false</identifying>
<optionalSource>true</optionalSource>
<optionalTarget>false</optionalTarget>
<sourceCardinality>1</sourceCardinality>
<sourceEntity>181504C2-7113-4353-5C8F-1B26ABC10BC3</sourceEntity>
<targetCardinalityString>*</targetCardinalityString>
<targetEntity>42B3DDBA-3BF7-E88C-B2DE-3596476BADB1</targetEntity>
<transferable>true</transferable>
<deleteRule>NO ACTION</deleteRule>
</Relation>