<?xml version = '1.0' encoding = 'UTF-8'?>
<Relation class="oracle.dbtools.crest.model.design.logical.Relation" name="END_MUNICIPIO" directorySegmentName="seg_0" id="61AA88B2-0CFD-B244-143C-07D6CB109938">
<createdBy>Administrador</createdBy>
<createdTime>2015-09-22 03:04:40 UTC</createdTime>
<generatorID>Gerado pelo usuário</generatorID>
<ownerDesignName>dominos_pizzaoficial</ownerDesignName>
<engineerTo>
<item key="96F124AA-9081-B730-AED0-475B89B916CC" value="true"/>
</engineerTo>
<sourcePk>DB897E5B-581F-67E6-ECC5-BDF635B81D64</sourcePk>
<identifying>false</identifying>
<optionalSource>true</optionalSource>
<optionalTarget>false</optionalTarget>
<sourceCardinality>1</sourceCardinality>
<sourceEntity>E17FC3F9-1D4D-F74B-CDF3-71C3F5AA519B</sourceEntity>
<targetCardinalityString>*</targetCardinalityString>
<targetEntity>D8D9313A-02DF-AB02-E349-BA4E9215CA90</targetEntity>
<transferable>true</transferable>
<deleteRule>NO ACTION</deleteRule>
</Relation>