<?xml version = '1.0' encoding = 'UTF-8'?>
<Relation class="oracle.dbtools.crest.model.design.logical.Relation" name="CARGO_FUNCIONARIO" directorySegmentName="seg_0" id="67FD1117-6308-0BDE-7AFB-4B0B88DAAF5C">
<createdBy>Administrador</createdBy>
<createdTime>2015-09-22 03:14:58 UTC</createdTime>
<generatorID>Gerado pelo usuário</generatorID>
<ownerDesignName>dominos_pizzaoficial</ownerDesignName>
<engineerTo>
<item key="96F124AA-9081-B730-AED0-475B89B916CC" value="true"/>
</engineerTo>
<sourcePk>890A6C8B-6497-34F3-1EE6-1657918C5DDB</sourcePk>
<identifying>false</identifying>
<optionalSource>true</optionalSource>
<optionalTarget>false</optionalTarget>
<sourceCardinality>1</sourceCardinality>
<sourceEntity>30B83715-CA4D-BD89-638A-CEB0F018D8EB</sourceEntity>
<targetCardinalityString>*</targetCardinalityString>
<targetEntity>5EFBC489-A8C5-1E64-E1EB-E07A0E9484B9</targetEntity>
<transferable>true</transferable>
<deleteRule>NO ACTION</deleteRule>
</Relation>