<?xml version = '1.0' encoding = 'UTF-8'?>
<Relation class="oracle.dbtools.crest.model.design.logical.Relation" name="PAGAMENTO_PEDIDO" directorySegmentName="seg_0" id="6EFE50FC-0915-1E01-6FE5-55A676C5829D">
<createdBy>Administrador</createdBy>
<createdTime>2015-09-22 03:14:24 UTC</createdTime>
<generatorID>Gerado pelo usuário</generatorID>
<ownerDesignName>dominos_pizzaoficial</ownerDesignName>
<engineerTo>
<item key="96F124AA-9081-B730-AED0-475B89B916CC" value="true"/>
</engineerTo>
<sourcePk>0783AE84-DC05-1F02-FE15-C3C2C280A0B6</sourcePk>
<identifying>false</identifying>
<optionalSource>true</optionalSource>
<optionalTarget>false</optionalTarget>
<sourceCardinality>1</sourceCardinality>
<sourceEntity>42B3DDBA-3BF7-E88C-B2DE-3596476BADB1</sourceEntity>
<targetCardinalityString>*</targetCardinalityString>
<targetEntity>DAEE8D96-E837-27B9-0844-F41BB1A8006C</targetEntity>
<transferable>true</transferable>
<deleteRule>NO ACTION</deleteRule>
</Relation>