<?xml version = '1.0' encoding = 'UTF-8'?>
<Relation class="oracle.dbtools.crest.model.design.logical.Relation" name="FUNC_FUNC" directorySegmentName="seg_0" id="9D0690EF-7C30-7852-F140-0F73BB0EFC94">
<createdBy>Administrador</createdBy>
<createdTime>2015-09-22 03:15:14 UTC</createdTime>
<generatorID>Gerado pelo usuário</generatorID>
<ownerDesignName>dominos_pizzaoficial</ownerDesignName>
<engineerTo>
<item key="96F124AA-9081-B730-AED0-475B89B916CC" value="true"/>
</engineerTo>
<targetPk>0090B587-058E-6D08-7F25-9E91701C12B3</targetPk>
<identifying>false</identifying>
<optionalSource>true</optionalSource>
<optionalTarget>false</optionalTarget>
<sourceCardinality>1</sourceCardinality>
<sourceEntity>5EFBC489-A8C5-1E64-E1EB-E07A0E9484B9</sourceEntity>
<targetCardinalityString>*</targetCardinalityString>
<targetEntity>5EFBC489-A8C5-1E64-E1EB-E07A0E9484B9</targetEntity>
<transferable>true</transferable>
<deleteRule>NO ACTION</deleteRule>
</Relation>