<?xml version = '1.0' encoding = 'UTF-8'?>
<Relation class="oracle.dbtools.crest.model.design.logical.Relation" name="PRODUTO_ITEM" directorySegmentName="seg_0" id="BC5CA73F-D18A-61B7-04DC-10588EEE12AD">
<createdBy>Administrador</createdBy>
<createdTime>2015-10-02 03:18:27 UTC</createdTime>
<generatorID>Gerado pelo usuário</generatorID>
<ownerDesignName>dominos_pizzaoficial</ownerDesignName>
<engineerTo>
<item key="96F124AA-9081-B730-AED0-475B89B916CC" value="true"/>
</engineerTo>
<sourcePk>0FA93EC5-3E2D-EA90-05AE-545046AD0629</sourcePk>
<identifying>false</identifying>
<optionalSource>true</optionalSource>
<optionalTarget>false</optionalTarget>
<sourceCardinality>1</sourceCardinality>
<sourceEntity>0A18AD46-D6A4-0518-1BD0-47F7EB20A3F9</sourceEntity>
<targetCardinalityString>*</targetCardinalityString>
<targetEntity>90621D97-A6D5-8EC9-3275-5445D882C4B1</targetEntity>
<transferable>true</transferable>
<deleteRule>NO ACTION</deleteRule>
</Relation>