<?xml version = '1.0' encoding = 'UTF-8'?>
<Relation class="oracle.dbtools.crest.model.design.logical.Relation" name="PEDIDO_FILIAL" directorySegmentName="seg_0" id="D4145AAF-EB2F-6260-C718-F57859C05F0E">
<createdBy>Administrador</createdBy>
<createdTime>2015-09-22 03:47:33 UTC</createdTime>
<generatorID>Gerado pelo usuário</generatorID>
<ownerDesignName>dominos_pizzaoficial</ownerDesignName>
<engineerTo>
<item key="96F124AA-9081-B730-AED0-475B89B916CC" value="true"/>
</engineerTo>
<sourcePk>7BF8172C-D656-9285-69FC-4F3EDD8BF94B</sourcePk>
<identifying>false</identifying>
<optionalSource>true</optionalSource>
<optionalTarget>false</optionalTarget>
<sourceCardinality>1</sourceCardinality>
<sourceEntity>45ADE7ED-17CD-4B3D-E125-FC913430FBE4</sourceEntity>
<targetCardinalityString>*</targetCardinalityString>
<targetEntity>DAEE8D96-E837-27B9-0844-F41BB1A8006C</targetEntity>
<transferable>true</transferable>
<deleteRule>NO ACTION</deleteRule>
</Relation>