<?xml version = '1.0' encoding = 'UTF-8'?>
<Relation class="oracle.dbtools.crest.model.design.logical.Relation" name="CD_CATEGORIA_PAI" directorySegmentName="seg_0" id="E04E2553-3902-DEBD-CE32-0EC8FF1E8122">
<createdBy>rm73756</createdBy>
<createdTime>2015-10-02 13:50:36 UTC</createdTime>
<ownerDesignName>dominos_pizzaoficial</ownerDesignName>
<engineerTo>
<item key="96F124AA-9081-B730-AED0-475B89B916CC" value="true"/>
</engineerTo>
<targetPk>1D290FA4-DAC4-D886-8551-24F0EAA73B78</targetPk>
<identifying>false</identifying>
<optionalSource>true</optionalSource>
<optionalTarget>false</optionalTarget>
<sourceCardinality>1</sourceCardinality>
<sourceEntity>95BA82BD-8F38-AAC4-7292-18BD27191A93</sourceEntity>
<targetCardinalityString>*</targetCardinalityString>
<targetEntity>95BA82BD-8F38-AAC4-7292-18BD27191A93</targetEntity>
<transferable>true</transferable>
<deleteRule>NO ACTION</deleteRule>
</Relation>