<?xml version = '1.0' encoding = 'UTF-8'?>
<Relation class="oracle.dbtools.crest.model.design.logical.Relation" name="CLIENTE_PEDIDO" directorySegmentName="seg_0" id="F0313BF3-AAD6-485F-7E5B-A4E594C2F30E">
<createdBy>Administrador</createdBy>
<createdTime>2015-09-22 03:12:39 UTC</createdTime>
<generatorID>Gerado pelo usuário</generatorID>
<ownerDesignName>dominos_pizzaoficial</ownerDesignName>
<engineerTo>
<item key="96F124AA-9081-B730-AED0-475B89B916CC" value="true"/>
</engineerTo>
<sourcePk>E91EB0FE-83B2-92B8-5C46-EC9A25C4A85D</sourcePk>
<identifying>false</identifying>
<optionalSource>true</optionalSource>
<optionalTarget>false</optionalTarget>
<sourceCardinality>1</sourceCardinality>
<sourceEntity>62326D6D-2EC4-4AEB-1D53-6D11085F1A68</sourceEntity>
<targetCardinalityString>*</targetCardinalityString>
<targetEntity>DAEE8D96-E837-27B9-0844-F41BB1A8006C</targetEntity>
<transferable>true</transferable>
<deleteRule>NO ACTION</deleteRule>
</Relation>