<?xml version = '1.0' encoding = 'UTF-8'?>
<Diagram class="oracle.dbtools.crest.swingui.relational.DPVRelational" name="Relational_1" id="16F34BA5-0D52-E5BD-89C7-08F5A3B41CCD">
<createdBy>Szulczewski</createdBy>
<createdTime>2016-08-02 01:41:36 UTC</createdTime>
<autoRoute>false</autoRoute>
<boxInbox>true</boxInbox>
<showLegend>false</showLegend>
<showLabels>false</showLabels>
<showRelAttributes>false</showRelAttributes>
<gridEnabled>false</gridEnabled>
<showGrid>false</showGrid>
<diagramColor>-1</diagramColor>
<display>false</display>
<notation>1</notation>
<objectViews>
<OView class="oracle.dbtools.crest.swingui.relational.TVTable" oid="0DA12C36-ED36-D666-C438-12F4A3085D6C" otype="Table" vid="4D384307-2632-DE5F-A79E-041A08474209">
<hideElementsInCurrentOnly>false</hideElementsInCurrentOnly>
<bounds x="601" y="409" width="201" height="141"/>
</OView>
<OView class="oracle.dbtools.crest.swingui.relational.TVTable" oid="1C25EE8B-6D7E-FCC6-E179-2F221607F507" otype="Table" vid="B0AD2A5E-18ED-BF8D-41CC-C500A15825E8">
<hideElementsInCurrentOnly>false</hideElementsInCurrentOnly>
<bounds x="1127" y="121" width="195" height="113"/>
</OView>
<OView class="oracle.dbtools.crest.swingui.relational.TVTable" oid="351F0B1E-B9AA-312C-84BF-A9755686916B" otype="Table" vid="7AA44698-7C04-E2FB-3F4A-D516B523BF6B">
<hideElementsInCurrentOnly>false</hideElementsInCurrentOnly>
<bounds x="1131" y="283" width="196" height="74"/>
</OView>
<OView class="oracle.dbtools.crest.swingui.relational.TVTable" oid="4A6FA0BC-F108-57E8-8176-3EB22DA97858" otype="Table" vid="DC157825-7E0B-76DE-5AFC-2C27DFAD4277">
<hideElementsInCurrentOnly>false</hideElementsInCurrentOnly>
<bounds x="1127" y="4" width="194" height="74"/>
</OView>
<OView class="oracle.dbtools.crest.swingui.relational.TVTable" oid="4B623B73-7920-3689-7F52-5228459D154D" otype="Table" vid="2B9B134B-F594-C13E-B0D8-6FC54FE7814D">
<hideElementsInCurrentOnly>false</hideElementsInCurrentOnly>
<bounds x="359" y="415" width="129" height="124"/>
</OView>
<OView class="oracle.dbtools.crest.swingui.relational.TVTable" oid="4EB5D67C-605F-6263-D3B5-1448F90519AE" otype="Table" vid="C15A2941-0D7F-937F-38E1-2060315034EB">
<hideElementsInCurrentOnly>false</hideElementsInCurrentOnly>
<bounds x="13" y="10" width="291" height="124"/>
</OView>
<OView class="oracle.dbtools.crest.swingui.relational.TVTable" oid="5FA8731A-C07A-2437-1D6B-FDC3C5E67FAE" otype="Table" vid="E160B6E0-7EAC-1549-261C-F214AD91ED83">
<hideElementsInCurrentOnly>false</hideElementsInCurrentOnly>
<bounds x="671" y="189" width="258" height="139"/>
</OView>
<OView class="oracle.dbtools.crest.swingui.relational.TVTable" oid="6B8F1FAD-8C17-879A-B64A-13F5D9859300" otype="Table" vid="7DCAC5B3-9B2D-E76E-CDA0-53E653DE8CB8">
<hideElementsInCurrentOnly>false</hideElementsInCurrentOnly>
<bounds x="346" y="7" width="523" height="147"/>
</OView>
<OView class="oracle.dbtools.crest.swingui.relational.TVTable" oid="9A961633-653F-4FD5-80C2-84F81820FFBC" otype="Table" vid="39C2697F-71B5-1CD6-B7FA-CBFAE3600841">
<hideElementsInCurrentOnly>false</hideElementsInCurrentOnly>
<bounds x="238" y="181" width="193" height="150"/>
</OView>
<OView class="oracle.dbtools.crest.swingui.relational.TVTable" oid="C80F7251-CF3F-0D29-8943-F578791511AF" otype="Table" vid="E78A677B-9ECD-509A-A613-A5FF5E021D68">
<hideElementsInCurrentOnly>false</hideElementsInCurrentOnly>
<bounds x="5" y="182" width="188" height="152"/>
</OView>
<OView class="oracle.dbtools.crest.swingui.relational.TVTable" oid="E05BA39E-81E1-E10B-E38A-94408D5B0CE3" otype="Table" vid="9CD458F5-459C-E479-B02A-E4D0CDE79A72">
<hideElementsInCurrentOnly>false</hideElementsInCurrentOnly>
<bounds x="11" y="381" width="256" height="81"/>
</OView>
<OView class="oracle.dbtools.crest.swingui.relational.TVTable" oid="E08CD517-BF6B-B406-D14F-77824FE83B5D" otype="Table" vid="D2DD1BC2-F7F3-674B-F177-86F4968B20F8">
<hideElementsInCurrentOnly>false</hideElementsInCurrentOnly>
<bounds x="919" y="317" width="150" height="101"/>
</OView>
<OView class="oracle.dbtools.crest.swingui.relational.TVTable" oid="E7577172-D334-8A51-88AA-5C76B99333F5" otype="Table" vid="67B97B3A-012F-39E6-5F3F-12EF68EE4FEE">
<hideElementsInCurrentOnly>false</hideElementsInCurrentOnly>
<bounds x="912" y="4" width="193" height="177"/>
</OView>
<OView class="oracle.dbtools.crest.swingui.relational.TVTable" oid="F130A481-4872-66B5-0CD3-757D0D7088F3" otype="Table" vid="CE7F4E73-A200-CEE0-3572-E2A499A0F5B6">
<hideElementsInCurrentOnly>false</hideElementsInCurrentOnly>
<bounds x="1125" y="390" width="199" height="130"/>
</OView>
<OView class="oracle.dbtools.crest.swingui.relational.TVTable" oid="F86583F5-1962-E4F0-C683-80480F3ECD7C" otype="Table" vid="3B26D732-6108-F169-31A4-40A7F0367E09">
<hideElementsInCurrentOnly>false</hideElementsInCurrentOnly>
<bounds x="458" y="215" width="187" height="108"/>
</OView>
</objectViews>
<connectors>
<Connector class="oracle.dbtools.crest.swingui.relational.TVFKRelation" oid="1B534AA6-50DD-47FA-28DB-C70A2DD6D6B5" otype="FKIndexAssociation" vid_source="DC157825-7E0B-76DE-5AFC-2C27DFAD4277" vid_target="B0AD2A5E-18ED-BF8D-41CC-C500A15825E8">
<hideElementsInCurrentOnly>false</hideElementsInCurrentOnly>
<lineWidth>1</lineWidth>
<points>
<point x="1234" y="78"/>
<point x="1234" y="121"/>
</points>
</Connector>
<Connector class="oracle.dbtools.crest.swingui.relational.TVFKRelation" oid="1C46C4F6-C475-77DD-0083-44D7BDDF45D8" otype="FKIndexAssociation" vid_source="4D384307-2632-DE5F-A79E-041A08474209" vid_target="2B9B134B-F594-C13E-B0D8-6FC54FE7814D">
<hideElementsInCurrentOnly>false</hideElementsInCurrentOnly>
<lineWidth>1</lineWidth>
<points>
<point x="601" y="477"/>
<point x="488" y="477"/>
</points>
</Connector>
<Connector class="oracle.dbtools.crest.swingui.relational.TVFKRelation" oid="1DC48E27-4A7D-EDFF-C839-E56554F450EA" otype="FKIndexAssociation" vid_source="67B97B3A-012F-39E6-5F3F-12EF68EE4FEE" vid_target="7DCAC5B3-9B2D-E76E-CDA0-53E653DE8CB8">
<hideElementsInCurrentOnly>false</hideElementsInCurrentOnly>
<lineWidth>1</lineWidth>
<points>
<point x="912" y="80"/>
<point x="869" y="80"/>
</points>
</Connector>
<Connector class="oracle.dbtools.crest.swingui.relational.TVFKRelation" oid="22132B76-B286-94AE-0C06-33E9541EA7C0" otype="FKIndexAssociation" vid_source="B0AD2A5E-18ED-BF8D-41CC-C500A15825E8" vid_target="7AA44698-7C04-E2FB-3F4A-D516B523BF6B">
<hideElementsInCurrentOnly>false</hideElementsInCurrentOnly>
<lineWidth>1</lineWidth>
<points>
<point x="1226" y="234"/>
<point x="1226" y="283"/>
</points>
</Connector>
<Connector class="oracle.dbtools.crest.swingui.relational.TVFKRelation" oid="25C68DD3-1A6C-F313-49A1-9F485A666D29" otype="FKIndexAssociation" vid_source="CE7F4E73-A200-CEE0-3572-E2A499A0F5B6" vid_target="4D384307-2632-DE5F-A79E-041A08474209">
<hideElementsInCurrentOnly>false</hideElementsInCurrentOnly>
<lineWidth>1</lineWidth>
<points>
<point x="1125" y="464"/>
<point x="802" y="464"/>
</points>
</Connector>
<Connector class="oracle.dbtools.crest.swingui.relational.TVFKRelation" oid="2DA3A7AF-5175-8E1F-0AC5-0DA29291D715" otype="FKIndexAssociation" vid_source="D2DD1BC2-F7F3-674B-F177-86F4968B20F8" vid_target="67B97B3A-012F-39E6-5F3F-12EF68EE4FEE">
<hideElementsInCurrentOnly>false</hideElementsInCurrentOnly>
<lineWidth>1</lineWidth>
<points>
<point x="1024" y="317"/>
<point x="1024" y="181"/>
</points>
</Connector>
<Connector class="oracle.dbtools.crest.swingui.relational.TVFKRelation" oid="4301EF40-46B6-D13C-408D-4EDB8EA715AF" otype="FKIndexAssociation" vid_source="7DCAC5B3-9B2D-E76E-CDA0-53E653DE8CB8" vid_target="E160B6E0-7EAC-1549-261C-F214AD91ED83">
<hideElementsInCurrentOnly>false</hideElementsInCurrentOnly>
<lineWidth>1</lineWidth>
<points>
<point x="770" y="154"/>
<point x="770" y="189"/>
</points>
</Connector>
<Connector class="oracle.dbtools.crest.swingui.relational.TVFKRelation" oid="60465E5E-6E70-0841-AFE5-42152E672D08" otype="FKIndexAssociation" vid_source="7AA44698-7C04-E2FB-3F4A-D516B523BF6B" vid_target="CE7F4E73-A200-CEE0-3572-E2A499A0F5B6">
<hideElementsInCurrentOnly>false</hideElementsInCurrentOnly>
<lineWidth>1</lineWidth>
<points>
<point x="1237" y="357"/>
<point x="1237" y="390"/>
</points>
</Connector>
<Connector class="oracle.dbtools.crest.swingui.relational.TVFKRelation" oid="6641BC3A-4DBC-05CA-1D51-5AB50EA81604" otype="FKIndexAssociation" vid_source="C15A2941-0D7F-937F-38E1-2060315034EB" vid_target="7DCAC5B3-9B2D-E76E-CDA0-53E653DE8CB8">
<hideElementsInCurrentOnly>false</hideElementsInCurrentOnly>
<lineWidth>1</lineWidth>
<points>
<point x="304" y="92"/>
<point x="346" y="92"/>
</points>
</Connector>
<Connector class="oracle.dbtools.crest.swingui.relational.TVFKRelation" oid="7392AB1B-4586-B8E3-4866-92F530C73431" otype="FKIndexAssociation" vid_source="9CD458F5-459C-E479-B02A-E4D0CDE79A72" vid_target="E78A677B-9ECD-509A-A613-A5FF5E021D68">
<hideElementsInCurrentOnly>false</hideElementsInCurrentOnly>
<lineWidth>1</lineWidth>
<points>
<point x="112" y="381"/>
<point x="112" y="334"/>
</points>
</Connector>
<Connector class="oracle.dbtools.crest.swingui.relational.TVFKRelation" oid="7F58AD9A-1BD4-4ABB-5147-938FDDBBD750" otype="FKIndexAssociation" vid_source="9CD458F5-459C-E479-B02A-E4D0CDE79A72" vid_target="39C2697F-71B5-1CD6-B7FA-CBFAE3600841">
<hideElementsInCurrentOnly>false</hideElementsInCurrentOnly>
<lineWidth>1</lineWidth>
<points>
<point x="248" y="381"/>
<point x="248" y="331"/>
</points>
</Connector>
<Connector class="oracle.dbtools.crest.swingui.relational.TVFKRelation" oid="A8FD5669-199C-5E68-B8B5-1B341C0FE5E4" otype="FKIndexAssociation" vid_source="3B26D732-6108-F169-31A4-40A7F0367E09" vid_target="7DCAC5B3-9B2D-E76E-CDA0-53E653DE8CB8">
<hideElementsInCurrentOnly>false</hideElementsInCurrentOnly>
<lineWidth>1</lineWidth>
<points>
<point x="551" y="215"/>
<point x="551" y="154"/>
</points>
</Connector>
<Connector class="oracle.dbtools.crest.swingui.relational.TVFKRelation" oid="B8330EB5-EBB1-DF1E-3A02-100AF50A4D50" otype="FKIndexAssociation" vid_source="39C2697F-71B5-1CD6-B7FA-CBFAE3600841" vid_target="C15A2941-0D7F-937F-38E1-2060315034EB">
<hideElementsInCurrentOnly>false</hideElementsInCurrentOnly>
<lineWidth>1</lineWidth>
<points>
<point x="264" y="181"/>
<point x="262" y="134"/>
</points>
</Connector>
<Connector class="oracle.dbtools.crest.swingui.relational.TVFKRelation" oid="D337D150-3050-1D25-C17D-247D9803E262" otype="FKIndexAssociation" vid_source="4D384307-2632-DE5F-A79E-041A08474209" vid_target="67B97B3A-012F-39E6-5F3F-12EF68EE4FEE">
<hideElementsInCurrentOnly>false</hideElementsInCurrentOnly>
<lineWidth>1</lineWidth>
<points>
<point x="701" y="409"/>
<point x="1008" y="181"/>
</points>
</Connector>
<Connector class="oracle.dbtools.crest.swingui.relational.TVFKRelation" oid="FC3AA90D-362B-EE54-EC1A-47A22738EB55" otype="FKIndexAssociation" vid_source="E78A677B-9ECD-509A-A613-A5FF5E021D68" vid_target="C15A2941-0D7F-937F-38E1-2060315034EB">
<hideElementsInCurrentOnly>false</hideElementsInCurrentOnly>
<lineWidth>1</lineWidth>
<points>
<point x="83" y="182"/>
<point x="83" y="134"/>
</points>
</Connector>
<Connector class="oracle.dbtools.crest.swingui.relational.TVFKRelation" oid="FCF5AC93-46B5-9725-2F88-F6F73F49FD0F" otype="FKIndexAssociation" vid_source="39C2697F-71B5-1CD6-B7FA-CBFAE3600841" vid_target="E78A677B-9ECD-509A-A613-A5FF5E021D68">
<hideElementsInCurrentOnly>false</hideElementsInCurrentOnly>
<lineWidth>1</lineWidth>
<points>
<point x="238" y="256"/>
<point x="193" y="256"/>
</points>
</Connector>
</connectors>
</Diagram>