<?xml version = '1.0' encoding = 'UTF-8'?>
<Relation class="oracle.dbtools.crest.model.design.logical.Relation" name="CLIENTE_END" directorySegmentName="seg_0" id="0E92D136-5EF3-987F-9398-0F92FCC8D595">
<createdBy>Administrador</createdBy>
<createdTime>2015-09-22 03:17:43 UTC</createdTime>
<generatorID>Gerado pelo usuário</generatorID>
<ownerDesignName>dominos_pizzaoficial</ownerDesignName>
<engineerTo>
<item key="96F124AA-9081-B730-AED0-475B89B916CC" value="true"/>
</engineerTo>
<identifying>false</identifying>
<optionalSource>true</optionalSource>
<optionalTarget>false</optionalTarget>
<sourceCardinality>*</sourceCardinality>
<sourceEntity>62326D6D-2EC4-4AEB-1D53-6D11085F1A68</sourceEntity>
<targetCardinalityString>*</targetCardinalityString>
<targetEntity>D8D9313A-02DF-AB02-E349-BA4E9215CA90</targetEntity>
<transferable>true</transferable>
<deleteRule>NO ACTION</deleteRule>
</Relation>