<?xml version = '1.0' encoding = 'UTF-8'?>
<Relation class="oracle.dbtools.crest.model.design.logical.Relation" name="ESTADO_PAIS" directorySegmentName="seg_0" id="69186EB9-7852-22B5-3D9E-79282573FA07">
<createdBy>Administrador</createdBy>
<createdTime>2015-09-22 03:03:58 UTC</createdTime>
<generatorID>Gerado pelo usuário</generatorID>
<ownerDesignName>dominos_pizzaoficial</ownerDesignName>
<engineerTo>
<item key="96F124AA-9081-B730-AED0-475B89B916CC" value="true"/>
</engineerTo>
<sourcePk>23D63DBF-5A13-96B6-1022-8346261D6ADF</sourcePk>
<identifying>false</identifying>
<optionalSource>true</optionalSource>
<optionalTarget>false</optionalTarget>
<sourceCardinality>1</sourceCardinality>
<sourceEntity>810E73AA-71A2-EBA6-052C-E57A85F1F258</sourceEntity>
<targetCardinalityString>*</targetCardinalityString>
<targetEntity>B73455B9-C964-C78F-3CFE-C6A5DC5B37D8</targetEntity>
<transferable>true</transferable>
<deleteRule>NO ACTION</deleteRule>
</Relation>