<?xml version = '1.0' encoding = 'UTF-8'?>
<Relation class="oracle.dbtools.crest.model.design.logical.Relation" name="COMBO_ITEM_PROD" directorySegmentName="seg_0" id="6F1BCD80-A435-3255-C512-48D15945D645">
<createdBy>rm73756</createdBy>
<createdTime>2015-10-02 14:03:28 UTC</createdTime>
<ownerDesignName>dominos_pizzaoficial</ownerDesignName>
<engineerTo>
<item key="96F124AA-9081-B730-AED0-475B89B916CC" value="true"/>
</engineerTo>
<sourcePk>9D3CCE88-A249-31CE-32AC-8D45817109E9</sourcePk>
<identifying>false</identifying>
<optionalSource>true</optionalSource>
<optionalTarget>false</optionalTarget>
<sourceCardinality>1</sourceCardinality>
<sourceEntity>16C24FC8-5D60-2A11-4D98-1956FD758B39</sourceEntity>
<targetCardinalityString>*</targetCardinalityString>
<targetEntity>0A18AD46-D6A4-0518-1BD0-47F7EB20A3F9</targetEntity>
<transferable>true</transferable>
<deleteRule>NO ACTION</deleteRule>
</Relation>