<?xml version = '1.0' encoding = 'UTF-8'?>
<Relation class="oracle.dbtools.crest.model.design.logical.Relation" name="MUN_CID" directorySegmentName="seg_0" id="A253BE5B-9E18-FC2C-163B-438EA5EC02D3">
<createdBy>Administrador</createdBy>
<createdTime>2015-09-22 03:04:23 UTC</createdTime>
<generatorID>Gerado pelo usuário</generatorID>
<ownerDesignName>dominos_pizzaoficial</ownerDesignName>
<engineerTo>
<item key="96F124AA-9081-B730-AED0-475B89B916CC" value="true"/>
</engineerTo>
<sourcePk>D44B9B23-A94D-68BC-5824-50C9471E374F</sourcePk>
<identifying>false</identifying>
<optionalSource>true</optionalSource>
<optionalTarget>false</optionalTarget>
<sourceCardinality>1</sourceCardinality>
<sourceEntity>105EFDC0-C61E-BD65-B157-DF3872AA81AE</sourceEntity>
<targetCardinalityString>*</targetCardinalityString>
<targetEntity>E17FC3F9-1D4D-F74B-CDF3-71C3F5AA519B</targetEntity>
<transferable>true</transferable>
<deleteRule>NO ACTION</deleteRule>
</Relation>