<?xml version = '1.0' encoding = 'UTF-8'?>
<Relation class="oracle.dbtools.crest.model.design.logical.Relation" name="FUNC_FILIAL" directorySegmentName="seg_0" id="EDBC1D7D-7179-AFE4-263D-E95B1FF258CB">
<createdBy>Administrador</createdBy>
<createdTime>2015-09-22 03:22:29 UTC</createdTime>
<generatorID>Gerado pelo usuário</generatorID>
<ownerDesignName>dominos_pizzaoficial</ownerDesignName>
<engineerTo>
<item key="96F124AA-9081-B730-AED0-475B89B916CC" value="true"/>
</engineerTo>
<identifying>false</identifying>
<optionalSource>true</optionalSource>
<optionalTarget>false</optionalTarget>
<sourceCardinality>*</sourceCardinality>
<sourceEntity>5EFBC489-A8C5-1E64-E1EB-E07A0E9484B9</sourceEntity>
<targetCardinalityString>*</targetCardinalityString>
<targetEntity>45ADE7ED-17CD-4B3D-E125-FC913430FBE4</targetEntity>
<transferable>true</transferable>
<deleteRule>NO ACTION</deleteRule>
</Relation>