<?xml version = '1.0' encoding = 'UTF-8'?>
<Relation class="oracle.dbtools.crest.model.design.logical.Relation" name="END_FILIAL" directorySegmentName="seg_0" id="EEA7E35D-8987-50BF-BFAA-A53CCA799B01">
<createdBy>Administrador</createdBy>
<createdTime>2015-09-22 03:20:29 UTC</createdTime>
<generatorID>Gerado pelo usuário</generatorID>
<ownerDesignName>dominos_pizzaoficial</ownerDesignName>
<engineerTo>
<item key="96F124AA-9081-B730-AED0-475B89B916CC" value="true"/>
</engineerTo>
<sourcePk>7BF8172C-D656-9285-69FC-4F3EDD8BF94B</sourcePk>
<identifying>false</identifying>
<optionalSource>true</optionalSource>
<optionalTarget>false</optionalTarget>
<sourceCardinality>1</sourceCardinality>
<sourceEntity>45ADE7ED-17CD-4B3D-E125-FC913430FBE4</sourceEntity>
<targetCardinalityString>*</targetCardinalityString>
<targetEntity>D8D9313A-02DF-AB02-E349-BA4E9215CA90</targetEntity>
<transferable>true</transferable>
<deleteRule>NO ACTION</deleteRule>
</Relation>