<?xml version = '1.0' encoding = 'UTF-8'?>
<Relation class="oracle.dbtools.crest.model.design.logical.Relation" name="TEL_FILIAL" directorySegmentName="seg_0" id="FF5F87DA-1B0D-65D5-0F52-E435F56C10A4">
<createdBy>Administrador</createdBy>
<createdTime>2015-09-22 03:20:43 UTC</createdTime>
<generatorID>Gerado pelo usuário</generatorID>
<ownerDesignName>dominos_pizzaoficial</ownerDesignName>
<engineerTo>
<item key="96F124AA-9081-B730-AED0-475B89B916CC" value="true"/>
</engineerTo>
<sourcePk>7BF8172C-D656-9285-69FC-4F3EDD8BF94B</sourcePk>
<identifying>false</identifying>
<optionalSource>true</optionalSource>
<optionalTarget>false</optionalTarget>
<sourceCardinality>1</sourceCardinality>
<sourceEntity>45ADE7ED-17CD-4B3D-E125-FC913430FBE4</sourceEntity>
<targetCardinalityString>*</targetCardinalityString>
<targetEntity>BD62A546-FFCB-10A7-88E9-7818B08D3161</targetEntity>
<transferable>true</transferable>
<deleteRule>NO ACTION</deleteRule>
</Relation>