<?xml version = '1.0' encoding = 'UTF-8'?>
<Relation class="oracle.dbtools.crest.model.design.logical.Relation" name="CD_COMBO_ITEM" directorySegmentName="seg_0" id="FFB4325C-4CF7-5F1E-6683-C81611748439">
<createdBy>rm73756</createdBy>
<createdTime>2015-10-02 14:03:10 UTC</createdTime>
<ownerDesignName>dominos_pizzaoficial</ownerDesignName>
<engineerTo>
<item key="96F124AA-9081-B730-AED0-475B89B916CC" value="true"/>
</engineerTo>
<sourcePk>18F8A6C8-0B07-5D36-AC75-C3BC23839967</sourcePk>
<identifying>false</identifying>
<optionalSource>true</optionalSource>
<optionalTarget>false</optionalTarget>
<sourceCardinality>1</sourceCardinality>
<sourceEntity>173EAA54-7343-6438-16E2-071A702C3BF3</sourceEntity>
<targetCardinalityString>*</targetCardinalityString>
<targetEntity>16C24FC8-5D60-2A11-4D98-1956FD758B39</targetEntity>
<transferable>true</transferable>
<deleteRule>NO ACTION</deleteRule>
</Relation>