<?xml version = '1.0' encoding = 'UTF-8'?>
<Entity class="oracle.dbtools.crest.model.design.logical.Entity" directorySegmentName="seg_0" id="0A18AD46-D6A4-0518-1BD0-47F7EB20A3F9" name="PRODUTO">
<createdBy>Administrador</createdBy>
<createdTime>2015-10-02 03:11:02 UTC</createdTime>
<generatorID>Gerado pelo usuário</generatorID>
<ownerDesignName>dominos_pizzaoficial</ownerDesignName>
<engineerTo>
<item key="96F124AA-9081-B730-AED0-475B89B916CC" value="true"/>
</engineerTo>
<adequatelyNormalized>NO</adequatelyNormalized>
<expectedVolumes>0</expectedVolumes>
<fwdEngineeringStrategyName>Single Table</fwdEngineeringStrategyName>
<growthPercent>0</growthPercent>
<growthType>Year</growthType>
<maxVolumes>9999999</maxVolumes>
<minVolumes>0</minVolumes>
<normalForm>Third</normalForm>
<attributes itemClass="oracle.dbtools.crest.model.design.logical.Attribute">
<Attribute name="cd_produto" id="761752CF-D6B8-4733-CDFD-A1487CE5B42B">
<createdBy>Administrador</createdBy>
<createdTime>2015-10-02 03:11:10 UTC</createdTime>
<comment>Código do produto.</comment>
<generatorID>Gerado pelo usuário</generatorID>
<ownerDesignName>dominos_pizzaoficial</ownerDesignName>
<engineerTo>
<item key="96F124AA-9081-B730-AED0-475B89B916CC" value="true"/>
</engineerTo>
<useDomainConstraints>false</useDomainConstraints>
<use>1</use>
<logicalDatatype>LOGDT011</logicalDatatype>
</Attribute>
<Attribute name="nm_produto" id="0AAA006F-3562-710B-DF67-FCB580BF2C35">
<createdBy>Administrador</createdBy>
<createdTime>2015-10-02 03:11:20 UTC</createdTime>
<comment>Nome do produto.</comment>
<generatorID>Gerado pelo usuário</generatorID>
<ownerDesignName>dominos_pizzaoficial</ownerDesignName>
<engineerTo>
<item key="96F124AA-9081-B730-AED0-475B89B916CC" value="true"/>
</engineerTo>
<nullsAllowed>true</nullsAllowed>
<useDomainConstraints>false</useDomainConstraints>
<use>1</use>
<logicalDatatype>LOGDT024</logicalDatatype>
<dataTypeSize>100</dataTypeSize>
</Attribute>
<Attribute name="prc_produto" id="F63E52BF-9C5A-CAA3-EAC3-80D936C99E8E">
<createdBy>Administrador</createdBy>
<createdTime>2015-10-02 03:11:50 UTC</createdTime>
<comment>Valor do produto.</comment>
<generatorID>Gerado pelo usuário</generatorID>
<ownerDesignName>dominos_pizzaoficial</ownerDesignName>
<engineerTo>
<item key="96F124AA-9081-B730-AED0-475B89B916CC" value="true"/>
</engineerTo>
<nullsAllowed>true</nullsAllowed>
<useDomainConstraints>false</useDomainConstraints>
<use>1</use>
<logicalDatatype>LOGDT019</logicalDatatype>
<dataTypePrecision>4</dataTypePrecision>
<dataTypeScale>2</dataTypeScale>
</Attribute>
<Attribute name="cd_categoria" id="93F55A26-DD37-A47D-F72F-1933B8434393">
<createdBy>rm73756</createdBy>
<createdTime>2015-10-02 13:42:44 UTC</createdTime>
<comment>Código da categoria</comment>
<generatorID>105476FA-1C56-D5B2-399F-F4A778BAB9E8</generatorID>
<ownerDesignName>dominos_pizzaoficial</ownerDesignName>
<engineerTo>
<item key="96F124AA-9081-B730-AED0-475B89B916CC" value="true"/>
</engineerTo>
<referedAttribute>4DD0E89A-6087-B3AC-40CC-6E0B45FC7136</referedAttribute>
<useDomainConstraints>false</useDomainConstraints>
<use>1</use>
<logicalDatatype>LOGDT011</logicalDatatype>
</Attribute>
<Attribute name="cd_combo_item" id="045C865C-69E4-D392-4941-DC51C3B13B4C">
<createdBy>rm73756</createdBy>
<createdTime>2015-10-02 14:03:28 UTC</createdTime>
<comment>Código combo item.</comment>
<generatorID>6F1BCD80-A435-3255-C512-48D15945D645</generatorID>
<ownerDesignName>dominos_pizzaoficial</ownerDesignName>
<engineerTo>
<item key="96F124AA-9081-B730-AED0-475B89B916CC" value="true"/>
</engineerTo>
<referedAttribute>D2403729-54E8-B476-6826-780CEF73639F</referedAttribute>
<useDomainConstraints>false</useDomainConstraints>
<use>1</use>
<logicalDatatype>LOGDT011</logicalDatatype>
</Attribute>
</attributes>
<identifiers itemClass="oracle.dbtools.crest.model.design.logical.CandidateKey">
<identifier id="0FA93EC5-3E2D-EA90-05AE-545046AD0629" name="PRODUTO PK">
<createdBy>Administrador</createdBy>
<createdTime>2015-10-02 03:17:58 UTC</createdTime>
<generatorID>Gerado pelo usuário</generatorID>
<ownerDesignName>dominos_pizzaoficial</ownerDesignName>
<engineerTo>
<item key="96F124AA-9081-B730-AED0-475B89B916CC" value="true"/>
</engineerTo>
<pk>true</pk>
<usedAttributes>
<attributeRef>761752CF-D6B8-4733-CDFD-A1487CE5B42B</attributeRef>
</usedAttributes>
</identifier>
</identifiers>
</Entity>