<?xml version = '1.0' encoding = 'UTF-8'?>
<Entity class="oracle.dbtools.crest.model.design.logical.Entity" directorySegmentName="seg_0" id="105EFDC0-C61E-BD65-B157-DF3872AA81AE" name="CIDADE">
<createdBy>Administrador</createdBy>
<createdTime>2015-09-22 02:24:27 UTC</createdTime>
<generatorID>Gerado pelo usuário</generatorID>
<ownerDesignName>dominos_pizzaoficial</ownerDesignName>
<engineerTo>
<item key="96F124AA-9081-B730-AED0-475B89B916CC" value="true"/>
</engineerTo>
<adequatelyNormalized>NO</adequatelyNormalized>
<expectedVolumes>0</expectedVolumes>
<fwdEngineeringStrategyName>Single Table</fwdEngineeringStrategyName>
<growthPercent>0</growthPercent>
<growthType>Year</growthType>
<maxVolumes>9999999</maxVolumes>
<minVolumes>0</minVolumes>
<normalForm>Third</normalForm>
<attributes itemClass="oracle.dbtools.crest.model.design.logical.Attribute">
<Attribute name="cd_cidade" id="9D67F39C-C692-2788-B4C7-91314D920B9A">
<createdBy>Administrador</createdBy>
<createdTime>2015-09-22 02:25:10 UTC</createdTime>
<comment>Código da cidade.</comment>
<generatorID>Gerado pelo usuário</generatorID>
<ownerDesignName>dominos_pizzaoficial</ownerDesignName>
<engineerTo>
<item key="96F124AA-9081-B730-AED0-475B89B916CC" value="true"/>
</engineerTo>
<useDomainConstraints>false</useDomainConstraints>
<use>1</use>
<logicalDatatype>LOGDT011</logicalDatatype>
</Attribute>
<Attribute name="nm_cidade" id="E41AD96E-1AB7-5056-15A7-500F2A1FED7B">
<createdBy>Administrador</createdBy>
<createdTime>2015-09-22 02:25:24 UTC</createdTime>
<comment>Nome da cidade.</comment>
<generatorID>Gerado pelo usuário</generatorID>
<ownerDesignName>dominos_pizzaoficial</ownerDesignName>
<engineerTo>
<item key="96F124AA-9081-B730-AED0-475B89B916CC" value="true"/>
</engineerTo>
<useDomainConstraints>false</useDomainConstraints>
<use>1</use>
<logicalDatatype>LOGDT024</logicalDatatype>
<dataTypeSize>60</dataTypeSize>
</Attribute>
<Attribute name="cd_estado" id="A2301329-7AE5-CE66-B794-6B8BE3CD3029">
<createdBy>Administrador</createdBy>
<createdTime>2015-09-22 03:04:10 UTC</createdTime>
<comment>Código do estado.</comment>
<generatorID>386E1C5E-E0F0-B9B5-A2A9-5D9925389EAE</generatorID>
<ownerDesignName>dominos_pizzaoficial</ownerDesignName>
<engineerTo>
<item key="96F124AA-9081-B730-AED0-475B89B916CC" value="true"/>
</engineerTo>
<referedAttribute>69713C14-F29E-587A-B03B-017EDDA6861F</referedAttribute>
<useDomainConstraints>false</useDomainConstraints>
<use>1</use>
<logicalDatatype>LOGDT011</logicalDatatype>
</Attribute>
</attributes>
<identifiers itemClass="oracle.dbtools.crest.model.design.logical.CandidateKey">
<identifier id="D44B9B23-A94D-68BC-5824-50C9471E374F" name="CIDADE PK">
<createdBy>Administrador</createdBy>
<createdTime>2015-09-22 02:25:16 UTC</createdTime>
<generatorID>Gerado pelo usuário</generatorID>
<ownerDesignName>dominos_pizzaoficial</ownerDesignName>
<engineerTo>
<item key="96F124AA-9081-B730-AED0-475B89B916CC" value="true"/>
</engineerTo>
<pk>true</pk>
<usedAttributes>
<attributeRef>9D67F39C-C692-2788-B4C7-91314D920B9A</attributeRef>
</usedAttributes>
</identifier>
</identifiers>
</Entity>