<?xml version = '1.0' encoding = 'UTF-8'?>
<Entity class="oracle.dbtools.crest.model.design.logical.Entity" directorySegmentName="seg_0" id="173EAA54-7343-6438-16E2-071A702C3BF3" name="COMBO_PROMOCAO">
<createdBy>Administrador</createdBy>
<createdTime>2015-09-22 03:44:14 UTC</createdTime>
<generatorID>Gerado pelo usuário</generatorID>
<ownerDesignName>dominos_pizzaoficial</ownerDesignName>
<engineerTo>
<item key="96F124AA-9081-B730-AED0-475B89B916CC" value="true"/>
</engineerTo>
<adequatelyNormalized>NO</adequatelyNormalized>
<expectedVolumes>0</expectedVolumes>
<fwdEngineeringStrategyName>Single Table</fwdEngineeringStrategyName>
<growthPercent>0</growthPercent>
<growthType>Year</growthType>
<maxVolumes>9999999</maxVolumes>
<minVolumes>0</minVolumes>
<normalForm>Third</normalForm>
<attributes itemClass="oracle.dbtools.crest.model.design.logical.Attribute">
<Attribute name="cd_combo" id="D4037137-B088-B169-54C9-8D3395F167DC">
<createdBy>Administrador</createdBy>
<createdTime>2015-09-22 03:44:26 UTC</createdTime>
<comment>Código do combo.</comment>
<generatorID>Gerado pelo usuário</generatorID>
<ownerDesignName>dominos_pizzaoficial</ownerDesignName>
<engineerTo>
<item key="96F124AA-9081-B730-AED0-475B89B916CC" value="true"/>
</engineerTo>
<useDomainConstraints>false</useDomainConstraints>
<use>1</use>
<logicalDatatype>LOGDT011</logicalDatatype>
</Attribute>
<Attribute name="nm_combo" id="C4D14891-5DEB-4FCC-989B-F5EF2A0E6397">
<createdBy>Administrador</createdBy>
<createdTime>2015-09-22 03:44:34 UTC</createdTime>
<comment>Nome do combo.</comment>
<generatorID>Gerado pelo usuário</generatorID>
<ownerDesignName>dominos_pizzaoficial</ownerDesignName>
<engineerTo>
<item key="96F124AA-9081-B730-AED0-475B89B916CC" value="true"/>
</engineerTo>
<nullsAllowed>true</nullsAllowed>
<useDomainConstraints>false</useDomainConstraints>
<use>1</use>
<logicalDatatype>LOGDT024</logicalDatatype>
<dataTypeSize>100</dataTypeSize>
</Attribute>
<Attribute name="tp_combo" id="34F766A4-B7A2-8768-9A00-FB8311892751">
<createdBy>Administrador</createdBy>
<createdTime>2015-09-22 03:44:51 UTC</createdTime>
<comment>Tipo do combo.</comment>
<generatorID>Gerado pelo usuário</generatorID>
<ownerDesignName>dominos_pizzaoficial</ownerDesignName>
<engineerTo>
<item key="96F124AA-9081-B730-AED0-475B89B916CC" value="true"/>
</engineerTo>
<nullsAllowed>true</nullsAllowed>
<useDomainConstraints>false</useDomainConstraints>
<use>1</use>
<logicalDatatype>LOGDT025</logicalDatatype>
<dataTypeSize>25</dataTypeSize>
</Attribute>
<Attribute name="vl_combo" id="7BF98CB1-36DC-A283-59A0-C47FE0613AA4">
<createdBy>rm73756</createdBy>
<createdTime>2015-10-02 14:02:09 UTC</createdTime>
<comment>Valor do combo.</comment>
<ownerDesignName>dominos_pizzaoficial</ownerDesignName>
<engineerTo>
<item key="96F124AA-9081-B730-AED0-475B89B916CC" value="true"/>
</engineerTo>
<nullsAllowed>true</nullsAllowed>
<useDomainConstraints>false</useDomainConstraints>
<use>1</use>
<logicalDatatype>LOGDT019</logicalDatatype>
<dataTypePrecision>4</dataTypePrecision>
<dataTypeScale>2</dataTypeScale>
</Attribute>
</attributes>
<identifiers itemClass="oracle.dbtools.crest.model.design.logical.CandidateKey">
<identifier id="18F8A6C8-0B07-5D36-AC75-C3BC23839967" name="COMBO_PROMOCAO PK">
<createdBy>Administrador</createdBy>
<createdTime>2015-09-22 03:45:08 UTC</createdTime>
<generatorID>Gerado pelo usuário</generatorID>
<ownerDesignName>dominos_pizzaoficial</ownerDesignName>
<engineerTo>
<item key="96F124AA-9081-B730-AED0-475B89B916CC" value="true"/>
</engineerTo>
<pk>true</pk>
<usedAttributes>
<attributeRef>D4037137-B088-B169-54C9-8D3395F167DC</attributeRef>
</usedAttributes>
</identifier>
</identifiers>
</Entity>