<?xml version = '1.0' encoding = 'UTF-8'?>
<Entity class="oracle.dbtools.crest.model.design.logical.Entity" directorySegmentName="seg_0" id="42B3DDBA-3BF7-E88C-B2DE-3596476BADB1" name="METODO_PAGAMENTO">
<createdBy>Administrador</createdBy>
<createdTime>2015-09-22 02:45:23 UTC</createdTime>
<generatorID>Gerado pelo usuário</generatorID>
<ownerDesignName>dominos_pizzaoficial</ownerDesignName>
<engineerTo>
<item key="96F124AA-9081-B730-AED0-475B89B916CC" value="true"/>
</engineerTo>
<adequatelyNormalized>NO</adequatelyNormalized>
<expectedVolumes>0</expectedVolumes>
<fwdEngineeringStrategyName>Single Table</fwdEngineeringStrategyName>
<growthPercent>0</growthPercent>
<growthType>Year</growthType>
<maxVolumes>9999999</maxVolumes>
<minVolumes>0</minVolumes>
<normalForm>Third</normalForm>
<attributes itemClass="oracle.dbtools.crest.model.design.logical.Attribute">
<Attribute name="cd_metodo_pagamento" id="BD5A3BFF-711C-71CE-735D-1EB77363A0EA">
<createdBy>Administrador</createdBy>
<createdTime>2015-09-22 02:45:50 UTC</createdTime>
<comment>Código metodo do pagamento.</comment>
<generatorID>Gerado pelo usuário</generatorID>
<ownerDesignName>dominos_pizzaoficial</ownerDesignName>
<engineerTo>
<item key="96F124AA-9081-B730-AED0-475B89B916CC" value="true"/>
</engineerTo>
<useDomainConstraints>false</useDomainConstraints>
<use>1</use>
<logicalDatatype>LOGDT011</logicalDatatype>
</Attribute>
<Attribute name="ds_metodo_pagamento" id="4EEB01E7-F909-3744-20BE-D9E91857DE7E">
<createdBy>Administrador</createdBy>
<createdTime>2015-09-22 02:46:00 UTC</createdTime>
<comment>Descrição metodo de pagamento.</comment>
<generatorID>Gerado pelo usuário</generatorID>
<ownerDesignName>dominos_pizzaoficial</ownerDesignName>
<engineerTo>
<item key="96F124AA-9081-B730-AED0-475B89B916CC" value="true"/>
</engineerTo>
<nullsAllowed>true</nullsAllowed>
<useDomainConstraints>false</useDomainConstraints>
<use>1</use>
<logicalDatatype>LOGDT024</logicalDatatype>
<dataTypeSize>100</dataTypeSize>
</Attribute>
<Attribute name="cd_pagamento" id="B060A76E-04BC-ABF2-7215-776995730C74">
<createdBy>Administrador</createdBy>
<createdTime>2015-09-22 03:13:58 UTC</createdTime>
<comment>Código do pagamento.</comment>
<generatorID>4CB041C6-5BAF-89EA-9C6B-3A86AB3FCC3B</generatorID>
<ownerDesignName>dominos_pizzaoficial</ownerDesignName>
<engineerTo>
<item key="96F124AA-9081-B730-AED0-475B89B916CC" value="true"/>
</engineerTo>
<referedAttribute>92279A17-A343-8802-6582-589140E8F36A</referedAttribute>
<useDomainConstraints>false</useDomainConstraints>
<use>1</use>
<logicalDatatype>LOGDT011</logicalDatatype>
</Attribute>
</attributes>
<identifiers itemClass="oracle.dbtools.crest.model.design.logical.CandidateKey">
<identifier id="0783AE84-DC05-1F02-FE15-C3C2C280A0B6" name="METODO_PAGAMENTO PK">
<createdBy>Administrador</createdBy>
<createdTime>2015-09-22 02:49:39 UTC</createdTime>
<generatorID>Gerado pelo usuário</generatorID>
<ownerDesignName>dominos_pizzaoficial</ownerDesignName>
<engineerTo>
<item key="96F124AA-9081-B730-AED0-475B89B916CC" value="true"/>
</engineerTo>
<pk>true</pk>
<usedAttributes>
<attributeRef>BD5A3BFF-711C-71CE-735D-1EB77363A0EA</attributeRef>
</usedAttributes>
</identifier>
</identifiers>
</Entity>