<?xml version = '1.0' encoding = 'UTF-8'?>
<Entity class="oracle.dbtools.crest.model.design.logical.Entity" directorySegmentName="seg_0" id="5EFBC489-A8C5-1E64-E1EB-E07A0E9484B9" name="FUNCIONARIO">
<createdBy>Administrador</createdBy>
<createdTime>2015-09-22 02:34:42 UTC</createdTime>
<generatorID>Gerado pelo usuário</generatorID>
<ownerDesignName>dominos_pizzaoficial</ownerDesignName>
<engineerTo>
<item key="96F124AA-9081-B730-AED0-475B89B916CC" value="true"/>
</engineerTo>
<adequatelyNormalized>NO</adequatelyNormalized>
<expectedVolumes>0</expectedVolumes>
<fwdEngineeringStrategyName>Single Table</fwdEngineeringStrategyName>
<growthPercent>0</growthPercent>
<growthType>Year</growthType>
<maxVolumes>9999999</maxVolumes>
<minVolumes>0</minVolumes>
<normalForm>Third</normalForm>
<attributes itemClass="oracle.dbtools.crest.model.design.logical.Attribute">
<Attribute name="cd_funcionario" id="E5C5ABD9-D626-881B-E05A-0E94C4D31ADD">
<createdBy>Administrador</createdBy>
<createdTime>2015-09-22 02:34:48 UTC</createdTime>
<comment>Código do funcionario.</comment>
<generatorID>Gerado pelo usuário</generatorID>
<ownerDesignName>dominos_pizzaoficial</ownerDesignName>
<engineerTo>
<item key="96F124AA-9081-B730-AED0-475B89B916CC" value="true"/>
</engineerTo>
<useDomainConstraints>false</useDomainConstraints>
<use>1</use>
<logicalDatatype>LOGDT011</logicalDatatype>
</Attribute>
<Attribute name="nm_funcionario" id="C86A7515-9EE2-1A94-E275-49E8BC606958">
<createdBy>Administrador</createdBy>
<createdTime>2015-09-22 02:35:02 UTC</createdTime>
<comment>Nome do funcionario.</comment>
<generatorID>Gerado pelo usuário</generatorID>
<ownerDesignName>dominos_pizzaoficial</ownerDesignName>
<engineerTo>
<item key="96F124AA-9081-B730-AED0-475B89B916CC" value="true"/>
</engineerTo>
<useDomainConstraints>false</useDomainConstraints>
<use>1</use>
<logicalDatatype>LOGDT024</logicalDatatype>
<dataTypeSize>100</dataTypeSize>
</Attribute>
<Attribute name="nu_rg_funcionario" id="A394755E-1380-19CF-BAD0-AC35949EDB02">
<createdBy>Administrador</createdBy>
<createdTime>2015-09-22 02:35:15 UTC</createdTime>
<comment>Numero do RG funcionario.</comment>
<generatorID>Gerado pelo usuário</generatorID>
<ownerDesignName>dominos_pizzaoficial</ownerDesignName>
<engineerTo>
<item key="96F124AA-9081-B730-AED0-475B89B916CC" value="true"/>
</engineerTo>
<useDomainConstraints>false</useDomainConstraints>
<use>1</use>
<logicalDatatype>LOGDT025</logicalDatatype>
<dataTypeSize>13</dataTypeSize>
</Attribute>
<Attribute name="nu_cpf_funcionario" id="F9991350-71E0-61D9-5C0F-3788A8C8E7AB">
<createdBy>Administrador</createdBy>
<createdTime>2015-09-22 02:35:58 UTC</createdTime>
<comment>Numero do CPF funcionario.</comment>
<generatorID>Gerado pelo usuário</generatorID>
<ownerDesignName>dominos_pizzaoficial</ownerDesignName>
<engineerTo>
<item key="96F124AA-9081-B730-AED0-475B89B916CC" value="true"/>
</engineerTo>
<useDomainConstraints>false</useDomainConstraints>
<use>1</use>
<logicalDatatype>LOGDT025</logicalDatatype>
<dataTypeSize>15</dataTypeSize>
</Attribute>
<Attribute name="vl_salario" id="711F88C1-AEEE-F451-27BC-BE78D9C8FF94">
<createdBy>Administrador</createdBy>
<createdTime>2015-09-22 02:36:09 UTC</createdTime>
<comment>Valor do salario do funcionario.</comment>
<generatorID>Gerado pelo usuário</generatorID>
<ownerDesignName>dominos_pizzaoficial</ownerDesignName>
<engineerTo>
<item key="96F124AA-9081-B730-AED0-475B89B916CC" value="true"/>
</engineerTo>
<nullsAllowed>true</nullsAllowed>
<useDomainConstraints>false</useDomainConstraints>
<use>1</use>
<logicalDatatype>LOGDT019</logicalDatatype>
<dataTypePrecision>6</dataTypePrecision>
<dataTypeScale>2</dataTypeScale>
</Attribute>
<Attribute name="cd_cargo" id="E86A7B6C-1E59-4FC7-0113-0A82DFF417D2">
<createdBy>Administrador</createdBy>
<createdTime>2015-09-22 03:14:58 UTC</createdTime>
<comment>Código do cargo funcionario.</comment>
<generatorID>67FD1117-6308-0BDE-7AFB-4B0B88DAAF5C</generatorID>
<ownerDesignName>dominos_pizzaoficial</ownerDesignName>
<engineerTo>
<item key="96F124AA-9081-B730-AED0-475B89B916CC" value="true"/>
</engineerTo>
<referedAttribute>2DF291CE-3A8E-14A8-6230-AD6155B011A4</referedAttribute>
<useDomainConstraints>false</useDomainConstraints>
<use>1</use>
<logicalDatatype>LOGDT011</logicalDatatype>
</Attribute>
<Attribute name="cd_funcionario1" id="243FA9E5-5559-DB71-6413-36AAADBC7FA5">
<createdBy>Administrador</createdBy>
<createdTime>2015-09-22 03:15:14 UTC</createdTime>
<comment>Código do funcionario auto relacionamento.</comment>
<generatorID>9D0690EF-7C30-7852-F140-0F73BB0EFC94</generatorID>
<ownerDesignName>dominos_pizzaoficial</ownerDesignName>
<engineerTo>
<item key="96F124AA-9081-B730-AED0-475B89B916CC" value="true"/>
</engineerTo>
<nullsAllowed>true</nullsAllowed>
<referedAttribute>E5C5ABD9-D626-881B-E05A-0E94C4D31ADD</referedAttribute>
<useDomainConstraints>false</useDomainConstraints>
<use>1</use>
<logicalDatatype>LOGDT011</logicalDatatype>
</Attribute>
<Attribute name="dt_admissao" id="AAC5AA77-BE2D-F199-0180-36F8FFDC9F29">
<createdBy>Administrador</createdBy>
<createdTime>2015-09-22 03:51:10 UTC</createdTime>
<comment>Data de admnissão </comment>
<generatorID>Gerado pelo usuário</generatorID>
<ownerDesignName>dominos_pizzaoficial</ownerDesignName>
<engineerTo>
<item key="96F124AA-9081-B730-AED0-475B89B916CC" value="true"/>
</engineerTo>
<nullsAllowed>true</nullsAllowed>
<useDomainConstraints>false</useDomainConstraints>
<use>1</use>
<logicalDatatype>LOGDT007</logicalDatatype>
</Attribute>
<Attribute name="dt_demissao" id="5A97BDE7-0D12-F4E1-853F-49188F14D639">
<createdBy>Administrador</createdBy>
<createdTime>2015-09-22 03:51:25 UTC</createdTime>
<comment>Data de demissão.</comment>
<generatorID>Gerado pelo usuário</generatorID>
<ownerDesignName>dominos_pizzaoficial</ownerDesignName>
<engineerTo>
<item key="96F124AA-9081-B730-AED0-475B89B916CC" value="true"/>
</engineerTo>
<nullsAllowed>true</nullsAllowed>
<useDomainConstraints>false</useDomainConstraints>
<use>1</use>
<logicalDatatype>LOGDT007</logicalDatatype>
</Attribute>
</attributes>
<identifiers itemClass="oracle.dbtools.crest.model.design.logical.CandidateKey">
<identifier id="0090B587-058E-6D08-7F25-9E91701C12B3" name="FUNCIONARIO PK">
<createdBy>Administrador</createdBy>
<createdTime>2015-09-22 02:35:01 UTC</createdTime>
<generatorID>Gerado pelo usuário</generatorID>
<ownerDesignName>dominos_pizzaoficial</ownerDesignName>
<engineerTo>
<item key="96F124AA-9081-B730-AED0-475B89B916CC" value="true"/>
</engineerTo>
<pk>true</pk>
<usedAttributes>
<attributeRef>E5C5ABD9-D626-881B-E05A-0E94C4D31ADD</attributeRef>
</usedAttributes>
</identifier>
</identifiers>
</Entity>