<?xml version = '1.0' encoding = 'UTF-8'?>
<Entity class="oracle.dbtools.crest.model.design.logical.Entity" directorySegmentName="seg_0" id="62326D6D-2EC4-4AEB-1D53-6D11085F1A68" name="CLIENTE">
<createdBy>Administrador</createdBy>
<createdTime>2015-09-22 02:39:11 UTC</createdTime>
<generatorID>Gerado pelo usuário</generatorID>
<ownerDesignName>dominos_pizzaoficial</ownerDesignName>
<engineerTo>
<item key="96F124AA-9081-B730-AED0-475B89B916CC" value="true"/>
</engineerTo>
<adequatelyNormalized>NO</adequatelyNormalized>
<expectedVolumes>0</expectedVolumes>
<fwdEngineeringStrategyName>Single Table</fwdEngineeringStrategyName>
<growthPercent>0</growthPercent>
<growthType>Year</growthType>
<maxVolumes>9999999</maxVolumes>
<minVolumes>0</minVolumes>
<normalForm>Third</normalForm>
<attributes itemClass="oracle.dbtools.crest.model.design.logical.Attribute">
<Attribute name="cd_cliente" id="191A374E-6F67-E94B-B0F8-080CC2892CD4">
<createdBy>Administrador</createdBy>
<createdTime>2015-09-22 02:39:16 UTC</createdTime>
<comment>Código do cliente.</comment>
<generatorID>Gerado pelo usuário</generatorID>
<ownerDesignName>dominos_pizzaoficial</ownerDesignName>
<engineerTo>
<item key="96F124AA-9081-B730-AED0-475B89B916CC" value="true"/>
</engineerTo>
<useDomainConstraints>false</useDomainConstraints>
<use>1</use>
<logicalDatatype>LOGDT011</logicalDatatype>
</Attribute>
<Attribute name="nm_cliente" id="709D4D55-1802-53F9-4DFC-8B9019D93B52">
<createdBy>Administrador</createdBy>
<createdTime>2015-09-22 02:39:23 UTC</createdTime>
<comment>Nome do cliente.</comment>
<generatorID>Gerado pelo usuário</generatorID>
<ownerDesignName>dominos_pizzaoficial</ownerDesignName>
<engineerTo>
<item key="96F124AA-9081-B730-AED0-475B89B916CC" value="true"/>
</engineerTo>
<nullsAllowed>true</nullsAllowed>
<useDomainConstraints>false</useDomainConstraints>
<use>1</use>
<logicalDatatype>LOGDT024</logicalDatatype>
<dataTypeSize>100</dataTypeSize>
</Attribute>
<Attribute name="nu_rg_cliente" id="D97CD918-0DE3-3D96-7EF2-FF94B022E4E8">
<createdBy>Administrador</createdBy>
<createdTime>2015-09-22 02:39:38 UTC</createdTime>
<comment>Número do RG cliente.</comment>
<generatorID>Gerado pelo usuário</generatorID>
<ownerDesignName>dominos_pizzaoficial</ownerDesignName>
<engineerTo>
<item key="96F124AA-9081-B730-AED0-475B89B916CC" value="true"/>
</engineerTo>
<nullsAllowed>true</nullsAllowed>
<useDomainConstraints>false</useDomainConstraints>
<use>1</use>
<logicalDatatype>LOGDT025</logicalDatatype>
<dataTypeSize>13</dataTypeSize>
</Attribute>
<Attribute name="nu_cpf_cliente" id="035FD639-374A-A925-3440-D49E3413AC6D">
<createdBy>Administrador</createdBy>
<createdTime>2015-09-22 02:39:52 UTC</createdTime>
<comment>Número do CPF cliente.</comment>
<generatorID>Gerado pelo usuário</generatorID>
<ownerDesignName>dominos_pizzaoficial</ownerDesignName>
<engineerTo>
<item key="96F124AA-9081-B730-AED0-475B89B916CC" value="true"/>
</engineerTo>
<nullsAllowed>true</nullsAllowed>
<useDomainConstraints>false</useDomainConstraints>
<use>1</use>
<logicalDatatype>LOGDT025</logicalDatatype>
<dataTypeSize>15</dataTypeSize>
</Attribute>
<Attribute name="dt_nasc_cliente" id="B256E632-4E54-E40F-B137-8497AB43B471">
<createdBy>Administrador</createdBy>
<createdTime>2015-09-22 02:40:05 UTC</createdTime>
<comment>Data de nascimento do cliente.</comment>
<generatorID>Gerado pelo usuário</generatorID>
<ownerDesignName>dominos_pizzaoficial</ownerDesignName>
<engineerTo>
<item key="96F124AA-9081-B730-AED0-475B89B916CC" value="true"/>
</engineerTo>
<nullsAllowed>true</nullsAllowed>
<useDomainConstraints>false</useDomainConstraints>
<use>1</use>
<logicalDatatype>LOGDT007</logicalDatatype>
</Attribute>
<Attribute name="ds_email" id="F4E885C9-41CC-079F-8089-A553D33BB8A0">
<createdBy>Administrador</createdBy>
<createdTime>2015-09-22 02:40:23 UTC</createdTime>
<comment>Descrição do e-mail.</comment>
<generatorID>Gerado pelo usuário</generatorID>
<ownerDesignName>dominos_pizzaoficial</ownerDesignName>
<engineerTo>
<item key="96F124AA-9081-B730-AED0-475B89B916CC" value="true"/>
</engineerTo>
<nullsAllowed>true</nullsAllowed>
<useDomainConstraints>false</useDomainConstraints>
<use>1</use>
<logicalDatatype>LOGDT024</logicalDatatype>
<dataTypeSize>150</dataTypeSize>
</Attribute>
</attributes>
<identifiers itemClass="oracle.dbtools.crest.model.design.logical.CandidateKey">
<identifier id="E91EB0FE-83B2-92B8-5C46-EC9A25C4A85D" name="CLIENTE PK">
<createdBy>Administrador</createdBy>
<createdTime>2015-09-22 02:49:45 UTC</createdTime>
<generatorID>Gerado pelo usuário</generatorID>
<ownerDesignName>dominos_pizzaoficial</ownerDesignName>
<engineerTo>
<item key="96F124AA-9081-B730-AED0-475B89B916CC" value="true"/>
</engineerTo>
<pk>true</pk>
<usedAttributes>
<attributeRef>191A374E-6F67-E94B-B0F8-080CC2892CD4</attributeRef>
</usedAttributes>
</identifier>
</identifiers>
</Entity>