<?xml version = '1.0' encoding = 'UTF-8'?>
<Entity class="oracle.dbtools.crest.model.design.logical.Entity" directorySegmentName="seg_0" id="90621D97-A6D5-8EC9-3275-5445D882C4B1" name="PRODUTO_ITEM">
<createdBy>Administrador</createdBy>
<createdTime>2015-10-02 03:15:55 UTC</createdTime>
<generatorID>Gerado pelo usuário</generatorID>
<ownerDesignName>dominos_pizzaoficial</ownerDesignName>
<engineerTo>
<item key="96F124AA-9081-B730-AED0-475B89B916CC" value="true"/>
</engineerTo>
<adequatelyNormalized>NO</adequatelyNormalized>
<expectedVolumes>0</expectedVolumes>
<fwdEngineeringStrategyName>Single Table</fwdEngineeringStrategyName>
<growthPercent>0</growthPercent>
<growthType>Year</growthType>
<maxVolumes>9999999</maxVolumes>
<minVolumes>0</minVolumes>
<normalForm>Third</normalForm>
<attributes itemClass="oracle.dbtools.crest.model.design.logical.Attribute">
<Attribute name="cd_produto_item" id="690AB47E-DE6A-D22B-B3A3-E37798144A0D">
<createdBy>Administrador</createdBy>
<createdTime>2015-10-02 03:17:36 UTC</createdTime>
<comment>Código do item produto.</comment>
<generatorID>Gerado pelo usuário</generatorID>
<ownerDesignName>dominos_pizzaoficial</ownerDesignName>
<engineerTo>
<item key="96F124AA-9081-B730-AED0-475B89B916CC" value="true"/>
</engineerTo>
<useDomainConstraints>false</useDomainConstraints>
<use>1</use>
<logicalDatatype>LOGDT011</logicalDatatype>
</Attribute>
<Attribute name="qt_produto_item" id="3FCC7B39-1713-B569-0F6B-787D2A1A9D58">
<createdBy>Administrador</createdBy>
<createdTime>2015-10-02 03:16:35 UTC</createdTime>
<comment>Quantidade item produto</comment>
<generatorID>Gerado pelo usuário</generatorID>
<ownerDesignName>dominos_pizzaoficial</ownerDesignName>
<engineerTo>
<item key="96F124AA-9081-B730-AED0-475B89B916CC" value="true"/>
</engineerTo>
<nullsAllowed>true</nullsAllowed>
<useDomainConstraints>false</useDomainConstraints>
<use>1</use>
<logicalDatatype>LOGDT025</logicalDatatype>
<dataTypeSize>10</dataTypeSize>
</Attribute>
<Attribute name="cd_produto" id="7077DE87-EA02-3385-24E2-225FF1078D63">
<createdBy>Administrador</createdBy>
<createdTime>2015-10-02 03:18:27 UTC</createdTime>
<comment>Código do produto.</comment>
<generatorID>BC5CA73F-D18A-61B7-04DC-10588EEE12AD</generatorID>
<ownerDesignName>dominos_pizzaoficial</ownerDesignName>
<engineerTo>
<item key="96F124AA-9081-B730-AED0-475B89B916CC" value="true"/>
</engineerTo>
<referedAttribute>761752CF-D6B8-4733-CDFD-A1487CE5B42B</referedAttribute>
<useDomainConstraints>false</useDomainConstraints>
<use>1</use>
<logicalDatatype>LOGDT011</logicalDatatype>
</Attribute>
</attributes>
<identifiers itemClass="oracle.dbtools.crest.model.design.logical.CandidateKey">
<identifier id="3D10857A-BDAD-0842-CF17-810213884CAE" name="PRODUTO_ITEM PK">
<createdBy>Administrador</createdBy>
<createdTime>2015-10-02 03:17:47 UTC</createdTime>
<generatorID>Gerado pelo usuário</generatorID>
<ownerDesignName>dominos_pizzaoficial</ownerDesignName>
<engineerTo>
<item key="96F124AA-9081-B730-AED0-475B89B916CC" value="true"/>
</engineerTo>
<pk>true</pk>
<usedAttributes>
<attributeRef>690AB47E-DE6A-D22B-B3A3-E37798144A0D</attributeRef>
</usedAttributes>
</identifier>
</identifiers>
</Entity>