<?xml version = '1.0' encoding = 'UTF-8'?>
<Entity class="oracle.dbtools.crest.model.design.logical.Entity" directorySegmentName="seg_0" id="95BA82BD-8F38-AAC4-7292-18BD27191A93" name="CATEGORIA">
<createdBy>rm73756</createdBy>
<createdTime>2015-10-02 13:40:37 UTC</createdTime>
<ownerDesignName>dominos_pizzaoficial</ownerDesignName>
<engineerTo>
<item key="96F124AA-9081-B730-AED0-475B89B916CC" value="true"/>
</engineerTo>
<adequatelyNormalized>NO</adequatelyNormalized>
<expectedVolumes>0</expectedVolumes>
<fwdEngineeringStrategyName>Single Table</fwdEngineeringStrategyName>
<growthPercent>0</growthPercent>
<growthType>Year</growthType>
<maxVolumes>9999999</maxVolumes>
<minVolumes>0</minVolumes>
<normalForm>Third</normalForm>
<attributes itemClass="oracle.dbtools.crest.model.design.logical.Attribute">
<Attribute name="cd_categoria" id="4DD0E89A-6087-B3AC-40CC-6E0B45FC7136">
<createdBy>rm73756</createdBy>
<createdTime>2015-10-02 13:40:42 UTC</createdTime>
<comment>Código da categoria</comment>
<ownerDesignName>dominos_pizzaoficial</ownerDesignName>
<engineerTo>
<item key="96F124AA-9081-B730-AED0-475B89B916CC" value="true"/>
</engineerTo>
<useDomainConstraints>false</useDomainConstraints>
<use>1</use>
<logicalDatatype>LOGDT011</logicalDatatype>
</Attribute>
<Attribute name="nm_categoria" id="3B2B9569-3E0E-586D-838C-2D4EA5789F2D">
<createdBy>rm73756</createdBy>
<createdTime>2015-10-02 13:40:57 UTC</createdTime>
<comment>Nome da categoria.</comment>
<ownerDesignName>dominos_pizzaoficial</ownerDesignName>
<engineerTo>
<item key="96F124AA-9081-B730-AED0-475B89B916CC" value="true"/>
</engineerTo>
<nullsAllowed>true</nullsAllowed>
<useDomainConstraints>false</useDomainConstraints>
<use>1</use>
<logicalDatatype>LOGDT024</logicalDatatype>
</Attribute>
<Attribute name="ds_categoria" id="624420B1-4327-D438-FEA9-4CB090536093">
<createdBy>rm73756</createdBy>
<createdTime>2015-10-02 13:41:04 UTC</createdTime>
<comment>Descrição da categoria.</comment>
<ownerDesignName>dominos_pizzaoficial</ownerDesignName>
<engineerTo>
<item key="96F124AA-9081-B730-AED0-475B89B916CC" value="true"/>
</engineerTo>
<nullsAllowed>true</nullsAllowed>
<useDomainConstraints>false</useDomainConstraints>
<use>1</use>
<logicalDatatype>LOGDT024</logicalDatatype>
<dataTypeSize>200</dataTypeSize>
</Attribute>
<Attribute name="cd_categoria1" id="0FC36742-D9AA-91E7-D3D0-31AB893CC278">
<createdBy>rm73756</createdBy>
<createdTime>2015-10-02 13:50:36 UTC</createdTime>
<comment>Código da categoria</comment>
<generatorID>E04E2553-3902-DEBD-CE32-0EC8FF1E8122</generatorID>
<ownerDesignName>dominos_pizzaoficial</ownerDesignName>
<engineerTo>
<item key="96F124AA-9081-B730-AED0-475B89B916CC" value="true"/>
</engineerTo>
<nullsAllowed>true</nullsAllowed>
<referedAttribute>4DD0E89A-6087-B3AC-40CC-6E0B45FC7136</referedAttribute>
<useDomainConstraints>false</useDomainConstraints>
<use>1</use>
<logicalDatatype>LOGDT011</logicalDatatype>
</Attribute>
</attributes>
<identifiers itemClass="oracle.dbtools.crest.model.design.logical.CandidateKey">
<identifier id="1D290FA4-DAC4-D886-8551-24F0EAA73B78" name="{entity} PK">
<createdBy>rm73756</createdBy>
<createdTime>2015-10-02 13:40:49 UTC</createdTime>
<ownerDesignName>dominos_pizzaoficial</ownerDesignName>
<engineerTo>
<item key="96F124AA-9081-B730-AED0-475B89B916CC" value="true"/>
</engineerTo>
<pk>true</pk>
<usedAttributes>
<attributeRef>4DD0E89A-6087-B3AC-40CC-6E0B45FC7136</attributeRef>
</usedAttributes>
</identifier>
</identifiers>
</Entity>