<?xml version = '1.0' encoding = 'UTF-8'?>
<Entity class="oracle.dbtools.crest.model.design.logical.Entity" directorySegmentName="seg_0" id="B73455B9-C964-C78F-3CFE-C6A5DC5B37D8" name="ESTADO">
<createdBy>Administrador</createdBy>
<createdTime>2015-09-22 02:23:50 UTC</createdTime>
<generatorID>Gerado pelo usuário</generatorID>
<ownerDesignName>dominos_pizzaoficial</ownerDesignName>
<engineerTo>
<item key="96F124AA-9081-B730-AED0-475B89B916CC" value="true"/>
</engineerTo>
<adequatelyNormalized>NO</adequatelyNormalized>
<expectedVolumes>0</expectedVolumes>
<fwdEngineeringStrategyName>Single Table</fwdEngineeringStrategyName>
<growthPercent>0</growthPercent>
<growthType>Year</growthType>
<maxVolumes>9999999</maxVolumes>
<minVolumes>0</minVolumes>
<normalForm>Third</normalForm>
<attributes itemClass="oracle.dbtools.crest.model.design.logical.Attribute">
<Attribute name="cd_estado" id="69713C14-F29E-587A-B03B-017EDDA6861F">
<createdBy>Administrador</createdBy>
<createdTime>2015-09-22 02:23:58 UTC</createdTime>
<comment>Código do estado.</comment>
<generatorID>Gerado pelo usuário</generatorID>
<ownerDesignName>dominos_pizzaoficial</ownerDesignName>
<engineerTo>
<item key="96F124AA-9081-B730-AED0-475B89B916CC" value="true"/>
</engineerTo>
<useDomainConstraints>false</useDomainConstraints>
<use>1</use>
<logicalDatatype>LOGDT011</logicalDatatype>
</Attribute>
<Attribute name="nm_estado" id="62B384F1-C986-89B0-DE19-9F8D1961298D">
<createdBy>Administrador</createdBy>
<createdTime>2015-09-22 02:24:08 UTC</createdTime>
<comment>Nome do estado.</comment>
<generatorID>Gerado pelo usuário</generatorID>
<ownerDesignName>dominos_pizzaoficial</ownerDesignName>
<engineerTo>
<item key="96F124AA-9081-B730-AED0-475B89B916CC" value="true"/>
</engineerTo>
<useDomainConstraints>false</useDomainConstraints>
<use>1</use>
<logicalDatatype>LOGDT024</logicalDatatype>
<dataTypeSize>70</dataTypeSize>
</Attribute>
<Attribute name="sg_estado" id="1085731F-217D-907D-8572-AA09634A1CB3">
<createdBy>Administrador</createdBy>
<createdTime>2015-09-22 02:27:37 UTC</createdTime>
<comment>Sigla do estado.</comment>
<generatorID>Gerado pelo usuário</generatorID>
<ownerDesignName>dominos_pizzaoficial</ownerDesignName>
<engineerTo>
<item key="96F124AA-9081-B730-AED0-475B89B916CC" value="true"/>
</engineerTo>
<nullsAllowed>true</nullsAllowed>
<useDomainConstraints>false</useDomainConstraints>
<use>1</use>
<logicalDatatype>LOGDT025</logicalDatatype>
<dataTypeSize>2</dataTypeSize>
</Attribute>
<Attribute name="cd_pais" id="C54BFF90-0DE6-3641-9411-96B406A8C1B5">
<createdBy>Administrador</createdBy>
<createdTime>2015-09-22 03:03:58 UTC</createdTime>
<comment>Código do Pais.</comment>
<generatorID>69186EB9-7852-22B5-3D9E-79282573FA07</generatorID>
<ownerDesignName>dominos_pizzaoficial</ownerDesignName>
<engineerTo>
<item key="96F124AA-9081-B730-AED0-475B89B916CC" value="true"/>
</engineerTo>
<referedAttribute>9C67E794-1289-A005-219B-AD5A32903AE0</referedAttribute>
<useDomainConstraints>false</useDomainConstraints>
<use>1</use>
<logicalDatatype>LOGDT011</logicalDatatype>
</Attribute>
</attributes>
<identifiers itemClass="oracle.dbtools.crest.model.design.logical.CandidateKey">
<identifier id="64759303-5EC4-BD2A-FE3C-A73D1102BBF1" name="ESTADO PK">
<createdBy>Administrador</createdBy>
<createdTime>2015-09-22 02:24:07 UTC</createdTime>
<generatorID>Gerado pelo usuário</generatorID>
<ownerDesignName>dominos_pizzaoficial</ownerDesignName>
<engineerTo>
<item key="96F124AA-9081-B730-AED0-475B89B916CC" value="true"/>
</engineerTo>
<pk>true</pk>
<usedAttributes>
<attributeRef>69713C14-F29E-587A-B03B-017EDDA6861F</attributeRef>
</usedAttributes>
</identifier>
</identifiers>
</Entity>