<?xml version = '1.0' encoding = 'UTF-8'?>
<Entity class="oracle.dbtools.crest.model.design.logical.Entity" directorySegmentName="seg_0" id="BD62A546-FFCB-10A7-88E9-7818B08D3161" name="TELEFONE">
<createdBy>Administrador</createdBy>
<createdTime>2015-09-22 02:33:06 UTC</createdTime>
<generatorID>Gerado pelo usuário</generatorID>
<ownerDesignName>dominos_pizzaoficial</ownerDesignName>
<engineerTo>
<item key="96F124AA-9081-B730-AED0-475B89B916CC" value="true"/>
</engineerTo>
<adequatelyNormalized>NO</adequatelyNormalized>
<expectedVolumes>0</expectedVolumes>
<fwdEngineeringStrategyName>Single Table</fwdEngineeringStrategyName>
<growthPercent>0</growthPercent>
<growthType>Year</growthType>
<maxVolumes>9999999</maxVolumes>
<minVolumes>0</minVolumes>
<normalForm>Third</normalForm>
<attributes itemClass="oracle.dbtools.crest.model.design.logical.Attribute">
<Attribute name="cd_telefone" id="061127CE-A089-CE4D-F96A-B1B4679970DF">
<createdBy>Administrador</createdBy>
<createdTime>2015-09-22 02:33:16 UTC</createdTime>
<comment>Código do telefone.</comment>
<generatorID>Gerado pelo usuário</generatorID>
<ownerDesignName>dominos_pizzaoficial</ownerDesignName>
<engineerTo>
<item key="96F124AA-9081-B730-AED0-475B89B916CC" value="true"/>
</engineerTo>
<useDomainConstraints>false</useDomainConstraints>
<use>1</use>
<logicalDatatype>LOGDT011</logicalDatatype>
</Attribute>
<Attribute name="nu_telefone" id="FE9BF529-A5E6-8F77-E671-8883F39E7E8A">
<createdBy>Administrador</createdBy>
<createdTime>2015-09-22 02:33:28 UTC</createdTime>
<comment>Número do telefone.</comment>
<generatorID>Gerado pelo usuário</generatorID>
<ownerDesignName>dominos_pizzaoficial</ownerDesignName>
<engineerTo>
<item key="96F124AA-9081-B730-AED0-475B89B916CC" value="true"/>
</engineerTo>
<useDomainConstraints>false</useDomainConstraints>
<use>1</use>
<logicalDatatype>LOGDT025</logicalDatatype>
<dataTypeSize>9</dataTypeSize>
</Attribute>
<Attribute name="nu_ddd" id="410DEC7C-AF84-56BB-9B6A-76B727282E0D">
<createdBy>Administrador</createdBy>
<createdTime>2015-09-22 02:33:53 UTC</createdTime>
<comment>Número do DDD.</comment>
<generatorID>Gerado pelo usuário</generatorID>
<ownerDesignName>dominos_pizzaoficial</ownerDesignName>
<engineerTo>
<item key="96F124AA-9081-B730-AED0-475B89B916CC" value="true"/>
</engineerTo>
<useDomainConstraints>false</useDomainConstraints>
<use>1</use>
<logicalDatatype>LOGDT025</logicalDatatype>
<dataTypeSize>3</dataTypeSize>
</Attribute>
<Attribute name="tp_telefone" id="80A5F330-A9F9-7EF5-E02D-1E5DCCA92A9B">
<createdBy>Administrador</createdBy>
<createdTime>2015-09-22 02:34:09 UTC</createdTime>
<comment>Tipo do telefone.</comment>
<generatorID>Gerado pelo usuário</generatorID>
<ownerDesignName>dominos_pizzaoficial</ownerDesignName>
<engineerTo>
<item key="96F124AA-9081-B730-AED0-475B89B916CC" value="true"/>
</engineerTo>
<nullsAllowed>true</nullsAllowed>
<useDomainConstraints>false</useDomainConstraints>
<use>1</use>
<logicalDatatype>LOGDT025</logicalDatatype>
<dataTypeSize>15</dataTypeSize>
</Attribute>
<Attribute name="cd_cliente" id="96290467-1B6B-19F0-E02B-84943211ED25">
<createdBy>Administrador</createdBy>
<createdTime>2015-09-22 03:17:15 UTC</createdTime>
<comment>Código do cliente.</comment>
<generatorID>174EC910-7FC4-A4FB-AFE1-E0472D6BA70E</generatorID>
<ownerDesignName>dominos_pizzaoficial</ownerDesignName>
<engineerTo>
<item key="96F124AA-9081-B730-AED0-475B89B916CC" value="true"/>
</engineerTo>
<referedAttribute>191A374E-6F67-E94B-B0F8-080CC2892CD4</referedAttribute>
<useDomainConstraints>false</useDomainConstraints>
<use>1</use>
<logicalDatatype>LOGDT011</logicalDatatype>
</Attribute>
<Attribute name="cd_funcionario" id="2A8306DE-3284-EF5D-C989-4F43694479CA">
<createdBy>Administrador</createdBy>
<createdTime>2015-09-22 03:17:26 UTC</createdTime>
<comment>Código do funcionario.</comment>
<generatorID>2E310DF7-2B04-1D78-B4B1-6413C259D0B4</generatorID>
<ownerDesignName>dominos_pizzaoficial</ownerDesignName>
<engineerTo>
<item key="96F124AA-9081-B730-AED0-475B89B916CC" value="true"/>
</engineerTo>
<referedAttribute>E5C5ABD9-D626-881B-E05A-0E94C4D31ADD</referedAttribute>
<useDomainConstraints>false</useDomainConstraints>
<use>1</use>
<logicalDatatype>LOGDT011</logicalDatatype>
</Attribute>
<Attribute name="cd_filial" id="42EC6F51-0618-FC2B-F82E-E340B49FD0A3">
<createdBy>Administrador</createdBy>
<createdTime>2015-09-22 03:21:03 UTC</createdTime>
<comment>Código da filial.</comment>
<generatorID>FF5F87DA-1B0D-65D5-0F52-E435F56C10A4</generatorID>
<ownerDesignName>dominos_pizzaoficial</ownerDesignName>
<engineerTo>
<item key="96F124AA-9081-B730-AED0-475B89B916CC" value="true"/>
</engineerTo>
<referedAttribute>AE7BBC1D-C3F3-342F-9CB8-88EEDFD89AE2</referedAttribute>
<useDomainConstraints>false</useDomainConstraints>
<use>1</use>
<logicalDatatype>LOGDT011</logicalDatatype>
</Attribute>
</attributes>
<identifiers itemClass="oracle.dbtools.crest.model.design.logical.CandidateKey">
<identifier id="A0EE39FC-4C70-869A-FBA4-87E02941ABB9" name="TELEFONE PK">
<createdBy>Administrador</createdBy>
<createdTime>2015-09-22 02:33:26 UTC</createdTime>
<generatorID>Gerado pelo usuário</generatorID>
<ownerDesignName>dominos_pizzaoficial</ownerDesignName>
<engineerTo>
<item key="96F124AA-9081-B730-AED0-475B89B916CC" value="true"/>
</engineerTo>
<pk>true</pk>
<usedAttributes>
<attributeRef>061127CE-A089-CE4D-F96A-B1B4679970DF</attributeRef>
</usedAttributes>
</identifier>
</identifiers>
</Entity>