<?xml version = '1.0' encoding = 'UTF-8'?>
<Entity class="oracle.dbtools.crest.model.design.logical.Entity" directorySegmentName="seg_0" id="D8D9313A-02DF-AB02-E349-BA4E9215CA90" name="ENDERECO">
<createdBy>Administrador</createdBy>
<createdTime>2015-09-22 02:29:57 UTC</createdTime>
<generatorID>Gerado pelo usuário</generatorID>
<ownerDesignName>dominos_pizzaoficial</ownerDesignName>
<engineerTo>
<item key="96F124AA-9081-B730-AED0-475B89B916CC" value="true"/>
</engineerTo>
<adequatelyNormalized>NO</adequatelyNormalized>
<expectedVolumes>0</expectedVolumes>
<fwdEngineeringStrategyName>Single Table</fwdEngineeringStrategyName>
<growthPercent>0</growthPercent>
<growthType>Year</growthType>
<maxVolumes>9999999</maxVolumes>
<minVolumes>0</minVolumes>
<normalForm>Third</normalForm>
<attributes itemClass="oracle.dbtools.crest.model.design.logical.Attribute">
<Attribute name="cd_endereco" id="B50DA318-1DB2-B456-6533-7FCA916589D7">
<createdBy>Administrador</createdBy>
<createdTime>2015-09-22 02:30:03 UTC</createdTime>
<comment>Código do endereço.</comment>
<generatorID>Gerado pelo usuário</generatorID>
<ownerDesignName>dominos_pizzaoficial</ownerDesignName>
<engineerTo>
<item key="96F124AA-9081-B730-AED0-475B89B916CC" value="true"/>
</engineerTo>
<useDomainConstraints>false</useDomainConstraints>
<use>1</use>
<logicalDatatype>LOGDT011</logicalDatatype>
</Attribute>
<Attribute name="nm_endereco" id="CBBF291A-964A-6ABC-8C9F-9CBC66079094">
<createdBy>Administrador</createdBy>
<createdTime>2015-09-22 02:30:12 UTC</createdTime>
<comment>Nome do endereço.</comment>
<generatorID>Gerado pelo usuário</generatorID>
<ownerDesignName>dominos_pizzaoficial</ownerDesignName>
<engineerTo>
<item key="96F124AA-9081-B730-AED0-475B89B916CC" value="true"/>
</engineerTo>
<nullsAllowed>true</nullsAllowed>
<useDomainConstraints>false</useDomainConstraints>
<use>1</use>
<logicalDatatype>LOGDT024</logicalDatatype>
<dataTypeSize>60</dataTypeSize>
</Attribute>
<Attribute name="nu_endereco" id="416C0720-B044-2721-024C-AE488575CBED">
<createdBy>Administrador</createdBy>
<createdTime>2015-09-22 02:30:31 UTC</createdTime>
<comment>Número do endereço.</comment>
<generatorID>Gerado pelo usuário</generatorID>
<ownerDesignName>dominos_pizzaoficial</ownerDesignName>
<engineerTo>
<item key="96F124AA-9081-B730-AED0-475B89B916CC" value="true"/>
</engineerTo>
<useDomainConstraints>false</useDomainConstraints>
<use>1</use>
<logicalDatatype>LOGDT025</logicalDatatype>
<dataTypeSize>16</dataTypeSize>
</Attribute>
<Attribute name="nu_cep" id="3EE83F8A-E0F3-1EC3-4428-A0345CEA497B">
<createdBy>Administrador</createdBy>
<createdTime>2015-09-22 02:31:50 UTC</createdTime>
<comment>Número do CEP.</comment>
<generatorID>Gerado pelo usuário</generatorID>
<ownerDesignName>dominos_pizzaoficial</ownerDesignName>
<engineerTo>
<item key="96F124AA-9081-B730-AED0-475B89B916CC" value="true"/>
</engineerTo>
<useDomainConstraints>false</useDomainConstraints>
<use>1</use>
<logicalDatatype>LOGDT025</logicalDatatype>
<dataTypeSize>9</dataTypeSize>
</Attribute>
<Attribute name="ds_endereco" id="45E50C2C-738C-CAE4-1FB3-FF78B2958732">
<createdBy>Administrador</createdBy>
<createdTime>2015-09-22 02:32:12 UTC</createdTime>
<comment>Descrição do endereço.</comment>
<generatorID>Gerado pelo usuário</generatorID>
<ownerDesignName>dominos_pizzaoficial</ownerDesignName>
<engineerTo>
<item key="96F124AA-9081-B730-AED0-475B89B916CC" value="true"/>
</engineerTo>
<useDomainConstraints>false</useDomainConstraints>
<use>1</use>
<logicalDatatype>LOGDT024</logicalDatatype>
<dataTypeSize>200</dataTypeSize>
</Attribute>
<Attribute name="nm_bairro" id="63C8C461-5F3E-0DA2-E8DA-1DFC9B487166">
<createdBy>Administrador</createdBy>
<createdTime>2015-09-22 02:32:25 UTC</createdTime>
<comment>Nome do Bairro.</comment>
<generatorID>Gerado pelo usuário</generatorID>
<ownerDesignName>dominos_pizzaoficial</ownerDesignName>
<engineerTo>
<item key="96F124AA-9081-B730-AED0-475B89B916CC" value="true"/>
</engineerTo>
<nullsAllowed>true</nullsAllowed>
<useDomainConstraints>false</useDomainConstraints>
<use>1</use>
<logicalDatatype>LOGDT024</logicalDatatype>
<dataTypeSize>50</dataTypeSize>
</Attribute>
<Attribute name="cd_municipio" id="09064EC1-619B-AF55-56AF-FEB14CEBA8DF">
<createdBy>Administrador</createdBy>
<createdTime>2015-09-22 03:04:40 UTC</createdTime>
<comment>Código do municipio.</comment>
<generatorID>61AA88B2-0CFD-B244-143C-07D6CB109938</generatorID>
<ownerDesignName>dominos_pizzaoficial</ownerDesignName>
<engineerTo>
<item key="96F124AA-9081-B730-AED0-475B89B916CC" value="true"/>
</engineerTo>
<referedAttribute>7EC57A12-453E-0079-F5F3-3155DA7A523E</referedAttribute>
<useDomainConstraints>false</useDomainConstraints>
<use>1</use>
<logicalDatatype>LOGDT011</logicalDatatype>
</Attribute>
<Attribute name="cd_filial" id="EAF8BB84-3FAB-DD23-A936-40FC27D696F3">
<createdBy>Administrador</createdBy>
<createdTime>2015-09-22 03:21:03 UTC</createdTime>
<comment>Código da filial.</comment>
<generatorID>EEA7E35D-8987-50BF-BFAA-A53CCA799B01</generatorID>
<ownerDesignName>dominos_pizzaoficial</ownerDesignName>
<engineerTo>
<item key="96F124AA-9081-B730-AED0-475B89B916CC" value="true"/>
</engineerTo>
<referedAttribute>AE7BBC1D-C3F3-342F-9CB8-88EEDFD89AE2</referedAttribute>
<useDomainConstraints>false</useDomainConstraints>
<use>1</use>
<logicalDatatype>LOGDT011</logicalDatatype>
</Attribute>
</attributes>
<identifiers itemClass="oracle.dbtools.crest.model.design.logical.CandidateKey">
<identifier id="593A3CFE-9026-1321-99F8-AF22D2D1FB21" name="ENDERECO PK">
<createdBy>Administrador</createdBy>
<createdTime>2015-09-22 02:30:12 UTC</createdTime>
<generatorID>Gerado pelo usuário</generatorID>
<ownerDesignName>dominos_pizzaoficial</ownerDesignName>
<engineerTo>
<item key="96F124AA-9081-B730-AED0-475B89B916CC" value="true"/>
</engineerTo>
<pk>true</pk>
<usedAttributes>
<attributeRef>B50DA318-1DB2-B456-6533-7FCA916589D7</attributeRef>
</usedAttributes>
</identifier>
</identifiers>
</Entity>