<?xml version = '1.0' encoding = 'UTF-8'?>
<Entity class="oracle.dbtools.crest.model.design.logical.Entity" directorySegmentName="seg_0" id="E17FC3F9-1D4D-F74B-CDF3-71C3F5AA519B" name="MUNICIPIO">
<createdBy>Administrador</createdBy>
<createdTime>2015-09-22 02:27:59 UTC</createdTime>
<generatorID>Gerado pelo usuário</generatorID>
<ownerDesignName>dominos_pizzaoficial</ownerDesignName>
<engineerTo>
<item key="96F124AA-9081-B730-AED0-475B89B916CC" value="true"/>
</engineerTo>
<adequatelyNormalized>NO</adequatelyNormalized>
<expectedVolumes>0</expectedVolumes>
<fwdEngineeringStrategyName>Single Table</fwdEngineeringStrategyName>
<growthPercent>0</growthPercent>
<growthType>Year</growthType>
<maxVolumes>9999999</maxVolumes>
<minVolumes>0</minVolumes>
<normalForm>Third</normalForm>
<attributes itemClass="oracle.dbtools.crest.model.design.logical.Attribute">
<Attribute name="cd_municipio" id="7EC57A12-453E-0079-F5F3-3155DA7A523E">
<createdBy>Administrador</createdBy>
<createdTime>2015-09-22 02:28:15 UTC</createdTime>
<comment>Código do municipio.</comment>
<generatorID>Gerado pelo usuário</generatorID>
<ownerDesignName>dominos_pizzaoficial</ownerDesignName>
<engineerTo>
<item key="96F124AA-9081-B730-AED0-475B89B916CC" value="true"/>
</engineerTo>
<useDomainConstraints>false</useDomainConstraints>
<use>1</use>
<logicalDatatype>LOGDT011</logicalDatatype>
</Attribute>
<Attribute name="nm_municipio" id="C449E106-9CBC-7D15-542A-3B52B8C4138D">
<createdBy>Administrador</createdBy>
<createdTime>2015-09-22 02:28:25 UTC</createdTime>
<comment>Nome do municipio.</comment>
<generatorID>Gerado pelo usuário</generatorID>
<ownerDesignName>dominos_pizzaoficial</ownerDesignName>
<engineerTo>
<item key="96F124AA-9081-B730-AED0-475B89B916CC" value="true"/>
</engineerTo>
<useDomainConstraints>false</useDomainConstraints>
<use>1</use>
<logicalDatatype>LOGDT024</logicalDatatype>
<dataTypeSize>60</dataTypeSize>
</Attribute>
<Attribute name="cd_cidade" id="49899B33-22C2-76B3-9E3A-EF16AC30A8D6">
<createdBy>Administrador</createdBy>
<createdTime>2015-09-22 03:04:23 UTC</createdTime>
<comment>Código da cidade.</comment>
<generatorID>A253BE5B-9E18-FC2C-163B-438EA5EC02D3</generatorID>
<ownerDesignName>dominos_pizzaoficial</ownerDesignName>
<engineerTo>
<item key="96F124AA-9081-B730-AED0-475B89B916CC" value="true"/>
</engineerTo>
<referedAttribute>9D67F39C-C692-2788-B4C7-91314D920B9A</referedAttribute>
<useDomainConstraints>false</useDomainConstraints>
<use>1</use>
<logicalDatatype>LOGDT011</logicalDatatype>
</Attribute>
</attributes>
<identifiers itemClass="oracle.dbtools.crest.model.design.logical.CandidateKey">
<identifier id="DB897E5B-581F-67E6-ECC5-BDF635B81D64" name="MUNICIPIO PK">
<createdBy>Administrador</createdBy>
<createdTime>2015-09-22 02:49:55 UTC</createdTime>
<generatorID>Gerado pelo usuário</generatorID>
<ownerDesignName>dominos_pizzaoficial</ownerDesignName>
<engineerTo>
<item key="96F124AA-9081-B730-AED0-475B89B916CC" value="true"/>
</engineerTo>
<pk>true</pk>
<usedAttributes>
<attributeRef>7EC57A12-453E-0079-F5F3-3155DA7A523E</attributeRef>
</usedAttributes>
</identifier>
</identifiers>
</Entity>