<?xml version = '1.0' encoding = 'UTF-8'?>
<relationalModel class="oracle.dbtools.crest.model.design.relational.RelationalDesign" name="Relational_1" id="96F124AA-9081-B730-AED0-475B89B916CC" mainViewID="3E67187B-ED3A-542F-8C9F-34C937C3ED7E">
<createdBy>rm73756</createdBy>
<createdTime>2015-10-02 14:06:58 UTC</createdTime>
<ownerDesignName>dominos_pizzaoficial</ownerDesignName>
<shouldBeOpen>true</shouldBeOpen>
<selectedRDBMSSite>32076570-2523-435C-2E92-BF29817DFF70</selectedRDBMSSite>
</relationalModel>