<?xml version = '1.0' encoding = 'UTF-8'?>
<Table class="oracle.dbtools.crest.model.design.relational.Table" directorySegmentName="seg_0" id="070FA305-D210-2671-B530-4C82E7EC481C" name="CIDADE">
<createdBy>rm73756</createdBy>
<createdTime>2015-10-02 14:07:04 UTC</createdTime>
<generatorID>105EFDC0-C61E-BD65-B157-DF3872AA81AE</generatorID>
<ownerDesignName>dominos_pizzaoficial</ownerDesignName>
<allowColumnReorder>false</allowColumnReorder>
<existDependencyGenerateInDDl>true</existDependencyGenerateInDDl>
<parsed>true</parsed>
<columns itemClass="oracle.dbtools.crest.model.design.relational.Column">
<Column name="cd_cidade" id="F3D66B72-1A97-6511-3444-F98D2201E145">
<createdBy>rm73756</createdBy>
<createdTime>2015-10-02 14:07:04 UTC</createdTime>
<comment>Código da cidade.</comment>
<generatorID>9D67F39C-C692-2788-B4C7-91314D920B9A</generatorID>
<ownerDesignName>dominos_pizzaoficial</ownerDesignName>
<useDomainConstraints>false</useDomainConstraints>
<use>1</use>
<logicalDatatype>LOGDT011</logicalDatatype>
<ownDataTypeParameters>,,</ownDataTypeParameters>
<autoIncrementCycle>false</autoIncrementCycle>
</Column>
<Column name="nm_cidade" id="A31C1D58-B595-D3BF-A46A-68DF85BDD253">
<createdBy>rm73756</createdBy>
<createdTime>2015-10-02 14:07:04 UTC</createdTime>
<comment>Nome da cidade.</comment>
<generatorID>E41AD96E-1AB7-5056-15A7-500F2A1FED7B</generatorID>
<ownerDesignName>dominos_pizzaoficial</ownerDesignName>
<useDomainConstraints>false</useDomainConstraints>
<use>1</use>
<logicalDatatype>LOGDT024</logicalDatatype>
<dataTypeSize>60</dataTypeSize>
<ownDataTypeParameters>60,,</ownDataTypeParameters>
<autoIncrementCycle>false</autoIncrementCycle>
</Column>
<Column name="ESTADO_cd_estado" id="50BC7BEA-9119-3BE1-22F3-737625820BDB">
<createdBy>rm73756</createdBy>
<createdTime>2015-10-02 14:07:04 UTC</createdTime>
<comment>Código do estado.</comment>
<generatorID>A2301329-7AE5-CE66-B794-6B8BE3CD3029</generatorID>
<ownerDesignName>dominos_pizzaoficial</ownerDesignName>
<useDomainConstraints>false</useDomainConstraints>
<use>1</use>
<logicalDatatype>LOGDT011</logicalDatatype>
<ownDataTypeParameters>,,</ownDataTypeParameters>
<previousColumn>false</previousColumn>
<autoIncrementCycle>false</autoIncrementCycle>
<associations>
<colAssociation fkAssociation="AE90C974-6AE7-1F2F-8E17-54803419B999" referredColumn="A240FAA5-7827-B097-FB2E-0F6AE1537BAF"/>
</associations>
</Column>
</columns>
<indexes itemClass="oracle.dbtools.crest.model.design.relational.Index">
<ind_PK_UK id="9CD47F8F-9F73-9FFE-3DA6-122A7A6E48BB" name="CIDADE_PK">
<createdBy>rm73756</createdBy>
<createdTime>2015-10-02 14:07:04 UTC</createdTime>
<generatorID>D44B9B23-A94D-68BC-5824-50C9471E374F</generatorID>
<ownerDesignName>dominos_pizzaoficial</ownerDesignName>
<pk>true</pk>
<indexState>Primary Constraint</indexState>
<isSurrogateKey>false</isSurrogateKey>
<indexColumnUsage>
<colUsage columnID="F3D66B72-1A97-6511-3444-F98D2201E145"/>
</indexColumnUsage>
</ind_PK_UK>
<ind_PK_UK id="39CAD7AF-8112-8E4B-19D5-DEA2B8E4D57E" name="CIDADE_ESTADO_FK">
<createdBy>rm73756</createdBy>
<createdTime>2015-10-02 14:07:04 UTC</createdTime>
<generatorID>386E1C5E-E0F0-B9B5-A2A9-5D9925389EAE</generatorID>
<ownerDesignName>dominos_pizzaoficial</ownerDesignName>
<indexState>Foreign Key</indexState>
<isSurrogateKey>false</isSurrogateKey>
<indexColumnUsage>
<colUsage columnID="50BC7BEA-9119-3BE1-22F3-737625820BDB"/>
</indexColumnUsage>
</ind_PK_UK>
</indexes>
</Table>