<?xml version = '1.0' encoding = 'UTF-8'?>
<Table class="oracle.dbtools.crest.model.design.relational.Table" directorySegmentName="seg_0" id="07F4865F-040A-4DDF-6BEB-539B141EC82B" name="CLIENTE_END">
<createdBy>rm73756</createdBy>
<createdTime>2015-10-02 14:07:04 UTC</createdTime>
<ownerDesignName>dominos_pizzaoficial</ownerDesignName>
<allowColumnReorder>false</allowColumnReorder>
<existDependencyGenerateInDDl>true</existDependencyGenerateInDDl>
<parsed>true</parsed>
<columns itemClass="oracle.dbtools.crest.model.design.relational.Column">
<Column name="CLIENTE_cd_cliente" id="A12A58F0-4E59-8DA8-75E2-1A2306AB044D">
<createdBy>rm73756</createdBy>
<createdTime>2015-10-02 14:07:04 UTC</createdTime>
<ownerDesignName>dominos_pizzaoficial</ownerDesignName>
<useDomainConstraints>false</useDomainConstraints>
<use>1</use>
<logicalDatatype>LOGDT011</logicalDatatype>
<ownDataTypeParameters>,,</ownDataTypeParameters>
<previousColumn>false</previousColumn>
<autoIncrementCycle>false</autoIncrementCycle>
<associations>
<colAssociation fkAssociation="980C3CA2-7AD9-EE65-12D3-6A61DCD95CBA" referredColumn="D7B6574E-A8A6-CA00-DEB0-B6581C676ABC"/>
</associations>
</Column>
<Column name="ENDERECO_cd_endereco" id="9132A847-63E0-9B53-5773-869D30B678DB">
<createdBy>rm73756</createdBy>
<createdTime>2015-10-02 14:07:04 UTC</createdTime>
<ownerDesignName>dominos_pizzaoficial</ownerDesignName>
<useDomainConstraints>false</useDomainConstraints>
<use>1</use>
<logicalDatatype>LOGDT011</logicalDatatype>
<ownDataTypeParameters>,,</ownDataTypeParameters>
<previousColumn>false</previousColumn>
<autoIncrementCycle>false</autoIncrementCycle>
<associations>
<colAssociation fkAssociation="AA33C6BE-FCB8-3024-0437-1A8E7D2DA772" referredColumn="9408B783-4972-15DD-E06A-CAC303724D50"/>
</associations>
</Column>
</columns>
<indexes itemClass="oracle.dbtools.crest.model.design.relational.Index">
<ind_PK_UK id="BB042C9E-BE66-ADF2-ACA3-195D1F04E0F1" name="CLIENTE_END_PK">
<createdBy>rm73756</createdBy>
<createdTime>2015-10-02 14:07:04 UTC</createdTime>
<ownerDesignName>dominos_pizzaoficial</ownerDesignName>
<pk>true</pk>
<indexState>Primary Constraint</indexState>
<isSurrogateKey>false</isSurrogateKey>
<indexColumnUsage>
<colUsage columnID="A12A58F0-4E59-8DA8-75E2-1A2306AB044D"/>
<colUsage columnID="9132A847-63E0-9B53-5773-869D30B678DB"/>
</indexColumnUsage>
</ind_PK_UK>
<ind_PK_UK id="F8C50B53-8B7F-CB6F-0C30-427E5C099BF5" name="FK_ASS_4">
<createdBy>rm73756</createdBy>
<createdTime>2015-10-02 14:07:04 UTC</createdTime>
<generatorID>0E92D136-5EF3-987F-9398-0F92FCC8D595</generatorID>
<ownerDesignName>dominos_pizzaoficial</ownerDesignName>
<indexState>Foreign Key</indexState>
<isSurrogateKey>false</isSurrogateKey>
<indexColumnUsage>
<colUsage columnID="A12A58F0-4E59-8DA8-75E2-1A2306AB044D"/>
</indexColumnUsage>
</ind_PK_UK>
<ind_PK_UK id="9940660B-669E-E1BC-BFE6-B5BFF0FCAC15" name="FK_ASS_5">
<createdBy>rm73756</createdBy>
<createdTime>2015-10-02 14:07:04 UTC</createdTime>
<generatorID>0E92D136-5EF3-987F-9398-0F92FCC8D595</generatorID>
<ownerDesignName>dominos_pizzaoficial</ownerDesignName>
<indexState>Foreign Key</indexState>
<isSurrogateKey>false</isSurrogateKey>
<indexColumnUsage>
<colUsage columnID="9132A847-63E0-9B53-5773-869D30B678DB"/>
</indexColumnUsage>
</ind_PK_UK>
</indexes>
</Table>