<?xml version = '1.0' encoding = 'UTF-8'?>
<Table class="oracle.dbtools.crest.model.design.relational.Table" directorySegmentName="seg_0" id="2BF6F411-3B78-EBAF-4D09-47C09D849C80" name="CARGO">
<createdBy>rm73756</createdBy>
<createdTime>2015-10-02 14:07:04 UTC</createdTime>
<generatorID>30B83715-CA4D-BD89-638A-CEB0F018D8EB</generatorID>
<ownerDesignName>dominos_pizzaoficial</ownerDesignName>
<allowColumnReorder>false</allowColumnReorder>
<existDependencyGenerateInDDl>true</existDependencyGenerateInDDl>
<parsed>true</parsed>
<columns itemClass="oracle.dbtools.crest.model.design.relational.Column">
<Column name="cd_cargo" id="58C41679-F74A-FB6B-39CB-50A555691BE7">
<createdBy>rm73756</createdBy>
<createdTime>2015-10-02 14:07:04 UTC</createdTime>
<comment>Código do cargo.</comment>
<generatorID>2DF291CE-3A8E-14A8-6230-AD6155B011A4</generatorID>
<ownerDesignName>dominos_pizzaoficial</ownerDesignName>
<useDomainConstraints>false</useDomainConstraints>
<use>1</use>
<logicalDatatype>LOGDT011</logicalDatatype>
<ownDataTypeParameters>,,</ownDataTypeParameters>
<autoIncrementCycle>false</autoIncrementCycle>
</Column>
<Column name="nm_cargo" id="45C0A109-6A79-CC9E-225A-8BCF7C15F793">
<createdBy>rm73756</createdBy>
<createdTime>2015-10-02 14:07:04 UTC</createdTime>
<comment>Nome do cargo.</comment>
<generatorID>940AE000-0ADD-4B25-7D09-BCE969274476</generatorID>
<ownerDesignName>dominos_pizzaoficial</ownerDesignName>
<nullsAllowed>true</nullsAllowed>
<useDomainConstraints>false</useDomainConstraints>
<use>1</use>
<logicalDatatype>LOGDT024</logicalDatatype>
<dataTypeSize>40</dataTypeSize>
<ownDataTypeParameters>40,,</ownDataTypeParameters>
<autoIncrementCycle>false</autoIncrementCycle>
</Column>
</columns>
<indexes itemClass="oracle.dbtools.crest.model.design.relational.Index">
<ind_PK_UK id="3086B3D4-85FD-44AA-D1F8-0915944FEE54" name="CARGO_PK">
<createdBy>rm73756</createdBy>
<createdTime>2015-10-02 14:07:04 UTC</createdTime>
<generatorID>890A6C8B-6497-34F3-1EE6-1657918C5DDB</generatorID>
<ownerDesignName>dominos_pizzaoficial</ownerDesignName>
<pk>true</pk>
<indexState>Primary Constraint</indexState>
<isSurrogateKey>false</isSurrogateKey>
<indexColumnUsage>
<colUsage columnID="58C41679-F74A-FB6B-39CB-50A555691BE7"/>
</indexColumnUsage>
</ind_PK_UK>
</indexes>
</Table>