<?xml version = '1.0' encoding = 'UTF-8'?>
<Table class="oracle.dbtools.crest.model.design.relational.Table" directorySegmentName="seg_0" id="79A84517-DC21-CBCE-FD93-823908803E61" name="MUNICIPIO">
<createdBy>rm73756</createdBy>
<createdTime>2015-10-02 14:07:04 UTC</createdTime>
<generatorID>E17FC3F9-1D4D-F74B-CDF3-71C3F5AA519B</generatorID>
<ownerDesignName>dominos_pizzaoficial</ownerDesignName>
<allowColumnReorder>false</allowColumnReorder>
<existDependencyGenerateInDDl>true</existDependencyGenerateInDDl>
<parsed>true</parsed>
<columns itemClass="oracle.dbtools.crest.model.design.relational.Column">
<Column name="cd_municipio" id="1B558587-7EDA-59B6-11F8-E0256EE085A5">
<createdBy>rm73756</createdBy>
<createdTime>2015-10-02 14:07:04 UTC</createdTime>
<comment>Código do municipio.</comment>
<generatorID>7EC57A12-453E-0079-F5F3-3155DA7A523E</generatorID>
<ownerDesignName>dominos_pizzaoficial</ownerDesignName>
<useDomainConstraints>false</useDomainConstraints>
<use>1</use>
<logicalDatatype>LOGDT011</logicalDatatype>
<ownDataTypeParameters>,,</ownDataTypeParameters>
<autoIncrementCycle>false</autoIncrementCycle>
</Column>
<Column name="nm_municipio" id="8DA6FB56-17BA-0880-EE8A-F56EAB7B1C58">
<createdBy>rm73756</createdBy>
<createdTime>2015-10-02 14:07:04 UTC</createdTime>
<comment>Nome do municipio.</comment>
<generatorID>C449E106-9CBC-7D15-542A-3B52B8C4138D</generatorID>
<ownerDesignName>dominos_pizzaoficial</ownerDesignName>
<useDomainConstraints>false</useDomainConstraints>
<use>1</use>
<logicalDatatype>LOGDT024</logicalDatatype>
<dataTypeSize>60</dataTypeSize>
<ownDataTypeParameters>60,,</ownDataTypeParameters>
<autoIncrementCycle>false</autoIncrementCycle>
</Column>
<Column name="CIDADE_cd_cidade" id="B5AD94AC-6EBC-0F34-1B44-AB01CF4E7823">
<createdBy>rm73756</createdBy>
<createdTime>2015-10-02 14:07:04 UTC</createdTime>
<comment>Código da cidade.</comment>
<generatorID>49899B33-22C2-76B3-9E3A-EF16AC30A8D6</generatorID>
<ownerDesignName>dominos_pizzaoficial</ownerDesignName>
<useDomainConstraints>false</useDomainConstraints>
<use>1</use>
<logicalDatatype>LOGDT011</logicalDatatype>
<ownDataTypeParameters>,,</ownDataTypeParameters>
<previousColumn>false</previousColumn>
<autoIncrementCycle>false</autoIncrementCycle>
<associations>
<colAssociation fkAssociation="5CA11F32-53F4-AB75-663C-D885B0C28E27" referredColumn="F3D66B72-1A97-6511-3444-F98D2201E145"/>
</associations>
</Column>
</columns>
<indexes itemClass="oracle.dbtools.crest.model.design.relational.Index">
<ind_PK_UK id="3420599F-8D3D-2676-AB2F-EFEBB88D1FB1" name="MUNICIPIO_PK">
<createdBy>rm73756</createdBy>
<createdTime>2015-10-02 14:07:04 UTC</createdTime>
<generatorID>DB897E5B-581F-67E6-ECC5-BDF635B81D64</generatorID>
<ownerDesignName>dominos_pizzaoficial</ownerDesignName>
<pk>true</pk>
<indexState>Primary Constraint</indexState>
<isSurrogateKey>false</isSurrogateKey>
<indexColumnUsage>
<colUsage columnID="1B558587-7EDA-59B6-11F8-E0256EE085A5"/>
</indexColumnUsage>
</ind_PK_UK>
<ind_PK_UK id="631CABD6-9AB3-9455-A685-D1C1C02E2361" name="MUNICIPIO_CIDADE_FK">
<createdBy>rm73756</createdBy>
<createdTime>2015-10-02 14:07:04 UTC</createdTime>
<generatorID>A253BE5B-9E18-FC2C-163B-438EA5EC02D3</generatorID>
<ownerDesignName>dominos_pizzaoficial</ownerDesignName>
<indexState>Foreign Key</indexState>
<isSurrogateKey>false</isSurrogateKey>
<indexColumnUsage>
<colUsage columnID="B5AD94AC-6EBC-0F34-1B44-AB01CF4E7823"/>
</indexColumnUsage>
</ind_PK_UK>
</indexes>
</Table>