<?xml version = '1.0' encoding = 'UTF-8'?>
<Table class="oracle.dbtools.crest.model.design.relational.Table" directorySegmentName="seg_0" id="AAA4820A-95D3-E8F3-181E-18765EBFFF55" name="COMBO_ITEM">
<createdBy>rm73756</createdBy>
<createdTime>2015-10-02 14:07:04 UTC</createdTime>
<generatorID>16C24FC8-5D60-2A11-4D98-1956FD758B39</generatorID>
<ownerDesignName>dominos_pizzaoficial</ownerDesignName>
<allowColumnReorder>false</allowColumnReorder>
<existDependencyGenerateInDDl>true</existDependencyGenerateInDDl>
<parsed>true</parsed>
<columns itemClass="oracle.dbtools.crest.model.design.relational.Column">
<Column name="cd_combo_item" id="E7A7337F-5E6E-3EEF-99F0-8CD683F35673">
<createdBy>rm73756</createdBy>
<createdTime>2015-10-02 14:07:04 UTC</createdTime>
<comment>Código combo item.</comment>
<generatorID>D2403729-54E8-B476-6826-780CEF73639F</generatorID>
<ownerDesignName>dominos_pizzaoficial</ownerDesignName>
<useDomainConstraints>false</useDomainConstraints>
<use>1</use>
<logicalDatatype>LOGDT011</logicalDatatype>
<ownDataTypeParameters>,,</ownDataTypeParameters>
<autoIncrementCycle>false</autoIncrementCycle>
</Column>
<Column name="COMBO_PROMOCAO_cd_combo" id="93527281-65A6-7EF4-A8DB-4A19DDD77A9A">
<createdBy>rm73756</createdBy>
<createdTime>2015-10-02 14:07:04 UTC</createdTime>
<comment>Código do combo.</comment>
<generatorID>4FA7E568-7E16-ED95-57F2-F9B121349250</generatorID>
<ownerDesignName>dominos_pizzaoficial</ownerDesignName>
<useDomainConstraints>false</useDomainConstraints>
<use>1</use>
<logicalDatatype>LOGDT011</logicalDatatype>
<ownDataTypeParameters>,,</ownDataTypeParameters>
<previousColumn>false</previousColumn>
<autoIncrementCycle>false</autoIncrementCycle>
<associations>
<colAssociation fkAssociation="D55B12EF-BE64-8E14-2F86-569D0C1C0D1D" referredColumn="50BBA379-EBE0-6F0D-E30E-461F6CEEADBB"/>
</associations>
</Column>
</columns>
<indexes itemClass="oracle.dbtools.crest.model.design.relational.Index">
<ind_PK_UK id="268C9605-D132-AF16-A098-6CB7DDC52FBF" name="COMBO_ITEM_PK">
<createdBy>rm73756</createdBy>
<createdTime>2015-10-02 14:07:04 UTC</createdTime>
<generatorID>9D3CCE88-A249-31CE-32AC-8D45817109E9</generatorID>
<ownerDesignName>dominos_pizzaoficial</ownerDesignName>
<pk>true</pk>
<indexState>Primary Constraint</indexState>
<isSurrogateKey>false</isSurrogateKey>
<indexColumnUsage>
<colUsage columnID="E7A7337F-5E6E-3EEF-99F0-8CD683F35673"/>
</indexColumnUsage>
</ind_PK_UK>
<ind_PK_UK id="FFDEA34C-4B6C-E471-E660-65B9140779D6" name="COMBO_ITEM_COMBO_PROMOCAO_FK">
<createdBy>rm73756</createdBy>
<createdTime>2015-10-02 14:07:04 UTC</createdTime>
<generatorID>FFB4325C-4CF7-5F1E-6683-C81611748439</generatorID>
<ownerDesignName>dominos_pizzaoficial</ownerDesignName>
<indexState>Foreign Key</indexState>
<isSurrogateKey>false</isSurrogateKey>
<indexColumnUsage>
<colUsage columnID="93527281-65A6-7EF4-A8DB-4A19DDD77A9A"/>
</indexColumnUsage>
</ind_PK_UK>
</indexes>
</Table>