<?xml version = '1.0' encoding = 'UTF-8'?>
<Table class="oracle.dbtools.crest.model.design.relational.Table" directorySegmentName="seg_0" id="B38797AE-8684-A105-5539-4A8E55F1E9FA" name="METODO_PAGAMENTO">
<createdBy>rm73756</createdBy>
<createdTime>2015-10-02 14:07:04 UTC</createdTime>
<generatorID>42B3DDBA-3BF7-E88C-B2DE-3596476BADB1</generatorID>
<ownerDesignName>dominos_pizzaoficial</ownerDesignName>
<allowColumnReorder>false</allowColumnReorder>
<existDependencyGenerateInDDl>true</existDependencyGenerateInDDl>
<parsed>true</parsed>
<columns itemClass="oracle.dbtools.crest.model.design.relational.Column">
<Column name="cd_metodo_pagamento" id="56A69B2E-75D5-0445-BBFB-3F587D7A4B35">
<createdBy>rm73756</createdBy>
<createdTime>2015-10-02 14:07:04 UTC</createdTime>
<comment>Código metodo do pagamento.</comment>
<generatorID>BD5A3BFF-711C-71CE-735D-1EB77363A0EA</generatorID>
<ownerDesignName>dominos_pizzaoficial</ownerDesignName>
<useDomainConstraints>false</useDomainConstraints>
<use>1</use>
<logicalDatatype>LOGDT011</logicalDatatype>
<ownDataTypeParameters>,,</ownDataTypeParameters>
<autoIncrementCycle>false</autoIncrementCycle>
</Column>
<Column name="ds_metodo_pagamento" id="B0E80028-E8DA-9F01-D688-616F95A0258B">
<createdBy>rm73756</createdBy>
<createdTime>2015-10-02 14:07:04 UTC</createdTime>
<comment>Descrição metodo de pagamento.</comment>
<generatorID>4EEB01E7-F909-3744-20BE-D9E91857DE7E</generatorID>
<ownerDesignName>dominos_pizzaoficial</ownerDesignName>
<nullsAllowed>true</nullsAllowed>
<useDomainConstraints>false</useDomainConstraints>
<use>1</use>
<logicalDatatype>LOGDT024</logicalDatatype>
<dataTypeSize>100</dataTypeSize>
<ownDataTypeParameters>100,,</ownDataTypeParameters>
<autoIncrementCycle>false</autoIncrementCycle>
</Column>
<Column name="TIPO_PAGAMENTO_cd_pagamento" id="706A99A6-79CF-0BEA-5037-3D98DB94096E">
<createdBy>rm73756</createdBy>
<createdTime>2015-10-02 14:07:04 UTC</createdTime>
<comment>Código do pagamento.</comment>
<generatorID>B060A76E-04BC-ABF2-7215-776995730C74</generatorID>
<ownerDesignName>dominos_pizzaoficial</ownerDesignName>
<useDomainConstraints>false</useDomainConstraints>
<use>1</use>
<logicalDatatype>LOGDT011</logicalDatatype>
<ownDataTypeParameters>,,</ownDataTypeParameters>
<previousColumn>false</previousColumn>
<autoIncrementCycle>false</autoIncrementCycle>
<associations>
<colAssociation fkAssociation="67394CF2-F16B-A956-75FC-E53673F43A22" referredColumn="3393D914-28DA-2966-39C6-FA2314D7BC99"/>
</associations>
</Column>
</columns>
<indexes itemClass="oracle.dbtools.crest.model.design.relational.Index">
<ind_PK_UK id="1759F62E-8D1E-BD2D-A22C-C043EA637D58" name="METODO_PAGAMENTO_PK">
<createdBy>rm73756</createdBy>
<createdTime>2015-10-02 14:07:04 UTC</createdTime>
<generatorID>0783AE84-DC05-1F02-FE15-C3C2C280A0B6</generatorID>
<ownerDesignName>dominos_pizzaoficial</ownerDesignName>
<pk>true</pk>
<indexState>Primary Constraint</indexState>
<isSurrogateKey>false</isSurrogateKey>
<indexColumnUsage>
<colUsage columnID="56A69B2E-75D5-0445-BBFB-3F587D7A4B35"/>
</indexColumnUsage>
</ind_PK_UK>
<ind_PK_UK id="358B1D40-99C9-C5A9-A5D4-BC1E5B610AE1" name="METODO_PAGAMENTO_FK">
<createdBy>rm73756</createdBy>
<createdTime>2015-10-02 14:07:04 UTC</createdTime>
<generatorID>4CB041C6-5BAF-89EA-9C6B-3A86AB3FCC3B</generatorID>
<ownerDesignName>dominos_pizzaoficial</ownerDesignName>
<indexState>Foreign Key</indexState>
<isSurrogateKey>false</isSurrogateKey>
<indexColumnUsage>
<colUsage columnID="706A99A6-79CF-0BEA-5037-3D98DB94096E"/>
</indexColumnUsage>
</ind_PK_UK>
</indexes>
</Table>