<?xml version = '1.0' encoding = 'UTF-8'?>
<Table class="oracle.dbtools.crest.model.design.relational.Table" directorySegmentName="seg_0" id="C78EE15F-25B4-CDC7-737B-F24A661DB20C" name="FUNCIONARIO">
<createdBy>rm73756</createdBy>
<createdTime>2015-10-02 14:07:04 UTC</createdTime>
<generatorID>5EFBC489-A8C5-1E64-E1EB-E07A0E9484B9</generatorID>
<ownerDesignName>dominos_pizzaoficial</ownerDesignName>
<allowColumnReorder>false</allowColumnReorder>
<existDependencyGenerateInDDl>true</existDependencyGenerateInDDl>
<parsed>true</parsed>
<columns itemClass="oracle.dbtools.crest.model.design.relational.Column">
<Column name="cd_funcionario" id="6B075CFB-87E4-0AEA-FBCE-C5F42F598066">
<createdBy>rm73756</createdBy>
<createdTime>2015-10-02 14:07:04 UTC</createdTime>
<comment>Código do funcionario.</comment>
<generatorID>E5C5ABD9-D626-881B-E05A-0E94C4D31ADD</generatorID>
<ownerDesignName>dominos_pizzaoficial</ownerDesignName>
<useDomainConstraints>false</useDomainConstraints>
<use>1</use>
<logicalDatatype>LOGDT011</logicalDatatype>
<ownDataTypeParameters>,,</ownDataTypeParameters>
<autoIncrementCycle>false</autoIncrementCycle>
</Column>
<Column name="nm_funcionario" id="D8810810-A879-9CBB-AFD9-D72FF943BC53">
<createdBy>rm73756</createdBy>
<createdTime>2015-10-02 14:07:04 UTC</createdTime>
<comment>Nome do funcionario.</comment>
<generatorID>C86A7515-9EE2-1A94-E275-49E8BC606958</generatorID>
<ownerDesignName>dominos_pizzaoficial</ownerDesignName>
<useDomainConstraints>false</useDomainConstraints>
<use>1</use>
<logicalDatatype>LOGDT024</logicalDatatype>
<dataTypeSize>100</dataTypeSize>
<ownDataTypeParameters>100,,</ownDataTypeParameters>
<autoIncrementCycle>false</autoIncrementCycle>
</Column>
<Column name="nu_rg_funcionario" id="00D14DF0-C643-A106-62F4-D953604994F9">
<createdBy>rm73756</createdBy>
<createdTime>2015-10-02 14:07:04 UTC</createdTime>
<comment>Numero do RG funcionario.</comment>
<generatorID>A394755E-1380-19CF-BAD0-AC35949EDB02</generatorID>
<ownerDesignName>dominos_pizzaoficial</ownerDesignName>
<useDomainConstraints>false</useDomainConstraints>
<use>1</use>
<logicalDatatype>LOGDT025</logicalDatatype>
<dataTypeSize>13</dataTypeSize>
<ownDataTypeParameters>13,,</ownDataTypeParameters>
<autoIncrementCycle>false</autoIncrementCycle>
</Column>
<Column name="nu_cpf_funcionario" id="50A6CD46-403E-083A-3FEA-F2B5C1DF74BC">
<createdBy>rm73756</createdBy>
<createdTime>2015-10-02 14:07:04 UTC</createdTime>
<comment>Numero do CPF funcionario.</comment>
<generatorID>F9991350-71E0-61D9-5C0F-3788A8C8E7AB</generatorID>
<ownerDesignName>dominos_pizzaoficial</ownerDesignName>
<useDomainConstraints>false</useDomainConstraints>
<use>1</use>
<logicalDatatype>LOGDT025</logicalDatatype>
<dataTypeSize>15</dataTypeSize>
<ownDataTypeParameters>15,,</ownDataTypeParameters>
<autoIncrementCycle>false</autoIncrementCycle>
</Column>
<Column name="vl_salario" id="91328695-5A02-80E5-4360-1A79723ADA06">
<createdBy>rm73756</createdBy>
<createdTime>2015-10-02 14:07:04 UTC</createdTime>
<comment>Valor do salario do funcionario.</comment>
<generatorID>711F88C1-AEEE-F451-27BC-BE78D9C8FF94</generatorID>
<ownerDesignName>dominos_pizzaoficial</ownerDesignName>
<nullsAllowed>true</nullsAllowed>
<useDomainConstraints>false</useDomainConstraints>
<use>1</use>
<logicalDatatype>LOGDT019</logicalDatatype>
<dataTypePrecision>6</dataTypePrecision>
<dataTypeScale>2</dataTypeScale>
<ownDataTypeParameters>,6,2</ownDataTypeParameters>
<autoIncrementCycle>false</autoIncrementCycle>
</Column>
<Column name="CARGO_cd_cargo" id="5ED41CCB-C634-98D3-486D-BD6BDEC6E901">
<createdBy>rm73756</createdBy>
<createdTime>2015-10-02 14:07:04 UTC</createdTime>
<comment>Código do cargo funcionario.</comment>
<generatorID>E86A7B6C-1E59-4FC7-0113-0A82DFF417D2</generatorID>
<ownerDesignName>dominos_pizzaoficial</ownerDesignName>
<useDomainConstraints>false</useDomainConstraints>
<use>1</use>
<logicalDatatype>LOGDT011</logicalDatatype>
<ownDataTypeParameters>,,</ownDataTypeParameters>
<previousColumn>false</previousColumn>
<autoIncrementCycle>false</autoIncrementCycle>
<associations>
<colAssociation fkAssociation="976BCAF2-2187-76EA-FBCF-5C32FBC74520" referredColumn="58C41679-F74A-FB6B-39CB-50A555691BE7"/>
</associations>
</Column>
<Column name="FUNCIONARIO_cd_funcionario" id="E05BCD7A-C041-C344-4CCA-808D92A0CF89">
<createdBy>rm73756</createdBy>
<createdTime>2015-10-02 14:07:04 UTC</createdTime>
<comment>Código do funcionario auto relacionamento.</comment>
<generatorID>243FA9E5-5559-DB71-6413-36AAADBC7FA5</generatorID>
<ownerDesignName>dominos_pizzaoficial</ownerDesignName>
<useDomainConstraints>false</useDomainConstraints>
<use>1</use>
<logicalDatatype>LOGDT011</logicalDatatype>
<ownDataTypeParameters>,,</ownDataTypeParameters>
<previousColumn>false</previousColumn>
<autoIncrementCycle>false</autoIncrementCycle>
<associations>
<colAssociation fkAssociation="93D654A1-28E3-355B-82CB-7049F1371F35" referredColumn="6B075CFB-87E4-0AEA-FBCE-C5F42F598066"/>
</associations>
</Column>
<Column name="dt_admissao" id="1C1C6C6A-6824-EF31-5E03-9ABF0BC1B965">
<createdBy>rm73756</createdBy>
<createdTime>2015-10-02 14:07:04 UTC</createdTime>
<comment>Data de admnissão </comment>
<generatorID>AAC5AA77-BE2D-F199-0180-36F8FFDC9F29</generatorID>
<ownerDesignName>dominos_pizzaoficial</ownerDesignName>
<nullsAllowed>true</nullsAllowed>
<useDomainConstraints>false</useDomainConstraints>
<use>1</use>
<logicalDatatype>LOGDT007</logicalDatatype>
<ownDataTypeParameters>,,</ownDataTypeParameters>
<autoIncrementCycle>false</autoIncrementCycle>
</Column>
<Column name="dt_demissao" id="F3F990D5-50C8-7FA0-1426-75C590C43095">
<createdBy>rm73756</createdBy>
<createdTime>2015-10-02 14:07:04 UTC</createdTime>
<comment>Data de demissão.</comment>
<generatorID>5A97BDE7-0D12-F4E1-853F-49188F14D639</generatorID>
<ownerDesignName>dominos_pizzaoficial</ownerDesignName>
<nullsAllowed>true</nullsAllowed>
<useDomainConstraints>false</useDomainConstraints>
<use>1</use>
<logicalDatatype>LOGDT007</logicalDatatype>
<ownDataTypeParameters>,,</ownDataTypeParameters>
<autoIncrementCycle>false</autoIncrementCycle>
</Column>
</columns>
<indexes itemClass="oracle.dbtools.crest.model.design.relational.Index">
<ind_PK_UK id="4BCF68B7-86B7-C356-A936-97061065FDA3" name="FUNCIONARIO_PK">
<createdBy>rm73756</createdBy>
<createdTime>2015-10-02 14:07:04 UTC</createdTime>
<generatorID>0090B587-058E-6D08-7F25-9E91701C12B3</generatorID>
<ownerDesignName>dominos_pizzaoficial</ownerDesignName>
<pk>true</pk>
<indexState>Primary Constraint</indexState>
<isSurrogateKey>false</isSurrogateKey>
<indexColumnUsage>
<colUsage columnID="6B075CFB-87E4-0AEA-FBCE-C5F42F598066"/>
</indexColumnUsage>
</ind_PK_UK>
<ind_PK_UK id="569B7156-77EF-2D92-3F46-9613E3A3A676" name="FUNCIONARIO_CARGO_FK">
<createdBy>rm73756</createdBy>
<createdTime>2015-10-02 14:07:04 UTC</createdTime>
<generatorID>67FD1117-6308-0BDE-7AFB-4B0B88DAAF5C</generatorID>
<ownerDesignName>dominos_pizzaoficial</ownerDesignName>
<indexState>Foreign Key</indexState>
<isSurrogateKey>false</isSurrogateKey>
<indexColumnUsage>
<colUsage columnID="5ED41CCB-C634-98D3-486D-BD6BDEC6E901"/>
</indexColumnUsage>
</ind_PK_UK>
<ind_PK_UK id="C316AAF7-DABD-6F58-062D-5F6B93B735E4" name="FUNCIONARIO_FUNCIONARIO_FK">
<createdBy>rm73756</createdBy>
<createdTime>2015-10-02 14:07:04 UTC</createdTime>
<generatorID>9D0690EF-7C30-7852-F140-0F73BB0EFC94</generatorID>
<ownerDesignName>dominos_pizzaoficial</ownerDesignName>
<indexState>Foreign Key</indexState>
<isSurrogateKey>false</isSurrogateKey>
<indexColumnUsage>
<colUsage columnID="E05BCD7A-C041-C344-4CCA-808D92A0CF89"/>
</indexColumnUsage>
</ind_PK_UK>
</indexes>
</Table>