<?xml version = '1.0' encoding = 'UTF-8'?>
<FKIndexAssociation class="oracle.dbtools.crest.model.design.relational.FKIndexAssociation" directorySegmentName="seg_0" id="0ABCE6CC-0568-D211-16C0-F80619A4C92F" containerWithKeyObject="F152A2D5-5426-27E5-A3D3-D9F06BDA1276" localFKIndex="5C288EEA-1B50-F6C4-9551-F264FF17C4EC" name="TELEFONE_FUNCIONARIO_FK">
<createdBy>rm73756</createdBy>
<createdTime>2015-10-02 14:07:04 UTC</createdTime>
<generatorID>2E310DF7-2B04-1D78-B4B1-6413C259D0B4</generatorID>
<ownerDesignName>dominos_pizzaoficial</ownerDesignName>
<deleteRule>NO ACTION</deleteRule>
<referredTableID>C78EE15F-25B4-CDC7-737B-F24A661DB20C</referredTableID>
<keyObject>4BCF68B7-86B7-C356-A936-97061065FDA3</keyObject>
<referredKeyID>4BCF68B7-86B7-C356-A936-97061065FDA3</referredKeyID>
<mandatory>true</mandatory>
<transferable>true</transferable>
<rely>false</rely>
<columnDependencyConstraintGenerateInDDL>true</columnDependencyConstraintGenerateInDDL>
</FKIndexAssociation>