<?xml version = '1.0' encoding = 'UTF-8'?>
<FKIndexAssociation class="oracle.dbtools.crest.model.design.relational.FKIndexAssociation" directorySegmentName="seg_0" id="1E7E51E5-1F4E-B544-0060-DDA41147BE15" containerWithKeyObject="4A96CD70-C879-05A5-394B-AE1E6C502ACB" localFKIndex="93B4B1C9-8CCA-5A52-0FE8-1A9FC3A9B321" name="PRODUTO_COMBO_ITEM_FK">
<createdBy>rm73756</createdBy>
<createdTime>2015-10-02 14:07:04 UTC</createdTime>
<generatorID>6F1BCD80-A435-3255-C512-48D15945D645</generatorID>
<ownerDesignName>dominos_pizzaoficial</ownerDesignName>
<deleteRule>NO ACTION</deleteRule>
<referredTableID>AAA4820A-95D3-E8F3-181E-18765EBFFF55</referredTableID>
<keyObject>268C9605-D132-AF16-A098-6CB7DDC52FBF</keyObject>
<referredKeyID>268C9605-D132-AF16-A098-6CB7DDC52FBF</referredKeyID>
<mandatory>true</mandatory>
<transferable>true</transferable>
<rely>false</rely>
<columnDependencyConstraintGenerateInDDL>true</columnDependencyConstraintGenerateInDDL>
</FKIndexAssociation>