<?xml version = '1.0' encoding = 'UTF-8'?>
<FKIndexAssociation class="oracle.dbtools.crest.model.design.relational.FKIndexAssociation" directorySegmentName="seg_0" id="2B328FD3-1CD7-C89B-F122-9AAB932C04A3" containerWithKeyObject="4A96CD70-C879-05A5-394B-AE1E6C502ACB" localFKIndex="9EADC848-069D-3ADA-762D-5FBC73CAB216" name="PRODUTO_CATEGORIA_FK">
<createdBy>rm73756</createdBy>
<createdTime>2015-10-02 14:07:04 UTC</createdTime>
<generatorID>105476FA-1C56-D5B2-399F-F4A778BAB9E8</generatorID>
<ownerDesignName>dominos_pizzaoficial</ownerDesignName>
<deleteRule>NO ACTION</deleteRule>
<referredTableID>BD8B5800-B93B-6B1C-BBB3-0725BD7C7239</referredTableID>
<keyObject>127643FB-8ECC-5870-F833-EA2D54A9CE0E</keyObject>
<referredKeyID>127643FB-8ECC-5870-F833-EA2D54A9CE0E</referredKeyID>
<mandatory>true</mandatory>
<transferable>true</transferable>
<rely>false</rely>
<columnDependencyConstraintGenerateInDDL>true</columnDependencyConstraintGenerateInDDL>
</FKIndexAssociation>