<?xml version = '1.0' encoding = 'UTF-8'?>
<FKIndexAssociation class="oracle.dbtools.crest.model.design.relational.FKIndexAssociation" directorySegmentName="seg_0" id="44366BF4-F415-0715-47E9-8F64B5E9B54E" containerWithKeyObject="8362907E-5C3A-FAE6-F9E4-93CB6C9C182C" localFKIndex="B2AE5F0E-0113-1B65-2C10-6B502DD974CE" name="FK_ASS_13">
<createdBy>rm73756</createdBy>
<createdTime>2015-10-02 14:07:04 UTC</createdTime>
<generatorID>EDBC1D7D-7179-AFE4-263D-E95B1FF258CB</generatorID>
<ownerDesignName>dominos_pizzaoficial</ownerDesignName>
<deleteRule>NO ACTION</deleteRule>
<referredTableID>C78EE15F-25B4-CDC7-737B-F24A661DB20C</referredTableID>
<keyObject>4BCF68B7-86B7-C356-A936-97061065FDA3</keyObject>
<referredKeyID>4BCF68B7-86B7-C356-A936-97061065FDA3</referredKeyID>
<mandatory>true</mandatory>
<transferable>true</transferable>
<rely>false</rely>
<columnDependencyConstraintGenerateInDDL>true</columnDependencyConstraintGenerateInDDL>
</FKIndexAssociation>