<?xml version = '1.0' encoding = 'UTF-8'?>
<FKIndexAssociation class="oracle.dbtools.crest.model.design.relational.FKIndexAssociation" directorySegmentName="seg_0" id="4E8312AD-612F-861F-C2F3-832FE81D8EEA" containerWithKeyObject="CE5A14C1-9556-AAC1-C12D-8146FC8636F9" localFKIndex="206791C9-6650-5F32-41B4-DAA4FB37DA48" name="PEDIDO_PRODUTO_ITEM_FK">
<createdBy>rm73756</createdBy>
<createdTime>2015-10-02 14:07:04 UTC</createdTime>
<generatorID>0791032C-8286-20EA-7AB7-AC224F11DC81</generatorID>
<ownerDesignName>dominos_pizzaoficial</ownerDesignName>
<deleteRule>NO ACTION</deleteRule>
<referredTableID>3E36ADE3-6394-8A2E-85A6-5A19A7BEF1D0</referredTableID>
<keyObject>186F32A0-DC74-182D-2DB4-9BA221B85C74</keyObject>
<referredKeyID>186F32A0-DC74-182D-2DB4-9BA221B85C74</referredKeyID>
<mandatory>true</mandatory>
<transferable>true</transferable>
<rely>false</rely>
<columnDependencyConstraintGenerateInDDL>true</columnDependencyConstraintGenerateInDDL>
</FKIndexAssociation>