<?xml version = '1.0' encoding = 'UTF-8'?>
<FKIndexAssociation class="oracle.dbtools.crest.model.design.relational.FKIndexAssociation" directorySegmentName="seg_0" id="5CA11F32-53F4-AB75-663C-D885B0C28E27" containerWithKeyObject="79A84517-DC21-CBCE-FD93-823908803E61" localFKIndex="631CABD6-9AB3-9455-A685-D1C1C02E2361" name="MUNICIPIO_CIDADE_FK">
<createdBy>rm73756</createdBy>
<createdTime>2015-10-02 14:07:04 UTC</createdTime>
<generatorID>A253BE5B-9E18-FC2C-163B-438EA5EC02D3</generatorID>
<ownerDesignName>dominos_pizzaoficial</ownerDesignName>
<deleteRule>NO ACTION</deleteRule>
<referredTableID>070FA305-D210-2671-B530-4C82E7EC481C</referredTableID>
<keyObject>9CD47F8F-9F73-9FFE-3DA6-122A7A6E48BB</keyObject>
<referredKeyID>9CD47F8F-9F73-9FFE-3DA6-122A7A6E48BB</referredKeyID>
<mandatory>true</mandatory>
<transferable>true</transferable>
<rely>false</rely>
<columnDependencyConstraintGenerateInDDL>true</columnDependencyConstraintGenerateInDDL>
</FKIndexAssociation>