<?xml version = '1.0' encoding = 'UTF-8'?>
<FKIndexAssociation class="oracle.dbtools.crest.model.design.relational.FKIndexAssociation" directorySegmentName="seg_0" id="7BE3127E-DF29-F15F-9630-EAB5843923A4" containerWithKeyObject="CE5A14C1-9556-AAC1-C12D-8146FC8636F9" localFKIndex="505E7E36-5896-F87C-1214-6EFA11EFE732" name="PEDIDO_FILIAL_FK">
<createdBy>rm73756</createdBy>
<createdTime>2015-10-02 14:07:04 UTC</createdTime>
<generatorID>D4145AAF-EB2F-6260-C718-F57859C05F0E</generatorID>
<ownerDesignName>dominos_pizzaoficial</ownerDesignName>
<deleteRule>NO ACTION</deleteRule>
<referredTableID>B5F71E61-93DF-D60C-1D4F-384FD335AF3C</referredTableID>
<keyObject>6E32938B-0721-A140-CA67-B63AEA8075F5</keyObject>
<referredKeyID>6E32938B-0721-A140-CA67-B63AEA8075F5</referredKeyID>
<mandatory>true</mandatory>
<transferable>true</transferable>
<rely>false</rely>
<columnDependencyConstraintGenerateInDDL>true</columnDependencyConstraintGenerateInDDL>
</FKIndexAssociation>