<?xml version = '1.0' encoding = 'UTF-8'?>
<FKIndexAssociation class="oracle.dbtools.crest.model.design.relational.FKIndexAssociation" directorySegmentName="seg_0" id="9332C117-AE09-6358-61D8-FEEB28C15BF6" containerWithKeyObject="DDE0DECD-3023-06B4-313C-42374992099D" localFKIndex="5825B760-36D9-8C59-75C0-90E91102FBAC" name="ENDERECO_MUNICIPIO_FK">
<createdBy>rm73756</createdBy>
<createdTime>2015-10-02 14:07:04 UTC</createdTime>
<generatorID>61AA88B2-0CFD-B244-143C-07D6CB109938</generatorID>
<ownerDesignName>dominos_pizzaoficial</ownerDesignName>
<deleteRule>NO ACTION</deleteRule>
<referredTableID>79A84517-DC21-CBCE-FD93-823908803E61</referredTableID>
<keyObject>3420599F-8D3D-2676-AB2F-EFEBB88D1FB1</keyObject>
<referredKeyID>3420599F-8D3D-2676-AB2F-EFEBB88D1FB1</referredKeyID>
<mandatory>true</mandatory>
<transferable>true</transferable>
<rely>false</rely>
<columnDependencyConstraintGenerateInDDL>true</columnDependencyConstraintGenerateInDDL>
</FKIndexAssociation>