<?xml version = '1.0' encoding = 'UTF-8'?>
<FKIndexAssociation class="oracle.dbtools.crest.model.design.relational.FKIndexAssociation" directorySegmentName="seg_0" id="93D654A1-28E3-355B-82CB-7049F1371F35" containerWithKeyObject="C78EE15F-25B4-CDC7-737B-F24A661DB20C" localFKIndex="C316AAF7-DABD-6F58-062D-5F6B93B735E4" name="FUNCIONARIO_FUNCIONARIO_FK">
<createdBy>rm73756</createdBy>
<createdTime>2015-10-02 14:07:04 UTC</createdTime>
<generatorID>9D0690EF-7C30-7852-F140-0F73BB0EFC94</generatorID>
<ownerDesignName>dominos_pizzaoficial</ownerDesignName>
<deleteRule>NO ACTION</deleteRule>
<referredTableID>C78EE15F-25B4-CDC7-737B-F24A661DB20C</referredTableID>
<keyObject>4BCF68B7-86B7-C356-A936-97061065FDA3</keyObject>
<referredKeyID>4BCF68B7-86B7-C356-A936-97061065FDA3</referredKeyID>
<mandatory>true</mandatory>
<transferable>true</transferable>
<rely>false</rely>
<columnDependencyConstraintGenerateInDDL>true</columnDependencyConstraintGenerateInDDL>
</FKIndexAssociation>