<?xml version = '1.0' encoding = 'UTF-8'?>
<FKIndexAssociation class="oracle.dbtools.crest.model.design.relational.FKIndexAssociation" directorySegmentName="seg_0" id="9926D00B-A77E-2D72-DE44-AD1218B94DBB" containerWithKeyObject="DDE0DECD-3023-06B4-313C-42374992099D" localFKIndex="F4746EF7-B002-84B2-E3A4-59B567759081" name="ENDERECO_FILIAL_FK">
<createdBy>rm73756</createdBy>
<createdTime>2015-10-02 14:07:04 UTC</createdTime>
<generatorID>EEA7E35D-8987-50BF-BFAA-A53CCA799B01</generatorID>
<ownerDesignName>dominos_pizzaoficial</ownerDesignName>
<deleteRule>NO ACTION</deleteRule>
<referredTableID>B5F71E61-93DF-D60C-1D4F-384FD335AF3C</referredTableID>
<keyObject>6E32938B-0721-A140-CA67-B63AEA8075F5</keyObject>
<referredKeyID>6E32938B-0721-A140-CA67-B63AEA8075F5</referredKeyID>
<mandatory>true</mandatory>
<transferable>true</transferable>
<rely>false</rely>
<columnDependencyConstraintGenerateInDDL>true</columnDependencyConstraintGenerateInDDL>
</FKIndexAssociation>