<?xml version = '1.0' encoding = 'UTF-8'?>
<FKIndexAssociation class="oracle.dbtools.crest.model.design.relational.FKIndexAssociation" directorySegmentName="seg_0" id="9AC6776B-226D-8185-C4E4-B526B5A15577" containerWithKeyObject="F152A2D5-5426-27E5-A3D3-D9F06BDA1276" localFKIndex="0D4375D2-7B95-2716-25EA-247DB0B3A497" name="TELEFONE_CLIENTE_FK">
<createdBy>rm73756</createdBy>
<createdTime>2015-10-02 14:07:04 UTC</createdTime>
<generatorID>174EC910-7FC4-A4FB-AFE1-E0472D6BA70E</generatorID>
<ownerDesignName>dominos_pizzaoficial</ownerDesignName>
<deleteRule>NO ACTION</deleteRule>
<referredTableID>687B87F6-D0FE-9C11-6F92-65BB07F3EAFC</referredTableID>
<keyObject>07383A93-E44F-8780-21AD-531A97C20F35</keyObject>
<referredKeyID>07383A93-E44F-8780-21AD-531A97C20F35</referredKeyID>
<mandatory>true</mandatory>
<transferable>true</transferable>
<rely>false</rely>
<columnDependencyConstraintGenerateInDDL>true</columnDependencyConstraintGenerateInDDL>
</FKIndexAssociation>