<?xml version = '1.0' encoding = 'UTF-8'?>
<FKIndexAssociation class="oracle.dbtools.crest.model.design.relational.FKIndexAssociation" directorySegmentName="seg_0" id="AA33C6BE-FCB8-3024-0437-1A8E7D2DA772" containerWithKeyObject="07F4865F-040A-4DDF-6BEB-539B141EC82B" localFKIndex="9940660B-669E-E1BC-BFE6-B5BFF0FCAC15" name="FK_ASS_5">
<createdBy>rm73756</createdBy>
<createdTime>2015-10-02 14:07:04 UTC</createdTime>
<generatorID>0E92D136-5EF3-987F-9398-0F92FCC8D595</generatorID>
<ownerDesignName>dominos_pizzaoficial</ownerDesignName>
<deleteRule>NO ACTION</deleteRule>
<referredTableID>DDE0DECD-3023-06B4-313C-42374992099D</referredTableID>
<keyObject>43F26EE3-4F70-3665-92A9-8480C3AA7F6B</keyObject>
<referredKeyID>43F26EE3-4F70-3665-92A9-8480C3AA7F6B</referredKeyID>
<mandatory>true</mandatory>
<transferable>true</transferable>
<rely>false</rely>
<columnDependencyConstraintGenerateInDDL>true</columnDependencyConstraintGenerateInDDL>
</FKIndexAssociation>