<?xml version = '1.0' encoding = 'UTF-8'?>
<FKIndexAssociation class="oracle.dbtools.crest.model.design.relational.FKIndexAssociation" directorySegmentName="seg_0" id="CAC86923-EFA9-A04A-01FD-5E65831E7E35" containerWithKeyObject="3E36ADE3-6394-8A2E-85A6-5A19A7BEF1D0" localFKIndex="45B4C1B1-7101-06FC-73D8-02BBF9B26ABF" name="PRODUTO_ITEM_PRODUTO_FK">
<createdBy>rm73756</createdBy>
<createdTime>2015-10-02 14:07:04 UTC</createdTime>
<generatorID>BC5CA73F-D18A-61B7-04DC-10588EEE12AD</generatorID>
<ownerDesignName>dominos_pizzaoficial</ownerDesignName>
<deleteRule>NO ACTION</deleteRule>
<referredTableID>4A96CD70-C879-05A5-394B-AE1E6C502ACB</referredTableID>
<keyObject>7B043D7C-CF58-82C1-7CC8-41382EBF1272</keyObject>
<referredKeyID>7B043D7C-CF58-82C1-7CC8-41382EBF1272</referredKeyID>
<mandatory>true</mandatory>
<transferable>true</transferable>
<rely>false</rely>
<columnDependencyConstraintGenerateInDDL>true</columnDependencyConstraintGenerateInDDL>
</FKIndexAssociation>