<?xml version = '1.0' encoding = 'UTF-8'?>
<FKIndexAssociation class="oracle.dbtools.crest.model.design.relational.FKIndexAssociation" directorySegmentName="seg_0" id="D55B12EF-BE64-8E14-2F86-569D0C1C0D1D" containerWithKeyObject="AAA4820A-95D3-E8F3-181E-18765EBFFF55" localFKIndex="FFDEA34C-4B6C-E471-E660-65B9140779D6" name="COMBO_ITEM_COMBO_PROMOCAO_FK">
<createdBy>rm73756</createdBy>
<createdTime>2015-10-02 14:07:04 UTC</createdTime>
<generatorID>FFB4325C-4CF7-5F1E-6683-C81611748439</generatorID>
<ownerDesignName>dominos_pizzaoficial</ownerDesignName>
<deleteRule>NO ACTION</deleteRule>
<referredTableID>5C42A8F1-F759-42AA-80F5-FCF3481DE6BB</referredTableID>
<keyObject>D192BBC8-578D-BD2C-7342-DE9D3DE722F3</keyObject>
<referredKeyID>D192BBC8-578D-BD2C-7342-DE9D3DE722F3</referredKeyID>
<mandatory>true</mandatory>
<transferable>true</transferable>
<rely>false</rely>
<columnDependencyConstraintGenerateInDDL>true</columnDependencyConstraintGenerateInDDL>
</FKIndexAssociation>