<?xml version = '1.0' encoding = 'UTF-8'?>
<FKIndexAssociation class="oracle.dbtools.crest.model.design.relational.FKIndexAssociation" directorySegmentName="seg_0" id="1B534AA6-50DD-47FA-28DB-C70A2DD6D6B5" containerWithKeyObject="1C25EE8B-6D7E-FCC6-E179-2F221607F507" localFKIndex="C66FEFB3-98E3-0CF1-0192-671E06FFCA2C" name="ESTADO_PAIS_FK">
<createdBy>Szulczewski</createdBy>
<createdTime>2016-08-02 21:42:12 UTC</createdTime>
<generatorID>8668CE64-094F-4034-CDCC-DCF896B83DF7</generatorID>
<ownerDesignName>PIZZARIA</ownerDesignName>
<deleteRule>NO ACTION</deleteRule>
<referredTableID>4A6FA0BC-F108-57E8-8176-3EB22DA97858</referredTableID>
<keyObject>92CFD157-7F80-2509-503B-AEA005D50D2B</keyObject>
<referredKeyID>92CFD157-7F80-2509-503B-AEA005D50D2B</referredKeyID>
<mandatory>true</mandatory>
<transferable>true</transferable>
<rely>false</rely>
<columnDependencyConstraintGenerateInDDL>true</columnDependencyConstraintGenerateInDDL>
</FKIndexAssociation>