<?xml version = '1.0' encoding = 'UTF-8'?>
<FKIndexAssociation class="oracle.dbtools.crest.model.design.relational.FKIndexAssociation" directorySegmentName="seg_0" id="1C46C4F6-C475-77DD-0083-44D7BDDF45D8" containerWithKeyObject="4B623B73-7920-3689-7F52-5228459D154D" localFKIndex="9599A464-8DC4-0F7C-976A-FA492D6F0ECB" name="TP_FILIAL_FILIAL_FK">
<createdBy>Szulczewski</createdBy>
<createdTime>2016-08-02 21:42:12 UTC</createdTime>
<generatorID>54CE23F1-3913-0C93-845F-C60EE4472625</generatorID>
<ownerDesignName>PIZZARIA</ownerDesignName>
<deleteRule>NO ACTION</deleteRule>
<referredTableID>0DA12C36-ED36-D666-C438-12F4A3085D6C</referredTableID>
<keyObject>AC184A7E-2F14-B420-26B0-AB04E52AB1C7</keyObject>
<referredKeyID>AC184A7E-2F14-B420-26B0-AB04E52AB1C7</referredKeyID>
<mandatory>true</mandatory>
<transferable>true</transferable>
<rely>false</rely>
<columnDependencyConstraintGenerateInDDL>true</columnDependencyConstraintGenerateInDDL>
</FKIndexAssociation>