<?xml version = '1.0' encoding = 'UTF-8'?>
<FKIndexAssociation class="oracle.dbtools.crest.model.design.relational.FKIndexAssociation" directorySegmentName="seg_0" id="1DC48E27-4A7D-EDFF-C839-E56554F450EA" containerWithKeyObject="6B8F1FAD-8C17-879A-B64A-13F5D9859300" localFKIndex="3C06387C-9B31-21DF-59FD-DB44C90AE3AC" name="PEDIDO_FUNCIONARIO_FK">
<createdBy>Szulczewski</createdBy>
<createdTime>2016-08-02 21:42:12 UTC</createdTime>
<generatorID>089900E5-FA81-3F14-AF76-5E699F893E7A</generatorID>
<ownerDesignName>PIZZARIA</ownerDesignName>
<deleteRule>NO ACTION</deleteRule>
<referredTableID>E7577172-D334-8A51-88AA-5C76B99333F5</referredTableID>
<keyObject>52588C14-C523-DB7B-64C6-488DE53BCBA9</keyObject>
<referredKeyID>52588C14-C523-DB7B-64C6-488DE53BCBA9</referredKeyID>
<mandatory>true</mandatory>
<transferable>true</transferable>
<rely>false</rely>
<columnDependencyConstraintGenerateInDDL>true</columnDependencyConstraintGenerateInDDL>
</FKIndexAssociation>