<?xml version = '1.0' encoding = 'UTF-8'?>
<FKIndexAssociation class="oracle.dbtools.crest.model.design.relational.FKIndexAssociation" directorySegmentName="seg_0" id="22132B76-B286-94AE-0C06-33E9541EA7C0" containerWithKeyObject="351F0B1E-B9AA-312C-84BF-A9755686916B" localFKIndex="6B793E70-4CA0-54CB-8270-06BE78D85AA0" name="CIDADE_ESTADO_FK">
<createdBy>Szulczewski</createdBy>
<createdTime>2016-08-02 21:42:12 UTC</createdTime>
<generatorID>0C97A426-EA81-939A-1C25-6F5D570B77B3</generatorID>
<ownerDesignName>PIZZARIA</ownerDesignName>
<deleteRule>NO ACTION</deleteRule>
<referredTableID>1C25EE8B-6D7E-FCC6-E179-2F221607F507</referredTableID>
<keyObject>0E13B428-0852-1F64-D1BA-79722127D5B0</keyObject>
<referredKeyID>0E13B428-0852-1F64-D1BA-79722127D5B0</referredKeyID>
<mandatory>true</mandatory>
<transferable>true</transferable>
<rely>false</rely>
<columnDependencyConstraintGenerateInDDL>true</columnDependencyConstraintGenerateInDDL>
</FKIndexAssociation>