<?xml version = '1.0' encoding = 'UTF-8'?>
<FKIndexAssociation class="oracle.dbtools.crest.model.design.relational.FKIndexAssociation" directorySegmentName="seg_0" id="25C68DD3-1A6C-F313-49A1-9F485A666D29" containerWithKeyObject="0DA12C36-ED36-D666-C438-12F4A3085D6C" localFKIndex="A092D2EB-22CA-4F83-EB39-797BDB0E5859" name="FILIAL_ENDERECO_FK">
<createdBy>Szulczewski</createdBy>
<createdTime>2016-08-02 21:42:12 UTC</createdTime>
<generatorID>0580313C-F4E8-6F84-1C94-B832CADE8469</generatorID>
<ownerDesignName>PIZZARIA</ownerDesignName>
<deleteRule>NO ACTION</deleteRule>
<referredTableID>F130A481-4872-66B5-0CD3-757D0D7088F3</referredTableID>
<keyObject>0F7030FE-94F8-8238-040F-A808E73C266E</keyObject>
<referredKeyID>0F7030FE-94F8-8238-040F-A808E73C266E</referredKeyID>
<mandatory>true</mandatory>
<transferable>true</transferable>
<rely>false</rely>
<columnDependencyConstraintGenerateInDDL>true</columnDependencyConstraintGenerateInDDL>
</FKIndexAssociation>