<?xml version = '1.0' encoding = 'UTF-8'?>
<FKIndexAssociation class="oracle.dbtools.crest.model.design.relational.FKIndexAssociation" directorySegmentName="seg_0" id="2DA3A7AF-5175-8E1F-0AC5-0DA29291D715" containerWithKeyObject="E7577172-D334-8A51-88AA-5C76B99333F5" localFKIndex="0986654B-8461-55B7-769E-10EB12F49A11" name="FUNCIONARIO_CARGO_FK">
<createdBy>Szulczewski</createdBy>
<createdTime>2016-08-02 22:49:25 UTC</createdTime>
<generatorID>B454F944-5B3D-D720-4F3C-1BC213F9525E</generatorID>
<ownerDesignName>PIZZARIA</ownerDesignName>
<deleteRule>NO ACTION</deleteRule>
<referredTableID>E08CD517-BF6B-B406-D14F-77824FE83B5D</referredTableID>
<keyObject>7B84A18B-7B54-6C98-2EF3-DE7DF38F492E</keyObject>
<referredKeyID>7B84A18B-7B54-6C98-2EF3-DE7DF38F492E</referredKeyID>
<mandatory>true</mandatory>
<transferable>true</transferable>
<rely>false</rely>
<columnDependencyConstraintGenerateInDDL>true</columnDependencyConstraintGenerateInDDL>
</FKIndexAssociation>