<?xml version = '1.0' encoding = 'UTF-8'?>
<FKIndexAssociation class="oracle.dbtools.crest.model.design.relational.FKIndexAssociation" directorySegmentName="seg_0" id="4301EF40-46B6-D13C-408D-4EDB8EA715AF" containerWithKeyObject="5FA8731A-C07A-2437-1D6B-FDC3C5E67FAE" localFKIndex="3B2535B2-8FF4-4C9A-DFA9-9AD9798F3DD7" name="PAGAMENTO_PEDIDO_FK">
<createdBy>Szulczewski</createdBy>
<createdTime>2016-08-02 21:42:12 UTC</createdTime>
<generatorID>AAF35BF0-271C-3660-92C6-4AA0F68B4E5A</generatorID>
<ownerDesignName>PIZZARIA</ownerDesignName>
<deleteRule>NO ACTION</deleteRule>
<referredTableID>6B8F1FAD-8C17-879A-B64A-13F5D9859300</referredTableID>
<keyObject>D8B75FCB-C821-4223-EA03-EE7F8D4BBDA0</keyObject>
<referredKeyID>D8B75FCB-C821-4223-EA03-EE7F8D4BBDA0</referredKeyID>
<mandatory>true</mandatory>
<transferable>true</transferable>
<rely>false</rely>
<columnDependencyConstraintGenerateInDDL>true</columnDependencyConstraintGenerateInDDL>
</FKIndexAssociation>