<?xml version = '1.0' encoding = 'UTF-8'?>
<FKIndexAssociation class="oracle.dbtools.crest.model.design.relational.FKIndexAssociation" directorySegmentName="seg_0" id="60465E5E-6E70-0841-AFE5-42152E672D08" containerWithKeyObject="F130A481-4872-66B5-0CD3-757D0D7088F3" localFKIndex="680DAF36-0A18-2868-B5AA-5B82D24BBEAF" name="ENDERECO_CIDADE_FK">
<createdBy>Szulczewski</createdBy>
<createdTime>2016-08-02 21:42:12 UTC</createdTime>
<generatorID>7CDC57A0-3233-50EF-455C-690627A27ADB</generatorID>
<ownerDesignName>PIZZARIA</ownerDesignName>
<deleteRule>NO ACTION</deleteRule>
<referredTableID>351F0B1E-B9AA-312C-84BF-A9755686916B</referredTableID>
<keyObject>26112ADF-C1C1-3DFA-44E4-71AADB435BCC</keyObject>
<referredKeyID>26112ADF-C1C1-3DFA-44E4-71AADB435BCC</referredKeyID>
<mandatory>true</mandatory>
<transferable>true</transferable>
<rely>false</rely>
<columnDependencyConstraintGenerateInDDL>true</columnDependencyConstraintGenerateInDDL>
</FKIndexAssociation>