<?xml version = '1.0' encoding = 'UTF-8'?>
<FKIndexAssociation class="oracle.dbtools.crest.model.design.relational.FKIndexAssociation" directorySegmentName="seg_0" id="6641BC3A-4DBC-05CA-1D51-5AB50EA81604" containerWithKeyObject="6B8F1FAD-8C17-879A-B64A-13F5D9859300" localFKIndex="29AA2B52-3857-DE6F-1488-F85963193B3F" name="PEDIDO_PRODUTO_IT_FK">
<createdBy>Szulczewski</createdBy>
<createdTime>2016-08-03 00:41:50 UTC</createdTime>
<generatorID>F935D35F-7BD8-B266-A4BE-9F376B772C1B</generatorID>
<ownerDesignName>PIZZARIA</ownerDesignName>
<deleteRule>NO ACTION</deleteRule>
<referredTableID>4EB5D67C-605F-6263-D3B5-1448F90519AE</referredTableID>
<keyObject>CEBA07CE-A1F5-0BEB-B52F-63958326B73A</keyObject>
<referredKeyID>CEBA07CE-A1F5-0BEB-B52F-63958326B73A</referredKeyID>
<mandatory>true</mandatory>
<transferable>true</transferable>
<rely>false</rely>
<columnDependencyConstraintGenerateInDDL>true</columnDependencyConstraintGenerateInDDL>
</FKIndexAssociation>