<?xml version = '1.0' encoding = 'UTF-8'?>
<FKIndexAssociation class="oracle.dbtools.crest.model.design.relational.FKIndexAssociation" directorySegmentName="seg_0" id="7392AB1B-4586-B8E3-4866-92F530C73431" containerWithKeyObject="C80F7251-CF3F-0D29-8943-F578791511AF" localFKIndex="AB2D7BAD-67CE-B4F6-F789-7CB8B6A47EF9" name="COMBO_CATEGORIA_FK">
<createdBy>Szulczewski</createdBy>
<createdTime>2016-08-02 21:42:12 UTC</createdTime>
<generatorID>0C7AD577-8B00-0C96-4D27-DBE996057D7C</generatorID>
<ownerDesignName>PIZZARIA</ownerDesignName>
<deleteRule>NO ACTION</deleteRule>
<referredTableID>E05BA39E-81E1-E10B-E38A-94408D5B0CE3</referredTableID>
<keyObject>6B1658D5-577E-5F04-D6A1-68B2F8F57771</keyObject>
<referredKeyID>6B1658D5-577E-5F04-D6A1-68B2F8F57771</referredKeyID>
<mandatory>true</mandatory>
<transferable>true</transferable>
<rely>false</rely>
<columnDependencyConstraintGenerateInDDL>true</columnDependencyConstraintGenerateInDDL>
</FKIndexAssociation>