<?xml version = '1.0' encoding = 'UTF-8'?>
<FKIndexAssociation class="oracle.dbtools.crest.model.design.relational.FKIndexAssociation" directorySegmentName="seg_0" id="7F58AD9A-1BD4-4ABB-5147-938FDDBBD750" containerWithKeyObject="9A961633-653F-4FD5-80C2-84F81820FFBC" localFKIndex="77BB8BF5-9334-57E8-AF3F-DD267948FC99" name="PRODUTO_CATEGORIA_FK">
<createdBy>Szulczewski</createdBy>
<createdTime>2016-08-02 21:42:12 UTC</createdTime>
<generatorID>1A3522F5-AA0A-38DA-A683-9ACF39C597AD</generatorID>
<ownerDesignName>PIZZARIA</ownerDesignName>
<deleteRule>NO ACTION</deleteRule>
<referredTableID>E05BA39E-81E1-E10B-E38A-94408D5B0CE3</referredTableID>
<keyObject>6B1658D5-577E-5F04-D6A1-68B2F8F57771</keyObject>
<referredKeyID>6B1658D5-577E-5F04-D6A1-68B2F8F57771</referredKeyID>
<mandatory>true</mandatory>
<transferable>true</transferable>
<rely>false</rely>
<columnDependencyConstraintGenerateInDDL>true</columnDependencyConstraintGenerateInDDL>
</FKIndexAssociation>