<?xml version = '1.0' encoding = 'UTF-8'?>
<FKIndexAssociation class="oracle.dbtools.crest.model.design.relational.FKIndexAssociation" directorySegmentName="seg_0" id="A8FD5669-199C-5E68-B8B5-1B341C0FE5E4" containerWithKeyObject="6B8F1FAD-8C17-879A-B64A-13F5D9859300" localFKIndex="20B232B3-A5A6-8B7A-DE8E-E96A891C1058" name="PEDIDO_CLIENTE_FK">
<createdBy>Szulczewski</createdBy>
<createdTime>2016-08-02 21:42:12 UTC</createdTime>
<generatorID>753C5273-0409-A846-2A63-9B51A60C169A</generatorID>
<ownerDesignName>PIZZARIA</ownerDesignName>
<deleteRule>NO ACTION</deleteRule>
<referredTableID>F86583F5-1962-E4F0-C683-80480F3ECD7C</referredTableID>
<keyObject>0FF0F800-D730-E774-E908-8C549C3D785E</keyObject>
<referredKeyID>0FF0F800-D730-E774-E908-8C549C3D785E</referredKeyID>
<mandatory>true</mandatory>
<transferable>true</transferable>
<rely>false</rely>
<columnDependencyConstraintGenerateInDDL>true</columnDependencyConstraintGenerateInDDL>
</FKIndexAssociation>