<?xml version = '1.0' encoding = 'UTF-8'?>
<FKIndexAssociation class="oracle.dbtools.crest.model.design.relational.FKIndexAssociation" directorySegmentName="seg_0" id="B8330EB5-EBB1-DF1E-3A02-100AF50A4D50" containerWithKeyObject="4EB5D67C-605F-6263-D3B5-1448F90519AE" localFKIndex="F50F052D-9BDA-EE51-5E07-85D5DA0DC86B" name="PRODUTO_IT_PRODUTO_FK">
<createdBy>Szulczewski</createdBy>
<createdTime>2016-08-03 00:41:50 UTC</createdTime>
<generatorID>B71F81DF-B0DD-D8BC-B118-7C45611F7062</generatorID>
<ownerDesignName>PIZZARIA</ownerDesignName>
<deleteRule>NO ACTION</deleteRule>
<referredTableID>9A961633-653F-4FD5-80C2-84F81820FFBC</referredTableID>
<keyObject>211E575F-5B07-8FDA-51C0-9D39C277AD69</keyObject>
<referredKeyID>211E575F-5B07-8FDA-51C0-9D39C277AD69</referredKeyID>
<mandatory>true</mandatory>
<transferable>true</transferable>
<rely>false</rely>
<columnDependencyConstraintGenerateInDDL>true</columnDependencyConstraintGenerateInDDL>
</FKIndexAssociation>