<?xml version = '1.0' encoding = 'UTF-8'?>
<FKIndexAssociation class="oracle.dbtools.crest.model.design.relational.FKIndexAssociation" directorySegmentName="seg_0" id="D337D150-3050-1D25-C17D-247D9803E262" containerWithKeyObject="E7577172-D334-8A51-88AA-5C76B99333F5" localFKIndex="11D63C63-8877-8CCA-7412-FCF5947B2B70" name="FUNCIONARIO_FILIAL_FK">
<createdBy>Szulczewski</createdBy>
<createdTime>2016-08-02 21:44:02 UTC</createdTime>
<generatorID>32D4955E-ECE9-006C-9AF2-A9E1B3182403</generatorID>
<ownerDesignName>PIZZARIA</ownerDesignName>
<deleteRule>NO ACTION</deleteRule>
<referredTableID>0DA12C36-ED36-D666-C438-12F4A3085D6C</referredTableID>
<keyObject>AC184A7E-2F14-B420-26B0-AB04E52AB1C7</keyObject>
<referredKeyID>AC184A7E-2F14-B420-26B0-AB04E52AB1C7</referredKeyID>
<mandatory>true</mandatory>
<transferable>true</transferable>
<rely>false</rely>
<columnDependencyConstraintGenerateInDDL>true</columnDependencyConstraintGenerateInDDL>
</FKIndexAssociation>