<?xml version = '1.0' encoding = 'UTF-8'?>
<FKIndexAssociation class="oracle.dbtools.crest.model.design.relational.FKIndexAssociation" directorySegmentName="seg_0" id="FC3AA90D-362B-EE54-EC1A-47A22738EB55" containerWithKeyObject="4EB5D67C-605F-6263-D3B5-1448F90519AE" localFKIndex="72C0AA26-6304-7656-0BC2-ED65259A182D" name="PRODUTO_IT_COMBO_FK">
<createdBy>Szulczewski</createdBy>
<createdTime>2016-08-03 00:51:02 UTC</createdTime>
<generatorID>7C8B9517-89EB-9D88-6513-036662BB3C08</generatorID>
<ownerDesignName>PIZZARIA</ownerDesignName>
<deleteRule>NO ACTION</deleteRule>
<referredTableID>C80F7251-CF3F-0D29-8943-F578791511AF</referredTableID>
<keyObject>09844181-1F01-4700-7238-B5F4F41F6B33</keyObject>
<referredKeyID>09844181-1F01-4700-7238-B5F4F41F6B33</referredKeyID>
<mandatory>true</mandatory>
<transferable>true</transferable>
<rely>false</rely>
<columnDependencyConstraintGenerateInDDL>true</columnDependencyConstraintGenerateInDDL>
</FKIndexAssociation>