<?xml version = '1.0' encoding = 'UTF-8'?>
<FKIndexAssociation class="oracle.dbtools.crest.model.design.relational.FKIndexAssociation" directorySegmentName="seg_0" id="FCF5AC93-46B5-9725-2F88-F6F73F49FD0F" containerWithKeyObject="C80F7251-CF3F-0D29-8943-F578791511AF" localFKIndex="FACEC6FF-EBF8-7D32-4D19-D882BE65F7F0" name="COMBO_PRODUTO_FK">
<createdBy>Szulczewski</createdBy>
<createdTime>2016-08-03 00:41:50 UTC</createdTime>
<generatorID>46BCE878-2F54-887E-377A-46BBF4C94EDE</generatorID>
<ownerDesignName>PIZZARIA</ownerDesignName>
<deleteRule>NO ACTION</deleteRule>
<referredTableID>9A961633-653F-4FD5-80C2-84F81820FFBC</referredTableID>
<keyObject>211E575F-5B07-8FDA-51C0-9D39C277AD69</keyObject>
<referredKeyID>211E575F-5B07-8FDA-51C0-9D39C277AD69</referredKeyID>
<mandatory>true</mandatory>
<transferable>true</transferable>
<rely>false</rely>
<columnDependencyConstraintGenerateInDDL>true</columnDependencyConstraintGenerateInDDL>
</FKIndexAssociation>