<?xml version = '1.0' encoding = 'UTF-8'?>
<Diagram class="oracle.dbtools.crest.swingui.logical.DPVLogical" name="Logical" id="F4064A38-CF75-74C7-6081-A85CF291C0C6">
<createdBy>Szulczewski</createdBy>
<createdTime>2016-08-01 22:39:27 UTC</createdTime>
<autoRoute>false</autoRoute>
<boxInbox>true</boxInbox>
<showLegend>false</showLegend>
<showLabels>false</showLabels>
<showRelAttributes>false</showRelAttributes>
<gridEnabled>false</gridEnabled>
<showGrid>false</showGrid>
<diagramColor>-1</diagramColor>
<display>false</display>
<notation>2</notation>
<objectViews>
<OView class="oracle.dbtools.crest.swingui.logical.TVEntity" oid="1C263727-28D0-2AB6-1346-5526F20430FD" otype="Entity" vid="1E909FC9-70CF-273E-6251-CB9C25C83460">
<hideElementsInCurrentOnly>false</hideElementsInCurrentOnly>
<bounds x="1131" y="283" width="196" height="74"/>
</OView>
<OView class="oracle.dbtools.crest.swingui.logical.TVEntity" oid="3347E41E-695B-EFF4-B2AF-F930921637AC" otype="Entity" vid="3CF6FB20-B156-48AA-2AF1-443A2C0D7E87">
<hideElementsInCurrentOnly>false</hideElementsInCurrentOnly>
<bounds x="359" y="415" width="129" height="124"/>
</OView>
<OView class="oracle.dbtools.crest.swingui.logical.TVEntity" oid="35997544-485E-0DBA-ACC7-14D9B0B2333F" otype="Entity" vid="4F424A5E-B187-093C-343D-B9A08E1268A0">
<hideElementsInCurrentOnly>false</hideElementsInCurrentOnly>
<bounds x="912" y="4" width="193" height="177"/>
</OView>
<OView class="oracle.dbtools.crest.swingui.logical.TVEntity" oid="3757CA67-2CE7-5E05-E7E3-30B77C5BB2EC" otype="Entity" vid="AF586895-F024-C94D-CA59-B1DDAB9F9298">
<hideElementsInCurrentOnly>false</hideElementsInCurrentOnly>
<bounds x="11" y="381" width="256" height="81"/>
</OView>
<OView class="oracle.dbtools.crest.swingui.logical.TVEntity" oid="4116506C-FCD2-657A-EC99-EE233DD113AD" otype="Entity" vid="4751CACF-BDF6-956B-3829-DD74B5856B68">
<hideElementsInCurrentOnly>false</hideElementsInCurrentOnly>
<bounds x="458" y="215" width="187" height="108"/>
</OView>
<OView class="oracle.dbtools.crest.swingui.logical.TVEntity" oid="416FFD3C-F077-A55A-E8F7-2CD4EF50CFA0" otype="Entity" vid="E417DFC4-7654-D7A3-5A9F-6539DC99E8C7">
<hideElementsInCurrentOnly>false</hideElementsInCurrentOnly>
<bounds x="346" y="7" width="523" height="147"/>
</OView>
<OView class="oracle.dbtools.crest.swingui.logical.TVEntity" oid="43C4851C-A817-E475-C5CA-A2C140BDF2EF" otype="Entity" vid="858DBA00-C2BA-3CF8-1871-5832C80BF54B">
<hideElementsInCurrentOnly>false</hideElementsInCurrentOnly>
<bounds x="601" y="409" width="201" height="141"/>
</OView>
<OView class="oracle.dbtools.crest.swingui.logical.TVEntity" oid="4A32DFAD-E9C2-AF5E-6D15-E12B2BAA28F5" otype="Entity" vid="550EC862-30CC-6DC8-95CB-EBD0FFF90F36">
<hideElementsInCurrentOnly>false</hideElementsInCurrentOnly>
<bounds x="1127" y="121" width="195" height="113"/>
</OView>
<OView class="oracle.dbtools.crest.swingui.logical.TVEntity" oid="55C87344-6A09-B548-158D-BCC65F92C957" otype="Entity" vid="F95C7A21-794F-255A-52D5-555FA245963C">
<hideElementsInCurrentOnly>false</hideElementsInCurrentOnly>
<bounds x="671" y="189" width="258" height="139"/>
</OView>
<OView class="oracle.dbtools.crest.swingui.logical.TVEntity" oid="60FFA151-6FF7-9F82-C738-00B9758F0969" otype="Entity" vid="1F00CCBB-0B08-759D-FA7B-B32BE22B591C">
<hideElementsInCurrentOnly>false</hideElementsInCurrentOnly>
<bounds x="1125" y="390" width="199" height="130"/>
</OView>
<OView class="oracle.dbtools.crest.swingui.logical.TVEntity" oid="707393DA-16B7-D936-27F3-8DFEC3981491" otype="Entity" vid="5C42668A-3914-CB38-110B-4D9F8CCABEFC">
<hideElementsInCurrentOnly>false</hideElementsInCurrentOnly>
<bounds x="1127" y="4" width="194" height="74"/>
</OView>
<OView class="oracle.dbtools.crest.swingui.logical.TVEntity" oid="A9E75D89-2105-4FFB-287E-0D94FE7A3E08" otype="Entity" vid="B47FB16F-E485-2063-A2D9-35AB8B6933D8">
<hideElementsInCurrentOnly>false</hideElementsInCurrentOnly>
<bounds x="919" y="317" width="150" height="101"/>
</OView>
<OView class="oracle.dbtools.crest.swingui.logical.TVEntity" oid="CC3B4581-0DF0-FB88-5BED-50F9D608507F" otype="Entity" vid="805C8A3C-D228-2B58-49FC-56D6E1237B23">
<hideElementsInCurrentOnly>false</hideElementsInCurrentOnly>
<bounds x="238" y="181" width="193" height="150"/>
</OView>
<OView class="oracle.dbtools.crest.swingui.logical.TVEntity" oid="D229099B-42B5-032C-D630-280A63553ADE" otype="Entity" vid="FBD5520C-E4A1-68D6-A44A-943C34FC117D">
<hideElementsInCurrentOnly>false</hideElementsInCurrentOnly>
<bounds x="5" y="182" width="188" height="152"/>
</OView>
<OView class="oracle.dbtools.crest.swingui.logical.TVEntity" oid="E753D31F-19D0-F527-3D48-9733FB840E5C" otype="Entity" vid="1B09D388-A612-EC99-25FF-3C908FE2FC83">
<hideElementsInCurrentOnly>false</hideElementsInCurrentOnly>
<bounds x="13" y="10" width="291" height="124"/>
</OView>
</objectViews>
<connectors>
<Connector class="oracle.dbtools.crest.swingui.logical.TVRelation" oid="0580313C-F4E8-6F84-1C94-B832CADE8469" otype="Relation" vid_source="1F00CCBB-0B08-759D-FA7B-B32BE22B591C" vid_target="858DBA00-C2BA-3CF8-1871-5832C80BF54B">
<hideElementsInCurrentOnly>false</hideElementsInCurrentOnly>
<lineWidth>1</lineWidth>
<points>
<point x="1125" y="464"/>
<point x="802" y="464"/>
</points>
</Connector>
<Connector class="oracle.dbtools.crest.swingui.logical.TVRelation" oid="089900E5-FA81-3F14-AF76-5E699F893E7A" otype="Relation" vid_source="4F424A5E-B187-093C-343D-B9A08E1268A0" vid_target="E417DFC4-7654-D7A3-5A9F-6539DC99E8C7">
<hideElementsInCurrentOnly>false</hideElementsInCurrentOnly>
<lineWidth>1</lineWidth>
<points>
<point x="912" y="80"/>
<point x="869" y="80"/>
</points>
</Connector>
<Connector class="oracle.dbtools.crest.swingui.logical.TVRelation" oid="0C7AD577-8B00-0C96-4D27-DBE996057D7C" otype="Relation" vid_source="AF586895-F024-C94D-CA59-B1DDAB9F9298" vid_target="FBD5520C-E4A1-68D6-A44A-943C34FC117D">
<hideElementsInCurrentOnly>false</hideElementsInCurrentOnly>
<lineWidth>1</lineWidth>
<points>
<point x="112" y="381"/>
<point x="112" y="334"/>
</points>
</Connector>
<Connector class="oracle.dbtools.crest.swingui.logical.TVRelation" oid="0C97A426-EA81-939A-1C25-6F5D570B77B3" otype="Relation" vid_source="550EC862-30CC-6DC8-95CB-EBD0FFF90F36" vid_target="1E909FC9-70CF-273E-6251-CB9C25C83460">
<hideElementsInCurrentOnly>false</hideElementsInCurrentOnly>
<lineWidth>1</lineWidth>
<points>
<point x="1226" y="234"/>
<point x="1226" y="283"/>
</points>
</Connector>
<Connector class="oracle.dbtools.crest.swingui.logical.TVRelation" oid="1A3522F5-AA0A-38DA-A683-9ACF39C597AD" otype="Relation" vid_source="AF586895-F024-C94D-CA59-B1DDAB9F9298" vid_target="805C8A3C-D228-2B58-49FC-56D6E1237B23">
<hideElementsInCurrentOnly>false</hideElementsInCurrentOnly>
<lineWidth>1</lineWidth>
<points>
<point x="248" y="381"/>
<point x="248" y="331"/>
</points>
</Connector>
<Connector class="oracle.dbtools.crest.swingui.logical.TVRelation" oid="32D4955E-ECE9-006C-9AF2-A9E1B3182403" otype="Relation" vid_source="858DBA00-C2BA-3CF8-1871-5832C80BF54B" vid_target="4F424A5E-B187-093C-343D-B9A08E1268A0">
<hideElementsInCurrentOnly>false</hideElementsInCurrentOnly>
<lineWidth>1</lineWidth>
<points>
<point x="701" y="409"/>
<point x="1008" y="181"/>
</points>
</Connector>
<Connector class="oracle.dbtools.crest.swingui.logical.TVRelation" oid="46BCE878-2F54-887E-377A-46BBF4C94EDE" otype="Relation" vid_source="805C8A3C-D228-2B58-49FC-56D6E1237B23" vid_target="FBD5520C-E4A1-68D6-A44A-943C34FC117D">
<hideElementsInCurrentOnly>false</hideElementsInCurrentOnly>
<lineWidth>1</lineWidth>
<points>
<point x="238" y="256"/>
<point x="193" y="256"/>
</points>
</Connector>
<Connector class="oracle.dbtools.crest.swingui.logical.TVRelation" oid="54CE23F1-3913-0C93-845F-C60EE4472625" otype="Relation" vid_source="858DBA00-C2BA-3CF8-1871-5832C80BF54B" vid_target="3CF6FB20-B156-48AA-2AF1-443A2C0D7E87">
<hideElementsInCurrentOnly>false</hideElementsInCurrentOnly>
<lineWidth>1</lineWidth>
<points>
<point x="601" y="477"/>
<point x="488" y="477"/>
</points>
</Connector>
<Connector class="oracle.dbtools.crest.swingui.logical.TVRelation" oid="753C5273-0409-A846-2A63-9B51A60C169A" otype="Relation" vid_source="4751CACF-BDF6-956B-3829-DD74B5856B68" vid_target="E417DFC4-7654-D7A3-5A9F-6539DC99E8C7">
<hideElementsInCurrentOnly>false</hideElementsInCurrentOnly>
<lineWidth>1</lineWidth>
<points>
<point x="551" y="215"/>
<point x="551" y="154"/>
</points>
</Connector>
<Connector class="oracle.dbtools.crest.swingui.logical.TVRelation" oid="7C8B9517-89EB-9D88-6513-036662BB3C08" otype="Relation" vid_source="FBD5520C-E4A1-68D6-A44A-943C34FC117D" vid_target="1B09D388-A612-EC99-25FF-3C908FE2FC83">
<hideElementsInCurrentOnly>false</hideElementsInCurrentOnly>
<lineWidth>1</lineWidth>
<points>
<point x="83" y="182"/>
<point x="83" y="134"/>
</points>
</Connector>
<Connector class="oracle.dbtools.crest.swingui.logical.TVRelation" oid="7CDC57A0-3233-50EF-455C-690627A27ADB" otype="Relation" vid_source="1E909FC9-70CF-273E-6251-CB9C25C83460" vid_target="1F00CCBB-0B08-759D-FA7B-B32BE22B591C">
<hideElementsInCurrentOnly>false</hideElementsInCurrentOnly>
<lineWidth>1</lineWidth>
<points>
<point x="1237" y="357"/>
<point x="1237" y="390"/>
</points>
</Connector>
<Connector class="oracle.dbtools.crest.swingui.logical.TVRelation" oid="8668CE64-094F-4034-CDCC-DCF896B83DF7" otype="Relation" vid_source="5C42668A-3914-CB38-110B-4D9F8CCABEFC" vid_target="550EC862-30CC-6DC8-95CB-EBD0FFF90F36">
<hideElementsInCurrentOnly>false</hideElementsInCurrentOnly>
<lineWidth>1</lineWidth>
<points>
<point x="1234" y="78"/>
<point x="1234" y="121"/>
</points>
</Connector>
<Connector class="oracle.dbtools.crest.swingui.logical.TVRelation" oid="AAF35BF0-271C-3660-92C6-4AA0F68B4E5A" otype="Relation" vid_source="E417DFC4-7654-D7A3-5A9F-6539DC99E8C7" vid_target="F95C7A21-794F-255A-52D5-555FA245963C">
<hideElementsInCurrentOnly>false</hideElementsInCurrentOnly>
<lineWidth>1</lineWidth>
<points>
<point x="770" y="154"/>
<point x="770" y="189"/>
</points>
</Connector>
<Connector class="oracle.dbtools.crest.swingui.logical.TVRelation" oid="B454F944-5B3D-D720-4F3C-1BC213F9525E" otype="Relation" vid_source="B47FB16F-E485-2063-A2D9-35AB8B6933D8" vid_target="4F424A5E-B187-093C-343D-B9A08E1268A0">
<hideElementsInCurrentOnly>false</hideElementsInCurrentOnly>
<lineWidth>1</lineWidth>
<points>
<point x="1024" y="317"/>
<point x="1024" y="181"/>
</points>
</Connector>
<Connector class="oracle.dbtools.crest.swingui.logical.TVRelation" oid="B71F81DF-B0DD-D8BC-B118-7C45611F7062" otype="Relation" vid_source="805C8A3C-D228-2B58-49FC-56D6E1237B23" vid_target="1B09D388-A612-EC99-25FF-3C908FE2FC83">
<hideElementsInCurrentOnly>false</hideElementsInCurrentOnly>
<lineWidth>1</lineWidth>
<points>
<point x="264" y="181"/>
<point x="262" y="134"/>
</points>
</Connector>
<Connector class="oracle.dbtools.crest.swingui.logical.TVRelation" oid="F935D35F-7BD8-B266-A4BE-9F376B772C1B" otype="Relation" vid_source="1B09D388-A612-EC99-25FF-3C908FE2FC83" vid_target="E417DFC4-7654-D7A3-5A9F-6539DC99E8C7">
<hideElementsInCurrentOnly>false</hideElementsInCurrentOnly>
<lineWidth>1</lineWidth>
<points>
<point x="304" y="92"/>
<point x="346" y="92"/>
</points>
</Connector>
</connectors>
</Diagram>