<?xml version = '1.0' encoding = 'UTF-8'?>
<FKIndexAssociation class="oracle.dbtools.crest.model.design.relational.FKIndexAssociation" directorySegmentName="seg_0" id="2EDF6A4B-9D2F-F102-3E11-95CD663B9C05" containerWithKeyObject="8362907E-5C3A-FAE6-F9E4-93CB6C9C182C" localFKIndex="116C2652-B4C3-55D3-6DC6-52EE4FBA933B" name="FK_ASS_14">
<createdBy>rm73756</createdBy>
<createdTime>2015-10-02 14:07:04 UTC</createdTime>
<generatorID>EDBC1D7D-7179-AFE4-263D-E95B1FF258CB</generatorID>
<ownerDesignName>dominos_pizzaoficial</ownerDesignName>
<deleteRule>NO ACTION</deleteRule>
<referredTableID>B5F71E61-93DF-D60C-1D4F-384FD335AF3C</referredTableID>
<keyObject>6E32938B-0721-A140-CA67-B63AEA8075F5</keyObject>
<referredKeyID>6E32938B-0721-A140-CA67-B63AEA8075F5</referredKeyID>
<mandatory>true</mandatory>
<transferable>true</transferable>
<rely>false</rely>
<columnDependencyConstraintGenerateInDDL>true</columnDependencyConstraintGenerateInDDL>
</FKIndexAssociation>