<?xml version = '1.0' encoding = 'UTF-8'?>
<FKIndexAssociation class="oracle.dbtools.crest.model.design.relational.FKIndexAssociation" directorySegmentName="seg_0" id="3F6A22A9-908F-4607-BFFE-F26C429ED6F0" containerWithKeyObject="F152A2D5-5426-27E5-A3D3-D9F06BDA1276" localFKIndex="BBF271A0-B82F-9D1A-9B78-F798CCC7770D" name="TELEFONE_FILIAL_FK">
<createdBy>rm73756</createdBy>
<createdTime>2015-10-02 14:07:04 UTC</createdTime>
<generatorID>FF5F87DA-1B0D-65D5-0F52-E435F56C10A4</generatorID>
<ownerDesignName>dominos_pizzaoficial</ownerDesignName>
<deleteRule>NO ACTION</deleteRule>
<referredTableID>B5F71E61-93DF-D60C-1D4F-384FD335AF3C</referredTableID>
<keyObject>6E32938B-0721-A140-CA67-B63AEA8075F5</keyObject>
<referredKeyID>6E32938B-0721-A140-CA67-B63AEA8075F5</referredKeyID>
<mandatory>true</mandatory>
<transferable>true</transferable>
<rely>false</rely>
<columnDependencyConstraintGenerateInDDL>true</columnDependencyConstraintGenerateInDDL>
</FKIndexAssociation>