<?xml version = '1.0' encoding = 'UTF-8'?>
<FKIndexAssociation class="oracle.dbtools.crest.model.design.relational.FKIndexAssociation" directorySegmentName="seg_0" id="67394CF2-F16B-A956-75FC-E53673F43A22" containerWithKeyObject="B38797AE-8684-A105-5539-4A8E55F1E9FA" localFKIndex="358B1D40-99C9-C5A9-A5D4-BC1E5B610AE1" name="METODO_PAGAMENTO_FK">
<createdBy>rm73756</createdBy>
<createdTime>2015-10-02 14:07:04 UTC</createdTime>
<generatorID>4CB041C6-5BAF-89EA-9C6B-3A86AB3FCC3B</generatorID>
<ownerDesignName>dominos_pizzaoficial</ownerDesignName>
<deleteRule>NO ACTION</deleteRule>
<referredTableID>7B6975D5-A368-3F28-7C71-9FABA21A8CF8</referredTableID>
<keyObject>E3896E40-7152-890F-7220-0530066C2E23</keyObject>
<referredKeyID>E3896E40-7152-890F-7220-0530066C2E23</referredKeyID>
<mandatory>true</mandatory>
<transferable>true</transferable>
<rely>false</rely>
<columnDependencyConstraintGenerateInDDL>true</columnDependencyConstraintGenerateInDDL>
</FKIndexAssociation>