<?xml version = '1.0' encoding = 'UTF-8'?>
<FKIndexAssociation class="oracle.dbtools.crest.model.design.relational.FKIndexAssociation" directorySegmentName="seg_0" id="6D522167-DAC4-BD9C-294F-6C745D5CCF4C" containerWithKeyObject="BD8B5800-B93B-6B1C-BBB3-0725BD7C7239" localFKIndex="65C36AA2-7AA2-049B-891E-780A7969F090" name="CATEGORIA_CATEGORIA_FK">
<createdBy>rm73756</createdBy>
<createdTime>2015-10-02 14:07:04 UTC</createdTime>
<generatorID>E04E2553-3902-DEBD-CE32-0EC8FF1E8122</generatorID>
<ownerDesignName>dominos_pizzaoficial</ownerDesignName>
<deleteRule>NO ACTION</deleteRule>
<referredTableID>BD8B5800-B93B-6B1C-BBB3-0725BD7C7239</referredTableID>
<keyObject>127643FB-8ECC-5870-F833-EA2D54A9CE0E</keyObject>
<referredKeyID>127643FB-8ECC-5870-F833-EA2D54A9CE0E</referredKeyID>
<mandatory>true</mandatory>
<transferable>true</transferable>
<rely>false</rely>
<columnDependencyConstraintGenerateInDDL>true</columnDependencyConstraintGenerateInDDL>
</FKIndexAssociation>