<?xml version = '1.0' encoding = 'UTF-8'?>
<FKIndexAssociation class="oracle.dbtools.crest.model.design.relational.FKIndexAssociation" directorySegmentName="seg_0" id="8C2F5D38-7B1F-5A71-4B13-658998DDB202" containerWithKeyObject="CE5A14C1-9556-AAC1-C12D-8146FC8636F9" localFKIndex="9982C267-98A5-045C-4034-0D599855D4A0" name="PEDIDO_CLIENTE_FK">
<createdBy>rm73756</createdBy>
<createdTime>2015-10-02 14:07:04 UTC</createdTime>
<generatorID>F0313BF3-AAD6-485F-7E5B-A4E594C2F30E</generatorID>
<ownerDesignName>dominos_pizzaoficial</ownerDesignName>
<deleteRule>NO ACTION</deleteRule>
<referredTableID>687B87F6-D0FE-9C11-6F92-65BB07F3EAFC</referredTableID>
<keyObject>07383A93-E44F-8780-21AD-531A97C20F35</keyObject>
<referredKeyID>07383A93-E44F-8780-21AD-531A97C20F35</referredKeyID>
<mandatory>true</mandatory>
<transferable>true</transferable>
<rely>false</rely>
<columnDependencyConstraintGenerateInDDL>true</columnDependencyConstraintGenerateInDDL>
</FKIndexAssociation>