<?xml version = '1.0' encoding = 'UTF-8'?>
<FKIndexAssociation class="oracle.dbtools.crest.model.design.relational.FKIndexAssociation" directorySegmentName="seg_0" id="976BCAF2-2187-76EA-FBCF-5C32FBC74520" containerWithKeyObject="C78EE15F-25B4-CDC7-737B-F24A661DB20C" localFKIndex="569B7156-77EF-2D92-3F46-9613E3A3A676" name="FUNCIONARIO_CARGO_FK">
<createdBy>rm73756</createdBy>
<createdTime>2015-10-02 14:07:04 UTC</createdTime>
<generatorID>67FD1117-6308-0BDE-7AFB-4B0B88DAAF5C</generatorID>
<ownerDesignName>dominos_pizzaoficial</ownerDesignName>
<deleteRule>NO ACTION</deleteRule>
<referredTableID>2BF6F411-3B78-EBAF-4D09-47C09D849C80</referredTableID>
<keyObject>3086B3D4-85FD-44AA-D1F8-0915944FEE54</keyObject>
<referredKeyID>3086B3D4-85FD-44AA-D1F8-0915944FEE54</referredKeyID>
<mandatory>true</mandatory>
<transferable>true</transferable>
<rely>false</rely>
<columnDependencyConstraintGenerateInDDL>true</columnDependencyConstraintGenerateInDDL>
</FKIndexAssociation>