<?xml version = '1.0' encoding = 'UTF-8'?>
<FKIndexAssociation class="oracle.dbtools.crest.model.design.relational.FKIndexAssociation" directorySegmentName="seg_0" id="980C3CA2-7AD9-EE65-12D3-6A61DCD95CBA" containerWithKeyObject="07F4865F-040A-4DDF-6BEB-539B141EC82B" localFKIndex="F8C50B53-8B7F-CB6F-0C30-427E5C099BF5" name="FK_ASS_4">
<createdBy>rm73756</createdBy>
<createdTime>2015-10-02 14:07:04 UTC</createdTime>
<generatorID>0E92D136-5EF3-987F-9398-0F92FCC8D595</generatorID>
<ownerDesignName>dominos_pizzaoficial</ownerDesignName>
<deleteRule>NO ACTION</deleteRule>
<referredTableID>687B87F6-D0FE-9C11-6F92-65BB07F3EAFC</referredTableID>
<keyObject>07383A93-E44F-8780-21AD-531A97C20F35</keyObject>
<referredKeyID>07383A93-E44F-8780-21AD-531A97C20F35</referredKeyID>
<mandatory>true</mandatory>
<transferable>true</transferable>
<rely>false</rely>
<columnDependencyConstraintGenerateInDDL>true</columnDependencyConstraintGenerateInDDL>
</FKIndexAssociation>