<?xml version = '1.0' encoding = 'UTF-8'?>
<FKIndexAssociation class="oracle.dbtools.crest.model.design.relational.FKIndexAssociation" directorySegmentName="seg_0" id="AE90C974-6AE7-1F2F-8E17-54803419B999" containerWithKeyObject="070FA305-D210-2671-B530-4C82E7EC481C" localFKIndex="39CAD7AF-8112-8E4B-19D5-DEA2B8E4D57E" name="CIDADE_ESTADO_FK">
<createdBy>rm73756</createdBy>
<createdTime>2015-10-02 14:07:04 UTC</createdTime>
<generatorID>386E1C5E-E0F0-B9B5-A2A9-5D9925389EAE</generatorID>
<ownerDesignName>dominos_pizzaoficial</ownerDesignName>
<deleteRule>NO ACTION</deleteRule>
<referredTableID>1ED93932-943F-4EA9-21D1-C23024B5591D</referredTableID>
<keyObject>B9EAED8B-7CAD-9EB5-325E-03A236B422AD</keyObject>
<referredKeyID>B9EAED8B-7CAD-9EB5-325E-03A236B422AD</referredKeyID>
<mandatory>true</mandatory>
<transferable>true</transferable>
<rely>false</rely>
<columnDependencyConstraintGenerateInDDL>true</columnDependencyConstraintGenerateInDDL>
</FKIndexAssociation>