<?xml version = '1.0' encoding = 'UTF-8'?>
<FKIndexAssociation class="oracle.dbtools.crest.model.design.relational.FKIndexAssociation" directorySegmentName="seg_0" id="C3260635-DD54-D1F8-E40F-80AEA90A4574" containerWithKeyObject="1ED93932-943F-4EA9-21D1-C23024B5591D" localFKIndex="54A01537-9717-5E4F-B256-5F275ED80E2A" name="ESTADO_PAIS_FK">
<createdBy>rm73756</createdBy>
<createdTime>2015-10-02 14:07:04 UTC</createdTime>
<generatorID>69186EB9-7852-22B5-3D9E-79282573FA07</generatorID>
<ownerDesignName>dominos_pizzaoficial</ownerDesignName>
<deleteRule>NO ACTION</deleteRule>
<referredTableID>8F3DC5D0-121D-4FAA-1251-D38218B692CD</referredTableID>
<keyObject>65144A3C-791B-4219-4FA8-AF608AD49C99</keyObject>
<referredKeyID>65144A3C-791B-4219-4FA8-AF608AD49C99</referredKeyID>
<mandatory>true</mandatory>
<transferable>true</transferable>
<rely>false</rely>
<columnDependencyConstraintGenerateInDDL>true</columnDependencyConstraintGenerateInDDL>
</FKIndexAssociation>