<?xml version = '1.0' encoding = 'UTF-8'?>
<FKIndexAssociation class="oracle.dbtools.crest.model.design.relational.FKIndexAssociation" directorySegmentName="seg_0" id="C61A8DA9-D30F-E213-8058-2AAC54F51E7B" containerWithKeyObject="CE5A14C1-9556-AAC1-C12D-8146FC8636F9" localFKIndex="84D98FC3-8778-09D4-114F-90C0DDEBEFE8" name="PEDIDO_METODO_PAGAMENTO_FK">
<createdBy>rm73756</createdBy>
<createdTime>2015-10-02 14:07:04 UTC</createdTime>
<generatorID>6EFE50FC-0915-1E01-6FE5-55A676C5829D</generatorID>
<ownerDesignName>dominos_pizzaoficial</ownerDesignName>
<deleteRule>NO ACTION</deleteRule>
<referredTableID>B38797AE-8684-A105-5539-4A8E55F1E9FA</referredTableID>
<keyObject>1759F62E-8D1E-BD2D-A22C-C043EA637D58</keyObject>
<referredKeyID>1759F62E-8D1E-BD2D-A22C-C043EA637D58</referredKeyID>
<mandatory>true</mandatory>
<transferable>true</transferable>
<rely>false</rely>
<columnDependencyConstraintGenerateInDDL>true</columnDependencyConstraintGenerateInDDL>
</FKIndexAssociation>