<?xml version = '1.0' encoding = 'UTF-8'?>
<Entity class="oracle.dbtools.crest.model.design.logical.Entity" directorySegmentName="seg_0" id="1C263727-28D0-2AB6-1346-5526F20430FD" name="CIDADE">
<createdBy>Szulczewski</createdBy>
<createdTime>2016-08-01 23:12:17 UTC</createdTime>
<generatorID>Gerado pelo usuário</generatorID>
<ownerDesignName>PIZZARIA</ownerDesignName>
<engineerTo>
<item key="336F0494-D096-7321-02D0-89BD647F415C" value="true"/>
</engineerTo>
<adequatelyNormalized>NO</adequatelyNormalized>
<expectedVolumes>0</expectedVolumes>
<fwdEngineeringStrategyName>Single Table</fwdEngineeringStrategyName>
<growthPercent>0</growthPercent>
<growthType>Year</growthType>
<maxVolumes>9999999</maxVolumes>
<minVolumes>0</minVolumes>
<normalForm>Third</normalForm>
<attributes itemClass="oracle.dbtools.crest.model.design.logical.Attribute">
<Attribute name="CD_CIDADE" id="8650A176-F1CD-30B1-C42B-6964CEF14DF0">
<createdBy>Szulczewski</createdBy>
<createdTime>2016-08-01 23:35:41 UTC</createdTime>
<comment>CÓDIGO DA CIDADE</comment>
<generatorID>Gerado pelo usuário</generatorID>
<ownerDesignName>PIZZARIA</ownerDesignName>
<engineerTo>
<item key="336F0494-D096-7321-02D0-89BD647F415C" value="true"/>
</engineerTo>
<useDomainConstraints>false</useDomainConstraints>
<use>1</use>
<logicalDatatype>LOGDT019</logicalDatatype>
<dataTypePrecision>4</dataTypePrecision>
</Attribute>
<Attribute name="NM_CIDADE" id="AF367E0A-E6C2-11DD-83EC-8AFB2116F012">
<createdBy>Szulczewski</createdBy>
<createdTime>2016-08-01 23:36:27 UTC</createdTime>
<comment>NOME DA CIDADE</comment>
<generatorID>Gerado pelo usuário</generatorID>
<ownerDesignName>PIZZARIA</ownerDesignName>
<engineerTo>
<item key="336F0494-D096-7321-02D0-89BD647F415C" value="true"/>
</engineerTo>
<nullsAllowed>true</nullsAllowed>
<useDomainConstraints>false</useDomainConstraints>
<use>1</use>
<logicalDatatype>LOGDT024</logicalDatatype>
<dataTypeSize>100</dataTypeSize>
</Attribute>
<Attribute name="ESTADO CD ESTADO" id="8E55CC0E-066B-7B3A-2BF6-D962E4BBA510">
<createdBy>Szulczewski</createdBy>
<createdTime>2016-08-02 20:50:58 UTC</createdTime>
<generatorID>0C97A426-EA81-939A-1C25-6F5D570B77B3</generatorID>
<ownerDesignName>PIZZARIA</ownerDesignName>
<engineerTo>
<item key="336F0494-D096-7321-02D0-89BD647F415C" value="true"/>
</engineerTo>
<referedAttribute>DF1455B4-F04B-AC09-18D3-6782D3EDBDED</referedAttribute>
<useDomainConstraints>false</useDomainConstraints>
<use>1</use>
<logicalDatatype>LOGDT019</logicalDatatype>
<dataTypePrecision>3</dataTypePrecision>
</Attribute>
</attributes>
<identifiers itemClass="oracle.dbtools.crest.model.design.logical.CandidateKey">
<identifier id="C4F98F40-4C71-DC40-7111-6BA2D17E3B4D" name="CIDADE PK">
<createdBy>Szulczewski</createdBy>
<createdTime>2016-08-01 23:36:03 UTC</createdTime>
<generatorID>Gerado pelo usuário</generatorID>
<ownerDesignName>PIZZARIA</ownerDesignName>
<shouldEngineer>false</shouldEngineer>
<engineerTo>
<item key="336F0494-D096-7321-02D0-89BD647F415C" value="false"/>
</engineerTo>
<pk>true</pk>
<usedAttributes>
<attributeRef>8650A176-F1CD-30B1-C42B-6964CEF14DF0</attributeRef>
</usedAttributes>
</identifier>
</identifiers>
</Entity>