<?xml version = '1.0' encoding = 'UTF-8'?>
<Entity class="oracle.dbtools.crest.model.design.logical.Entity" directorySegmentName="seg_0" id="3347E41E-695B-EFF4-B2AF-F930921637AC" name="TP_FILIAL">
<createdBy>Szulczewski</createdBy>
<createdTime>2016-08-01 23:15:48 UTC</createdTime>
<generatorID>Gerado pelo usuário</generatorID>
<ownerDesignName>PIZZARIA</ownerDesignName>
<engineerTo>
<item key="336F0494-D096-7321-02D0-89BD647F415C" value="true"/>
</engineerTo>
<adequatelyNormalized>NO</adequatelyNormalized>
<expectedVolumes>0</expectedVolumes>
<fwdEngineeringStrategyName>Single Table</fwdEngineeringStrategyName>
<growthPercent>0</growthPercent>
<growthType>Year</growthType>
<maxVolumes>9999999</maxVolumes>
<minVolumes>0</minVolumes>
<normalForm>Third</normalForm>
<attributes itemClass="oracle.dbtools.crest.model.design.logical.Attribute">
<Attribute name="CD_TIPO_FILIAL" id="D6E5D4B1-AFE6-0C9B-E94C-BBE2AF9DD79C">
<createdBy>Szulczewski</createdBy>
<createdTime>2016-08-02 01:31:42 UTC</createdTime>
<generatorID>Gerado pelo usuário</generatorID>
<ownerDesignName>PIZZARIA</ownerDesignName>
<engineerTo>
<item key="336F0494-D096-7321-02D0-89BD647F415C" value="true"/>
</engineerTo>
<useDomainConstraints>false</useDomainConstraints>
<use>1</use>
<logicalDatatype>LOGDT019</logicalDatatype>
<dataTypePrecision>5</dataTypePrecision>
</Attribute>
<Attribute name="NM_TIPO_FILIAL" id="AD6D5B69-5A32-BE72-592E-8D46AC8E9335">
<createdBy>Szulczewski</createdBy>
<createdTime>2016-08-02 01:36:24 UTC</createdTime>
<generatorID>Gerado pelo usuário</generatorID>
<ownerDesignName>PIZZARIA</ownerDesignName>
<engineerTo>
<item key="336F0494-D096-7321-02D0-89BD647F415C" value="true"/>
</engineerTo>
<useDomainConstraints>false</useDomainConstraints>
<use>1</use>
<logicalDatatype>LOGDT024</logicalDatatype>
<dataTypeSize>100</dataTypeSize>
</Attribute>
<Attribute name="DT_ABERTURA" id="B14A8578-EF36-D9F0-7D01-251154CD4D92">
<createdBy>Szulczewski</createdBy>
<createdTime>2016-08-02 01:32:12 UTC</createdTime>
<generatorID>Gerado pelo usuário</generatorID>
<ownerDesignName>PIZZARIA</ownerDesignName>
<engineerTo>
<item key="336F0494-D096-7321-02D0-89BD647F415C" value="true"/>
</engineerTo>
<useDomainConstraints>false</useDomainConstraints>
<use>1</use>
<logicalDatatype>LOGDT007</logicalDatatype>
</Attribute>
<Attribute name="DT_REFORMA" id="26E2FF4A-F61A-A5D4-16B2-E06B2BC80A6E">
<createdBy>Szulczewski</createdBy>
<createdTime>2016-08-02 01:32:42 UTC</createdTime>
<generatorID>Gerado pelo usuário</generatorID>
<ownerDesignName>PIZZARIA</ownerDesignName>
<engineerTo>
<item key="336F0494-D096-7321-02D0-89BD647F415C" value="true"/>
</engineerTo>
<nullsAllowed>true</nullsAllowed>
<useDomainConstraints>false</useDomainConstraints>
<use>1</use>
<logicalDatatype>LOGDT007</logicalDatatype>
</Attribute>
<Attribute name="FILIAL CD FILIAL" id="9A826C4D-95FF-A12D-6F90-1972FFC728B6">
<createdBy>Szulczewski</createdBy>
<createdTime>2016-08-02 20:55:25 UTC</createdTime>
<generatorID>54CE23F1-3913-0C93-845F-C60EE4472625</generatorID>
<ownerDesignName>PIZZARIA</ownerDesignName>
<engineerTo>
<item key="336F0494-D096-7321-02D0-89BD647F415C" value="true"/>
</engineerTo>
<referedAttribute>0CB45AB2-FFF1-A80E-CF91-14FFD75FE378</referedAttribute>
<useDomainConstraints>false</useDomainConstraints>
<use>1</use>
<logicalDatatype>LOGDT019</logicalDatatype>
<dataTypePrecision>3</dataTypePrecision>
</Attribute>
</attributes>
<identifiers itemClass="oracle.dbtools.crest.model.design.logical.CandidateKey">
<identifier id="BECE2F62-8530-D140-6713-C6668BC237B4" name="TP_FILIAL_PK">
<createdBy>Szulczewski</createdBy>
<createdTime>2016-08-02 01:32:11 UTC</createdTime>
<generatorID>Gerado pelo usuário</generatorID>
<ownerDesignName>PIZZARIA</ownerDesignName>
<shouldEngineer>false</shouldEngineer>
<engineerTo>
<item key="336F0494-D096-7321-02D0-89BD647F415C" value="false"/>
</engineerTo>
<pk>true</pk>
<usedAttributes>
<attributeRef>D6E5D4B1-AFE6-0C9B-E94C-BBE2AF9DD79C</attributeRef>
</usedAttributes>
</identifier>
</identifiers>
</Entity>