<?xml version = '1.0' encoding = 'UTF-8'?>
<Entity class="oracle.dbtools.crest.model.design.logical.Entity" directorySegmentName="seg_0" id="35997544-485E-0DBA-ACC7-14D9B0B2333F" name="FUNCIONARIO">
<createdBy>Szulczewski</createdBy>
<createdTime>2016-08-01 22:46:29 UTC</createdTime>
<generatorID>Gerado pelo usuário</generatorID>
<ownerDesignName>PIZZARIA</ownerDesignName>
<engineerTo>
<item key="336F0494-D096-7321-02D0-89BD647F415C" value="true"/>
</engineerTo>
<adequatelyNormalized>NO</adequatelyNormalized>
<expectedVolumes>0</expectedVolumes>
<fwdEngineeringStrategyName>Single Table</fwdEngineeringStrategyName>
<growthPercent>0</growthPercent>
<growthType>Year</growthType>
<maxVolumes>9999999</maxVolumes>
<minVolumes>0</minVolumes>
<normalForm>Third</normalForm>
<attributes itemClass="oracle.dbtools.crest.model.design.logical.Attribute">
<Attribute name="CD_FUNCIONARIO" id="BED55645-AD50-748B-A91D-185F5DD7F486">
<createdBy>Szulczewski</createdBy>
<createdTime>2016-08-02 00:17:12 UTC</createdTime>
<generatorID>Gerado pelo usuário</generatorID>
<ownerDesignName>PIZZARIA</ownerDesignName>
<engineerTo>
<item key="336F0494-D096-7321-02D0-89BD647F415C" value="true"/>
</engineerTo>
<useDomainConstraints>false</useDomainConstraints>
<use>1</use>
<logicalDatatype>LOGDT019</logicalDatatype>
<dataTypePrecision>10</dataTypePrecision>
</Attribute>
<Attribute name="NM_FUNCIONARIO" id="7991F7AB-F7A6-31C5-577E-A9ED80936BEE">
<createdBy>Szulczewski</createdBy>
<createdTime>2016-08-02 00:17:54 UTC</createdTime>
<generatorID>Gerado pelo usuário</generatorID>
<ownerDesignName>PIZZARIA</ownerDesignName>
<engineerTo>
<item key="336F0494-D096-7321-02D0-89BD647F415C" value="true"/>
</engineerTo>
<useDomainConstraints>false</useDomainConstraints>
<use>1</use>
<logicalDatatype>LOGDT024</logicalDatatype>
<dataTypeSize>100</dataTypeSize>
</Attribute>
<Attribute name="DT_ADM" id="908DB130-D3EA-4F8E-A43D-8951B0FB8A3D">
<createdBy>Szulczewski</createdBy>
<createdTime>2016-08-02 00:18:21 UTC</createdTime>
<generatorID>Gerado pelo usuário</generatorID>
<ownerDesignName>PIZZARIA</ownerDesignName>
<engineerTo>
<item key="336F0494-D096-7321-02D0-89BD647F415C" value="true"/>
</engineerTo>
<useDomainConstraints>false</useDomainConstraints>
<use>1</use>
<logicalDatatype>LOGDT007</logicalDatatype>
</Attribute>
<Attribute name="DT_DEMIS" id="70F2EB54-5D70-6BB6-7AE5-18AA3690B1B6">
<createdBy>Szulczewski</createdBy>
<createdTime>2016-08-02 00:19:41 UTC</createdTime>
<generatorID>Gerado pelo usuário</generatorID>
<ownerDesignName>PIZZARIA</ownerDesignName>
<engineerTo>
<item key="336F0494-D096-7321-02D0-89BD647F415C" value="true"/>
</engineerTo>
<nullsAllowed>true</nullsAllowed>
<useDomainConstraints>false</useDomainConstraints>
<use>1</use>
<logicalDatatype>LOGDT007</logicalDatatype>
</Attribute>
<Attribute name="NU_RG_FUNC" id="88D10138-EF0A-5360-5848-2619B049F497">
<createdBy>Szulczewski</createdBy>
<createdTime>2016-08-02 00:19:59 UTC</createdTime>
<generatorID>Gerado pelo usuário</generatorID>
<ownerDesignName>PIZZARIA</ownerDesignName>
<engineerTo>
<item key="336F0494-D096-7321-02D0-89BD647F415C" value="true"/>
</engineerTo>
<useDomainConstraints>false</useDomainConstraints>
<use>1</use>
<logicalDatatype>LOGDT025</logicalDatatype>
<dataTypeSize>11</dataTypeSize>
</Attribute>
<Attribute name="NU_CPF_FUNC" id="6B2270C2-B314-ED37-270D-FE03A567D488">
<createdBy>Szulczewski</createdBy>
<createdTime>2016-08-02 00:20:32 UTC</createdTime>
<generatorID>Gerado pelo usuário</generatorID>
<ownerDesignName>PIZZARIA</ownerDesignName>
<engineerTo>
<item key="336F0494-D096-7321-02D0-89BD647F415C" value="true"/>
</engineerTo>
<useDomainConstraints>false</useDomainConstraints>
<use>1</use>
<logicalDatatype>LOGDT025</logicalDatatype>
<dataTypeSize>15</dataTypeSize>
</Attribute>
<Attribute name="VL_SALARIO" id="F5A533EA-FF2F-DE01-2582-29AD450BC4B4">
<createdBy>Szulczewski</createdBy>
<createdTime>2016-08-02 00:21:04 UTC</createdTime>
<generatorID>Gerado pelo usuário</generatorID>
<ownerDesignName>PIZZARIA</ownerDesignName>
<engineerTo>
<item key="336F0494-D096-7321-02D0-89BD647F415C" value="true"/>
</engineerTo>
<useDomainConstraints>false</useDomainConstraints>
<use>1</use>
<logicalDatatype>LOGDT019</logicalDatatype>
<dataTypePrecision>7</dataTypePrecision>
<dataTypeScale>2</dataTypeScale>
</Attribute>
<Attribute name="VL_COMISSAO" id="2C881D1E-D4D6-BB72-0125-4AAF95D4A4B6">
<createdBy>Szulczewski</createdBy>
<createdTime>2016-08-02 00:21:37 UTC</createdTime>
<generatorID>Gerado pelo usuário</generatorID>
<ownerDesignName>PIZZARIA</ownerDesignName>
<engineerTo>
<item key="336F0494-D096-7321-02D0-89BD647F415C" value="true"/>
</engineerTo>
<nullsAllowed>true</nullsAllowed>
<useDomainConstraints>false</useDomainConstraints>
<use>1</use>
<logicalDatatype>LOGDT019</logicalDatatype>
</Attribute>
<Attribute name="FILIAL CD FILIAL" id="24333F2E-538D-934E-A81C-6F3FA1F66346">
<createdBy>Szulczewski</createdBy>
<createdTime>2016-08-02 21:43:39 UTC</createdTime>
<generatorID>32D4955E-ECE9-006C-9AF2-A9E1B3182403</generatorID>
<ownerDesignName>PIZZARIA</ownerDesignName>
<engineerTo>
<item key="336F0494-D096-7321-02D0-89BD647F415C" value="true"/>
</engineerTo>
<referedAttribute>0CB45AB2-FFF1-A80E-CF91-14FFD75FE378</referedAttribute>
<useDomainConstraints>false</useDomainConstraints>
<use>1</use>
<logicalDatatype>LOGDT019</logicalDatatype>
<dataTypePrecision>3</dataTypePrecision>
</Attribute>
<Attribute name="CARGO CD CARGO" id="9C84F502-B23B-8DC3-345C-560B8F751AA8">
<createdBy>Szulczewski</createdBy>
<createdTime>2016-08-02 22:48:20 UTC</createdTime>
<comment>CÓDIGO DO CARGO</comment>
<generatorID>B454F944-5B3D-D720-4F3C-1BC213F9525E</generatorID>
<ownerDesignName>PIZZARIA</ownerDesignName>
<engineerTo>
<item key="336F0494-D096-7321-02D0-89BD647F415C" value="true"/>
</engineerTo>
<referedAttribute>98E7522F-6E03-6D35-FD6F-2C9DC7CB7237</referedAttribute>
<useDomainConstraints>false</useDomainConstraints>
<use>1</use>
<logicalDatatype>LOGDT019</logicalDatatype>
<dataTypePrecision>8</dataTypePrecision>
</Attribute>
</attributes>
<identifiers itemClass="oracle.dbtools.crest.model.design.logical.CandidateKey">
<identifier id="1AC07120-5596-A8A9-2D76-BE593D4D4DB7" name="FUNCIONARIO PK">
<createdBy>Szulczewski</createdBy>
<createdTime>2016-08-02 00:17:57 UTC</createdTime>
<generatorID>Gerado pelo usuário</generatorID>
<ownerDesignName>PIZZARIA</ownerDesignName>
<shouldEngineer>false</shouldEngineer>
<engineerTo>
<item key="336F0494-D096-7321-02D0-89BD647F415C" value="false"/>
</engineerTo>
<pk>true</pk>
<usedAttributes>
<attributeRef>BED55645-AD50-748B-A91D-185F5DD7F486</attributeRef>
</usedAttributes>
</identifier>
</identifiers>
</Entity>