<?xml version = '1.0' encoding = 'UTF-8'?>
<Entity class="oracle.dbtools.crest.model.design.logical.Entity" directorySegmentName="seg_0" id="3757CA67-2CE7-5E05-E7E3-30B77C5BB2EC" name="CATEGORIA">
<createdBy>Szulczewski</createdBy>
<createdTime>2016-08-01 23:14:22 UTC</createdTime>
<generatorID>Gerado pelo usuário</generatorID>
<ownerDesignName>PIZZARIA</ownerDesignName>
<engineerTo>
<item key="336F0494-D096-7321-02D0-89BD647F415C" value="true"/>
</engineerTo>
<adequatelyNormalized>NO</adequatelyNormalized>
<expectedVolumes>0</expectedVolumes>
<fwdEngineeringStrategyName>Single Table</fwdEngineeringStrategyName>
<growthPercent>0</growthPercent>
<growthType>Year</growthType>
<maxVolumes>9999999</maxVolumes>
<minVolumes>0</minVolumes>
<normalForm>Third</normalForm>
<attributes itemClass="oracle.dbtools.crest.model.design.logical.Attribute">
<Attribute name="CD_CATEGORIA" id="BEE463D9-4549-6506-1909-158C985DA58A">
<createdBy>Szulczewski</createdBy>
<createdTime>2016-08-01 23:25:26 UTC</createdTime>
<comment>CÓDIGO DA CATEGORIA</comment>
<generatorID>Gerado pelo usuário</generatorID>
<ownerDesignName>PIZZARIA</ownerDesignName>
<engineerTo>
<item key="336F0494-D096-7321-02D0-89BD647F415C" value="true"/>
</engineerTo>
<useDomainConstraints>false</useDomainConstraints>
<use>1</use>
<logicalDatatype>LOGDT019</logicalDatatype>
<dataTypePrecision>10</dataTypePrecision>
</Attribute>
<Attribute name="NM_CATEGORIA" id="7BE21691-BA19-8B74-2971-EC2B94A4B94F">
<createdBy>Szulczewski</createdBy>
<createdTime>2016-08-01 23:25:55 UTC</createdTime>
<comment>NOME DA CATEGORIA</comment>
<generatorID>Gerado pelo usuário</generatorID>
<ownerDesignName>PIZZARIA</ownerDesignName>
<engineerTo>
<item key="336F0494-D096-7321-02D0-89BD647F415C" value="true"/>
</engineerTo>
<nullsAllowed>true</nullsAllowed>
<useDomainConstraints>false</useDomainConstraints>
<use>1</use>
<logicalDatatype>LOGDT024</logicalDatatype>
<dataTypeSize>50</dataTypeSize>
</Attribute>
<Attribute name="DS_CATEGORIA" id="52B5D283-8A3F-9246-F81D-A7A0B3B49334">
<createdBy>Szulczewski</createdBy>
<createdTime>2016-08-02 22:18:09 UTC</createdTime>
<generatorID>Gerado pelo usuário</generatorID>
<ownerDesignName>PIZZARIA</ownerDesignName>
<engineerTo>
<item key="336F0494-D096-7321-02D0-89BD647F415C" value="true"/>
</engineerTo>
<useDomainConstraints>false</useDomainConstraints>
<use>1</use>
<logicalDatatype>LOGDT024</logicalDatatype>
<dataTypeSize>200</dataTypeSize>
</Attribute>
</attributes>
<identifiers itemClass="oracle.dbtools.crest.model.design.logical.CandidateKey">
<identifier id="6CAB4110-811B-1F2D-3967-78C8C94BE55C" name="CATEGORIA PK">
<createdBy>Szulczewski</createdBy>
<createdTime>2016-08-01 23:25:43 UTC</createdTime>
<generatorID>Gerado pelo usuário</generatorID>
<ownerDesignName>PIZZARIA</ownerDesignName>
<shouldEngineer>false</shouldEngineer>
<engineerTo>
<item key="336F0494-D096-7321-02D0-89BD647F415C" value="false"/>
</engineerTo>
<pk>true</pk>
<usedAttributes>
<attributeRef>BEE463D9-4549-6506-1909-158C985DA58A</attributeRef>
</usedAttributes>
</identifier>
</identifiers>
</Entity>