<?xml version = '1.0' encoding = 'UTF-8'?>
<Entity class="oracle.dbtools.crest.model.design.logical.Entity" directorySegmentName="seg_0" id="4116506C-FCD2-657A-EC99-EE233DD113AD" name="CLIENTE">
<createdBy>Szulczewski</createdBy>
<createdTime>2016-08-01 23:52:04 UTC</createdTime>
<generatorID>Gerado pelo usuário</generatorID>
<ownerDesignName>PIZZARIA</ownerDesignName>
<engineerTo>
<item key="336F0494-D096-7321-02D0-89BD647F415C" value="true"/>
</engineerTo>
<adequatelyNormalized>NO</adequatelyNormalized>
<expectedVolumes>0</expectedVolumes>
<fwdEngineeringStrategyName>Single Table</fwdEngineeringStrategyName>
<growthPercent>0</growthPercent>
<growthType>Year</growthType>
<maxVolumes>9999999</maxVolumes>
<minVolumes>0</minVolumes>
<normalForm>Third</normalForm>
<attributes itemClass="oracle.dbtools.crest.model.design.logical.Attribute">
<Attribute name="CD_CLIENTE" id="5FB8EC1D-D332-64CE-B19E-FA71AA8AF088">
<createdBy>Szulczewski</createdBy>
<createdTime>2016-08-01 23:52:08 UTC</createdTime>
<comment>CÓDIGO DO CLIENTE</comment>
<generatorID>Gerado pelo usuário</generatorID>
<ownerDesignName>PIZZARIA</ownerDesignName>
<engineerTo>
<item key="336F0494-D096-7321-02D0-89BD647F415C" value="true"/>
</engineerTo>
<useDomainConstraints>false</useDomainConstraints>
<use>1</use>
<logicalDatatype>LOGDT019</logicalDatatype>
<dataTypePrecision>7</dataTypePrecision>
</Attribute>
<Attribute name="NM_CLIENTE" id="974C6E6B-7F88-2467-9AFD-3BBC62A3594F">
<createdBy>Szulczewski</createdBy>
<createdTime>2016-08-01 23:53:05 UTC</createdTime>
<comment>NOME CLIENTE</comment>
<generatorID>Gerado pelo usuário</generatorID>
<ownerDesignName>PIZZARIA</ownerDesignName>
<engineerTo>
<item key="336F0494-D096-7321-02D0-89BD647F415C" value="true"/>
</engineerTo>
<useDomainConstraints>false</useDomainConstraints>
<use>1</use>
<logicalDatatype>LOGDT024</logicalDatatype>
<dataTypeSize>100</dataTypeSize>
</Attribute>
<Attribute name="NU_RG_CLIENTE" id="09941E25-1D9A-1CCE-0211-8B53197EF5FF">
<createdBy>Szulczewski</createdBy>
<createdTime>2016-08-01 23:53:31 UTC</createdTime>
<comment>NÚMERO DO RG</comment>
<generatorID>Gerado pelo usuário</generatorID>
<ownerDesignName>PIZZARIA</ownerDesignName>
<engineerTo>
<item key="336F0494-D096-7321-02D0-89BD647F415C" value="true"/>
</engineerTo>
<useDomainConstraints>false</useDomainConstraints>
<use>1</use>
<logicalDatatype>LOGDT025</logicalDatatype>
<dataTypeSize>13</dataTypeSize>
</Attribute>
<Attribute name="NU_CPF_CLIENTE" id="86AAC278-D1C5-7A93-B936-B4DF9A0F560E">
<createdBy>Szulczewski</createdBy>
<createdTime>2016-08-01 23:57:40 UTC</createdTime>
<generatorID>Gerado pelo usuário</generatorID>
<ownerDesignName>PIZZARIA</ownerDesignName>
<engineerTo>
<item key="336F0494-D096-7321-02D0-89BD647F415C" value="true"/>
</engineerTo>
<useDomainConstraints>false</useDomainConstraints>
<use>1</use>
<logicalDatatype>LOGDT025</logicalDatatype>
<dataTypeSize>14</dataTypeSize>
</Attribute>
<Attribute name="DT_NASC_CLIENTE" id="9CC999CD-688C-FD16-1B4F-5DA64113E146">
<createdBy>Szulczewski</createdBy>
<createdTime>2016-08-01 23:58:26 UTC</createdTime>
<generatorID>Gerado pelo usuário</generatorID>
<ownerDesignName>PIZZARIA</ownerDesignName>
<engineerTo>
<item key="336F0494-D096-7321-02D0-89BD647F415C" value="true"/>
</engineerTo>
<useDomainConstraints>false</useDomainConstraints>
<use>1</use>
<logicalDatatype>LOGDT007</logicalDatatype>
</Attribute>
<Attribute name="DS_SEXO" id="13DA8415-B098-0382-FD66-7FDA9EA2521C">
<createdBy>Szulczewski</createdBy>
<createdTime>2016-08-01 23:58:42 UTC</createdTime>
<generatorID>Gerado pelo usuário</generatorID>
<ownerDesignName>PIZZARIA</ownerDesignName>
<engineerTo>
<item key="336F0494-D096-7321-02D0-89BD647F415C" value="true"/>
</engineerTo>
<nullsAllowed>true</nullsAllowed>
<useDomainConstraints>false</useDomainConstraints>
<use>1</use>
<logicalDatatype>LOGDT025</logicalDatatype>
</Attribute>
<Attribute name="DS_EMAIL" id="F6951EBF-9539-5892-491B-D0E218D1E5B1">
<createdBy>Szulczewski</createdBy>
<createdTime>2016-08-01 23:59:27 UTC</createdTime>
<generatorID>Gerado pelo usuário</generatorID>
<ownerDesignName>PIZZARIA</ownerDesignName>
<engineerTo>
<item key="336F0494-D096-7321-02D0-89BD647F415C" value="true"/>
</engineerTo>
<useDomainConstraints>false</useDomainConstraints>
<use>1</use>
<logicalDatatype>LOGDT024</logicalDatatype>
<dataTypeSize>100</dataTypeSize>
</Attribute>
<Attribute name="DS_SENHA" id="AF207EBD-72A7-1A44-2F3B-842C317D8554">
<createdBy>Szulczewski</createdBy>
<createdTime>2016-08-01 23:59:48 UTC</createdTime>
<generatorID>Gerado pelo usuário</generatorID>
<ownerDesignName>PIZZARIA</ownerDesignName>
<engineerTo>
<item key="336F0494-D096-7321-02D0-89BD647F415C" value="true"/>
</engineerTo>
<useDomainConstraints>false</useDomainConstraints>
<use>1</use>
<logicalDatatype>LOGDT024</logicalDatatype>
<dataTypeSize>100</dataTypeSize>
</Attribute>
<Attribute name="NU_ESTRELAS" id="B0F0D874-890B-C89E-95D8-21120B7CE247">
<createdBy>Szulczewski</createdBy>
<createdTime>2016-08-02 00:00:44 UTC</createdTime>
<generatorID>Gerado pelo usuário</generatorID>
<ownerDesignName>PIZZARIA</ownerDesignName>
<engineerTo>
<item key="336F0494-D096-7321-02D0-89BD647F415C" value="true"/>
</engineerTo>
<useDomainConstraints>false</useDomainConstraints>
<use>1</use>
<logicalDatatype>LOGDT019</logicalDatatype>
<dataTypePrecision>1</dataTypePrecision>
</Attribute>
</attributes>
<identifiers itemClass="oracle.dbtools.crest.model.design.logical.CandidateKey">
<identifier id="7073896E-52BE-9521-0796-014E0FEBDB7F" name="CLIENTE_PK">
<createdBy>Szulczewski</createdBy>
<createdTime>2016-08-01 23:52:56 UTC</createdTime>
<generatorID>Gerado pelo usuário</generatorID>
<ownerDesignName>PIZZARIA</ownerDesignName>
<shouldEngineer>false</shouldEngineer>
<engineerTo>
<item key="336F0494-D096-7321-02D0-89BD647F415C" value="false"/>
</engineerTo>
<pk>true</pk>
<newElementsIDs>5FB8EC1D-D332-64CE-B19E-FA71AA8AF088</newElementsIDs>
<usedAttributes>
<attributeRef>5FB8EC1D-D332-64CE-B19E-FA71AA8AF088</attributeRef>
</usedAttributes>
</identifier>
</identifiers>
</Entity>