<?xml version = '1.0' encoding = 'UTF-8'?>
<Entity class="oracle.dbtools.crest.model.design.logical.Entity" directorySegmentName="seg_0" id="416FFD3C-F077-A55A-E8F7-2CD4EF50CFA0" name="PEDIDO">
<createdBy>Szulczewski</createdBy>
<createdTime>2016-08-01 22:44:47 UTC</createdTime>
<generatorID>Gerado pelo usuário</generatorID>
<ownerDesignName>PIZZARIA</ownerDesignName>
<engineerTo>
<item key="336F0494-D096-7321-02D0-89BD647F415C" value="true"/>
</engineerTo>
<adequatelyNormalized>NO</adequatelyNormalized>
<expectedVolumes>0</expectedVolumes>
<fwdEngineeringStrategyName>Single Table</fwdEngineeringStrategyName>
<growthPercent>0</growthPercent>
<growthType>Year</growthType>
<maxVolumes>9999999</maxVolumes>
<minVolumes>0</minVolumes>
<normalForm>Third</normalForm>
<attributes itemClass="oracle.dbtools.crest.model.design.logical.Attribute">
<Attribute name="CD_PEDIDO" id="02783DAE-3485-8A4F-13BF-0CBB5F0398A4">
<createdBy>Szulczewski</createdBy>
<createdTime>2016-08-02 00:29:51 UTC</createdTime>
<generatorID>Gerado pelo usuário</generatorID>
<ownerDesignName>PIZZARIA</ownerDesignName>
<engineerTo>
<item key="336F0494-D096-7321-02D0-89BD647F415C" value="true"/>
</engineerTo>
<useDomainConstraints>false</useDomainConstraints>
<use>1</use>
<logicalDatatype>LOGDT019</logicalDatatype>
<dataTypePrecision>10</dataTypePrecision>
</Attribute>
<Attribute name="CD_PRODUTO" id="51DDC218-2BA9-CECD-F3A6-700CB292CE7F">
<createdBy>Szulczewski</createdBy>
<createdTime>2016-08-03 00:32:40 UTC</createdTime>
<generatorID>F935D35F-7BD8-B266-A4BE-9F376B772C1B</generatorID>
<ownerDesignName>PIZZARIA</ownerDesignName>
<engineerTo>
<item key="336F0494-D096-7321-02D0-89BD647F415C" value="true"/>
</engineerTo>
<referedAttribute>B7E26DB3-65E4-B5B1-DD93-E5A713D843D7</referedAttribute>
<useDomainConstraints>false</useDomainConstraints>
<use>1</use>
<logicalDatatype>LOGDT019</logicalDatatype>
<dataTypePrecision>10</dataTypePrecision>
</Attribute>
<Attribute name="CD_COMBO" id="BF131A49-01E2-F910-57D9-EC8600CC5338">
<createdBy>Szulczewski</createdBy>
<createdTime>2016-08-03 00:41:19 UTC</createdTime>
<generatorID>F935D35F-7BD8-B266-A4BE-9F376B772C1B</generatorID>
<ownerDesignName>PIZZARIA</ownerDesignName>
<engineerTo>
<item key="336F0494-D096-7321-02D0-89BD647F415C" value="true"/>
</engineerTo>
<referedAttribute>2575589F-A4F8-CCDB-002D-F10504D0728A</referedAttribute>
<useDomainConstraints>false</useDomainConstraints>
<use>1</use>
<logicalDatatype>LOGDT019</logicalDatatype>
<dataTypePrecision>10</dataTypePrecision>
</Attribute>
<Attribute name="DT_PEDIDO" id="AB19D86D-0303-AD07-5000-B022F946B8ED">
<createdBy>Szulczewski</createdBy>
<createdTime>2016-08-02 00:30:09 UTC</createdTime>
<generatorID>Gerado pelo usuário</generatorID>
<ownerDesignName>PIZZARIA</ownerDesignName>
<engineerTo>
<item key="336F0494-D096-7321-02D0-89BD647F415C" value="true"/>
</engineerTo>
<nullsAllowed>true</nullsAllowed>
<useDomainConstraints>false</useDomainConstraints>
<use>1</use>
<logicalDatatype>LOGDT007</logicalDatatype>
</Attribute>
<Attribute name="VL_PEDIDO" id="BD9E2F04-71D3-F573-162B-075993DDBCBB">
<createdBy>Szulczewski</createdBy>
<createdTime>2016-08-02 00:30:23 UTC</createdTime>
<generatorID>Gerado pelo usuário</generatorID>
<ownerDesignName>PIZZARIA</ownerDesignName>
<engineerTo>
<item key="336F0494-D096-7321-02D0-89BD647F415C" value="true"/>
</engineerTo>
<useDomainConstraints>false</useDomainConstraints>
<use>1</use>
<logicalDatatype>LOGDT019</logicalDatatype>
<dataTypePrecision>7</dataTypePrecision>
<dataTypeScale>2</dataTypeScale>
</Attribute>
<Attribute name="FUNCIONARIO CD FUNCIONARIO" id="99CCC27D-2412-C729-7B0F-8BEE8AEDDC21">
<createdBy>Szulczewski</createdBy>
<createdTime>2016-08-02 21:36:15 UTC</createdTime>
<generatorID>089900E5-FA81-3F14-AF76-5E699F893E7A</generatorID>
<ownerDesignName>PIZZARIA</ownerDesignName>
<engineerTo>
<item key="336F0494-D096-7321-02D0-89BD647F415C" value="true"/>
</engineerTo>
<referedAttribute>BED55645-AD50-748B-A91D-185F5DD7F486</referedAttribute>
<useDomainConstraints>false</useDomainConstraints>
<use>1</use>
<logicalDatatype>LOGDT019</logicalDatatype>
<dataTypePrecision>10</dataTypePrecision>
</Attribute>
<Attribute name="CLIENTE CD CLIENTE" id="3BF9EED6-2B8A-9AC2-3BF4-68B259039408">
<createdBy>Szulczewski</createdBy>
<createdTime>2016-08-02 21:14:33 UTC</createdTime>
<comment>CÓDIGO DO CLIENTE</comment>
<generatorID>753C5273-0409-A846-2A63-9B51A60C169A</generatorID>
<ownerDesignName>PIZZARIA</ownerDesignName>
<engineerTo>
<item key="336F0494-D096-7321-02D0-89BD647F415C" value="true"/>
</engineerTo>
<referedAttribute>5FB8EC1D-D332-64CE-B19E-FA71AA8AF088</referedAttribute>
<useDomainConstraints>false</useDomainConstraints>
<use>1</use>
<logicalDatatype>LOGDT019</logicalDatatype>
<dataTypePrecision>7</dataTypePrecision>
</Attribute>
</attributes>
<identifiers itemClass="oracle.dbtools.crest.model.design.logical.CandidateKey">
<identifier id="C1C290D7-4C33-C37F-01C1-62D720AD65BE" name="PEDIDO PK">
<createdBy>Szulczewski</createdBy>
<createdTime>2016-08-02 00:30:07 UTC</createdTime>
<generatorID>Gerado pelo usuário</generatorID>
<ownerDesignName>PIZZARIA</ownerDesignName>
<shouldEngineer>false</shouldEngineer>
<engineerTo>
<item key="336F0494-D096-7321-02D0-89BD647F415C" value="false"/>
</engineerTo>
<pk>true</pk>
<usedAttributes>
<attributeRef>02783DAE-3485-8A4F-13BF-0CBB5F0398A4</attributeRef>
<attributeRef>51DDC218-2BA9-CECD-F3A6-700CB292CE7F</attributeRef>
<attributeRef>BF131A49-01E2-F910-57D9-EC8600CC5338</attributeRef>
</usedAttributes>
</identifier>
</identifiers>
</Entity>