<?xml version = '1.0' encoding = 'UTF-8'?>
<Entity class="oracle.dbtools.crest.model.design.logical.Entity" directorySegmentName="seg_0" id="43C4851C-A817-E475-C5CA-A2C140BDF2EF" name="FILIAL">
<createdBy>Szulczewski</createdBy>
<createdTime>2016-08-01 22:39:27 UTC</createdTime>
<generatorID>Gerado pelo usuário</generatorID>
<ownerDesignName>PIZZARIA</ownerDesignName>
<engineerTo>
<item key="336F0494-D096-7321-02D0-89BD647F415C" value="true"/>
</engineerTo>
<adequatelyNormalized>NO</adequatelyNormalized>
<expectedVolumes>0</expectedVolumes>
<fwdEngineeringStrategyName>Single Table</fwdEngineeringStrategyName>
<growthPercent>0</growthPercent>
<growthType>Year</growthType>
<maxVolumes>9999999</maxVolumes>
<minVolumes>0</minVolumes>
<normalForm>Third</normalForm>
<attributes itemClass="oracle.dbtools.crest.model.design.logical.Attribute">
<Attribute name="CD_FILIAL" id="0CB45AB2-FFF1-A80E-CF91-14FFD75FE378">
<createdBy>Szulczewski</createdBy>
<createdTime>2016-08-02 00:15:35 UTC</createdTime>
<generatorID>Gerado pelo usuário</generatorID>
<ownerDesignName>PIZZARIA</ownerDesignName>
<engineerTo>
<item key="336F0494-D096-7321-02D0-89BD647F415C" value="true"/>
</engineerTo>
<useDomainConstraints>false</useDomainConstraints>
<use>1</use>
<logicalDatatype>LOGDT019</logicalDatatype>
<dataTypePrecision>3</dataTypePrecision>
</Attribute>
<Attribute name="NM_FILIAL" id="EDCF0E85-0819-85EE-6AE4-1A37BB7C4F83">
<createdBy>Szulczewski</createdBy>
<createdTime>2016-08-02 00:15:59 UTC</createdTime>
<generatorID>Gerado pelo usuário</generatorID>
<ownerDesignName>PIZZARIA</ownerDesignName>
<engineerTo>
<item key="336F0494-D096-7321-02D0-89BD647F415C" value="true"/>
</engineerTo>
<useDomainConstraints>false</useDomainConstraints>
<use>1</use>
<logicalDatatype>LOGDT024</logicalDatatype>
<dataTypeSize>100</dataTypeSize>
</Attribute>
<Attribute name="DS_FILIAL" id="B87A31E7-6697-BC17-ABC2-FF2CC6E62E12">
<createdBy>Szulczewski</createdBy>
<createdTime>2016-08-02 00:16:26 UTC</createdTime>
<generatorID>Gerado pelo usuário</generatorID>
<ownerDesignName>PIZZARIA</ownerDesignName>
<engineerTo>
<item key="336F0494-D096-7321-02D0-89BD647F415C" value="true"/>
</engineerTo>
<useDomainConstraints>false</useDomainConstraints>
<use>1</use>
<logicalDatatype>LOGDT024</logicalDatatype>
<dataTypeSize>300</dataTypeSize>
</Attribute>
<Attribute name="ENDERECO CD ENDERECO" id="DECFDAF3-ACCA-CACE-8C61-76E6F188628F">
<createdBy>Szulczewski</createdBy>
<createdTime>2016-08-02 20:53:10 UTC</createdTime>
<generatorID>0580313C-F4E8-6F84-1C94-B832CADE8469</generatorID>
<ownerDesignName>PIZZARIA</ownerDesignName>
<engineerTo>
<item key="336F0494-D096-7321-02D0-89BD647F415C" value="true"/>
</engineerTo>
<referedAttribute>D32214BE-9DD5-A640-BBD9-3D43E2145317</referedAttribute>
<useDomainConstraints>false</useDomainConstraints>
<use>1</use>
<logicalDatatype>LOGDT019</logicalDatatype>
<dataTypePrecision>6</dataTypePrecision>
</Attribute>
</attributes>
<identifiers itemClass="oracle.dbtools.crest.model.design.logical.CandidateKey">
<identifier id="5784B544-F1CD-5AA0-2EF2-B9BE059B74FD" name="FILIAL PK">
<createdBy>Szulczewski</createdBy>
<createdTime>2016-08-02 00:15:56 UTC</createdTime>
<generatorID>Gerado pelo usuário</generatorID>
<ownerDesignName>PIZZARIA</ownerDesignName>
<shouldEngineer>false</shouldEngineer>
<engineerTo>
<item key="336F0494-D096-7321-02D0-89BD647F415C" value="false"/>
</engineerTo>
<pk>true</pk>
<usedAttributes>
<attributeRef>0CB45AB2-FFF1-A80E-CF91-14FFD75FE378</attributeRef>
</usedAttributes>
</identifier>
</identifiers>
</Entity>