<?xml version = '1.0' encoding = 'UTF-8'?>
<Entity class="oracle.dbtools.crest.model.design.logical.Entity" directorySegmentName="seg_0" id="4A32DFAD-E9C2-AF5E-6D15-E12B2BAA28F5" name="ESTADO">
<createdBy>Szulczewski</createdBy>
<createdTime>2016-08-01 23:12:09 UTC</createdTime>
<generatorID>Gerado pelo usuário</generatorID>
<ownerDesignName>PIZZARIA</ownerDesignName>
<engineerTo>
<item key="336F0494-D096-7321-02D0-89BD647F415C" value="true"/>
</engineerTo>
<adequatelyNormalized>NO</adequatelyNormalized>
<expectedVolumes>0</expectedVolumes>
<fwdEngineeringStrategyName>Single Table</fwdEngineeringStrategyName>
<growthPercent>0</growthPercent>
<growthType>Year</growthType>
<maxVolumes>9999999</maxVolumes>
<minVolumes>0</minVolumes>
<normalForm>Third</normalForm>
<attributes itemClass="oracle.dbtools.crest.model.design.logical.Attribute">
<Attribute name="CD_ESTADO" id="DF1455B4-F04B-AC09-18D3-6782D3EDBDED">
<createdBy>Szulczewski</createdBy>
<createdTime>2016-08-02 00:03:29 UTC</createdTime>
<generatorID>Gerado pelo usuário</generatorID>
<ownerDesignName>PIZZARIA</ownerDesignName>
<engineerTo>
<item key="336F0494-D096-7321-02D0-89BD647F415C" value="true"/>
</engineerTo>
<useDomainConstraints>false</useDomainConstraints>
<use>1</use>
<logicalDatatype>LOGDT019</logicalDatatype>
<dataTypePrecision>3</dataTypePrecision>
</Attribute>
<Attribute name="NM_ESTADO" id="7AABA39A-CCB4-613A-E52C-DDB7ABB04DE3">
<createdBy>Szulczewski</createdBy>
<createdTime>2016-08-02 00:04:17 UTC</createdTime>
<generatorID>Gerado pelo usuário</generatorID>
<ownerDesignName>PIZZARIA</ownerDesignName>
<engineerTo>
<item key="336F0494-D096-7321-02D0-89BD647F415C" value="true"/>
</engineerTo>
<useDomainConstraints>false</useDomainConstraints>
<use>1</use>
<logicalDatatype>LOGDT024</logicalDatatype>
<dataTypeSize>80</dataTypeSize>
</Attribute>
<Attribute name="SG_ESTADO" id="7B1DC631-6DBD-4B1F-DD43-0D2E9436AF6A">
<createdBy>Szulczewski</createdBy>
<createdTime>2016-08-02 00:04:35 UTC</createdTime>
<generatorID>Gerado pelo usuário</generatorID>
<ownerDesignName>PIZZARIA</ownerDesignName>
<engineerTo>
<item key="336F0494-D096-7321-02D0-89BD647F415C" value="true"/>
</engineerTo>
<useDomainConstraints>false</useDomainConstraints>
<use>1</use>
<logicalDatatype>LOGDT025</logicalDatatype>
<dataTypeSize>2</dataTypeSize>
</Attribute>
<Attribute name="PAIS CD PAIS" id="5712EB11-60E1-4D1C-C137-7632E91FD408">
<createdBy>Szulczewski</createdBy>
<createdTime>2016-08-02 20:49:14 UTC</createdTime>
<generatorID>8668CE64-094F-4034-CDCC-DCF896B83DF7</generatorID>
<ownerDesignName>PIZZARIA</ownerDesignName>
<engineerTo>
<item key="336F0494-D096-7321-02D0-89BD647F415C" value="true"/>
</engineerTo>
<referedAttribute>723056AC-1D1C-50BB-C7F5-45D50C3E41E7</referedAttribute>
<useDomainConstraints>false</useDomainConstraints>
<use>1</use>
<logicalDatatype>LOGDT019</logicalDatatype>
<dataTypePrecision>3</dataTypePrecision>
</Attribute>
</attributes>
<identifiers itemClass="oracle.dbtools.crest.model.design.logical.CandidateKey">
<identifier id="5C5EF0A9-BFF4-4C59-4235-12EAEA9434F9" name="ESTADO PK">
<createdBy>Szulczewski</createdBy>
<createdTime>2016-08-02 00:05:14 UTC</createdTime>
<generatorID>Gerado pelo usuário</generatorID>
<ownerDesignName>PIZZARIA</ownerDesignName>
<shouldEngineer>false</shouldEngineer>
<engineerTo>
<item key="336F0494-D096-7321-02D0-89BD647F415C" value="false"/>
</engineerTo>
<pk>true</pk>
<usedAttributes>
<attributeRef>DF1455B4-F04B-AC09-18D3-6782D3EDBDED</attributeRef>
</usedAttributes>
</identifier>
</identifiers>
</Entity>