<?xml version = '1.0' encoding = 'UTF-8'?>
<Entity class="oracle.dbtools.crest.model.design.logical.Entity" directorySegmentName="seg_0" id="55C87344-6A09-B548-158D-BCC65F92C957" name="PAGAMENTO">
<createdBy>Szulczewski</createdBy>
<createdTime>2016-08-01 23:11:28 UTC</createdTime>
<generatorID>Gerado pelo usuário</generatorID>
<ownerDesignName>PIZZARIA</ownerDesignName>
<engineerTo>
<item key="336F0494-D096-7321-02D0-89BD647F415C" value="true"/>
</engineerTo>
<adequatelyNormalized>NO</adequatelyNormalized>
<expectedVolumes>0</expectedVolumes>
<fwdEngineeringStrategyName>Single Table</fwdEngineeringStrategyName>
<growthPercent>0</growthPercent>
<growthType>Year</growthType>
<maxVolumes>9999999</maxVolumes>
<minVolumes>0</minVolumes>
<normalForm>Third</normalForm>
<attributes itemClass="oracle.dbtools.crest.model.design.logical.Attribute">
<Attribute name="CD_PAGTO" id="66098696-3371-BFD4-F158-FA6CB171AA6E">
<createdBy>Szulczewski</createdBy>
<createdTime>2016-08-02 00:22:57 UTC</createdTime>
<generatorID>Gerado pelo usuário</generatorID>
<ownerDesignName>PIZZARIA</ownerDesignName>
<engineerTo>
<item key="336F0494-D096-7321-02D0-89BD647F415C" value="true"/>
</engineerTo>
<useDomainConstraints>false</useDomainConstraints>
<use>1</use>
<logicalDatatype>LOGDT019</logicalDatatype>
<dataTypePrecision>10</dataTypePrecision>
</Attribute>
<Attribute name="PEDIDO CD PEDIDO" id="B785E4D2-58A7-FE61-5FEB-CED5F51D55CD">
<createdBy>Szulczewski</createdBy>
<createdTime>2016-08-02 21:09:55 UTC</createdTime>
<generatorID>AAF35BF0-271C-3660-92C6-4AA0F68B4E5A</generatorID>
<ownerDesignName>PIZZARIA</ownerDesignName>
<engineerTo>
<item key="336F0494-D096-7321-02D0-89BD647F415C" value="true"/>
</engineerTo>
<referedAttribute>02783DAE-3485-8A4F-13BF-0CBB5F0398A4</referedAttribute>
<useDomainConstraints>false</useDomainConstraints>
<use>1</use>
<logicalDatatype>LOGDT019</logicalDatatype>
<dataTypePrecision>10</dataTypePrecision>
</Attribute>
<Attribute name="VL_PAGTO" id="AF3A7571-28D3-309E-4095-EBE61C835875">
<createdBy>Szulczewski</createdBy>
<createdTime>2016-08-02 00:23:29 UTC</createdTime>
<generatorID>Gerado pelo usuário</generatorID>
<ownerDesignName>PIZZARIA</ownerDesignName>
<engineerTo>
<item key="336F0494-D096-7321-02D0-89BD647F415C" value="true"/>
</engineerTo>
<useDomainConstraints>false</useDomainConstraints>
<use>1</use>
<logicalDatatype>LOGDT019</logicalDatatype>
<dataTypePrecision>5</dataTypePrecision>
<dataTypeScale>2</dataTypeScale>
</Attribute>
<Attribute name="DT_PAGTO" id="1C5FC53E-4890-16F4-58D2-F6BD11A8C985">
<createdBy>Szulczewski</createdBy>
<createdTime>2016-08-02 00:28:25 UTC</createdTime>
<generatorID>Gerado pelo usuário</generatorID>
<ownerDesignName>PIZZARIA</ownerDesignName>
<engineerTo>
<item key="336F0494-D096-7321-02D0-89BD647F415C" value="true"/>
</engineerTo>
<useDomainConstraints>false</useDomainConstraints>
<use>1</use>
<logicalDatatype>LOGDT007</logicalDatatype>
</Attribute>
<Attribute name="TP_PAGAMENTO" id="5F5E02D4-AC4A-03FE-E82B-305B3F295BD8">
<createdBy>Szulczewski</createdBy>
<createdTime>2016-08-02 21:11:17 UTC</createdTime>
<generatorID>Gerado pelo usuário</generatorID>
<ownerDesignName>PIZZARIA</ownerDesignName>
<engineerTo>
<item key="336F0494-D096-7321-02D0-89BD647F415C" value="true"/>
</engineerTo>
<useDomainConstraints>false</useDomainConstraints>
<use>1</use>
<logicalDatatype>LOGDT024</logicalDatatype>
<dataTypeSize>100</dataTypeSize>
</Attribute>
<Attribute name="CD_PRODUTO" id="E0CD3597-20D7-C854-1BF8-EFC031EEBB71">
<createdBy>Szulczewski</createdBy>
<createdTime>2016-08-03 00:32:40 UTC</createdTime>
<generatorID>AAF35BF0-271C-3660-92C6-4AA0F68B4E5A</generatorID>
<ownerDesignName>PIZZARIA</ownerDesignName>
<engineerTo>
<item key="336F0494-D096-7321-02D0-89BD647F415C" value="true"/>
</engineerTo>
<referedAttribute>51DDC218-2BA9-CECD-F3A6-700CB292CE7F</referedAttribute>
<useDomainConstraints>false</useDomainConstraints>
<use>1</use>
<logicalDatatype>LOGDT019</logicalDatatype>
<dataTypePrecision>10</dataTypePrecision>
</Attribute>
<Attribute name="CD_COMBO" id="C67434BB-5653-2877-7C26-2B4F6E5162E2">
<createdBy>Szulczewski</createdBy>
<createdTime>2016-08-03 00:41:19 UTC</createdTime>
<generatorID>AAF35BF0-271C-3660-92C6-4AA0F68B4E5A</generatorID>
<ownerDesignName>PIZZARIA</ownerDesignName>
<engineerTo>
<item key="336F0494-D096-7321-02D0-89BD647F415C" value="true"/>
</engineerTo>
<referedAttribute>BF131A49-01E2-F910-57D9-EC8600CC5338</referedAttribute>
<useDomainConstraints>false</useDomainConstraints>
<use>1</use>
<logicalDatatype>LOGDT019</logicalDatatype>
<dataTypePrecision>10</dataTypePrecision>
</Attribute>
</attributes>
<identifiers itemClass="oracle.dbtools.crest.model.design.logical.CandidateKey">
<identifier id="E1DFB0BF-A8D3-3671-DA77-BB46195261E9" name="PAGAMENTO PK">
<createdBy>Szulczewski</createdBy>
<createdTime>2016-08-02 00:23:26 UTC</createdTime>
<generatorID>Gerado pelo usuário</generatorID>
<ownerDesignName>PIZZARIA</ownerDesignName>
<shouldEngineer>false</shouldEngineer>
<engineerTo>
<item key="336F0494-D096-7321-02D0-89BD647F415C" value="false"/>
</engineerTo>
<pk>true</pk>
<usedAttributes>
<attributeRef>66098696-3371-BFD4-F158-FA6CB171AA6E</attributeRef>
<attributeRef>B785E4D2-58A7-FE61-5FEB-CED5F51D55CD</attributeRef>
<attributeRef>E0CD3597-20D7-C854-1BF8-EFC031EEBB71</attributeRef>
<attributeRef>C67434BB-5653-2877-7C26-2B4F6E5162E2</attributeRef>
</usedAttributes>
</identifier>
</identifiers>
</Entity>