<?xml version = '1.0' encoding = 'UTF-8'?>
<Entity class="oracle.dbtools.crest.model.design.logical.Entity" directorySegmentName="seg_0" id="60FFA151-6FF7-9F82-C738-00B9758F0969" name="ENDERECO">
<createdBy>Szulczewski</createdBy>
<createdTime>2016-08-01 23:11:43 UTC</createdTime>
<generatorID>Gerado pelo usuário</generatorID>
<ownerDesignName>PIZZARIA</ownerDesignName>
<engineerTo>
<item key="336F0494-D096-7321-02D0-89BD647F415C" value="true"/>
</engineerTo>
<adequatelyNormalized>NO</adequatelyNormalized>
<expectedVolumes>0</expectedVolumes>
<fwdEngineeringStrategyName>Single Table</fwdEngineeringStrategyName>
<growthPercent>0</growthPercent>
<growthType>Year</growthType>
<maxVolumes>9999999</maxVolumes>
<minVolumes>0</minVolumes>
<normalForm>Third</normalForm>
<attributes itemClass="oracle.dbtools.crest.model.design.logical.Attribute">
<Attribute name="CD_ENDERECO" id="D32214BE-9DD5-A640-BBD9-3D43E2145317">
<createdBy>Szulczewski</createdBy>
<createdTime>2016-08-02 00:08:49 UTC</createdTime>
<generatorID>Gerado pelo usuário</generatorID>
<ownerDesignName>PIZZARIA</ownerDesignName>
<engineerTo>
<item key="336F0494-D096-7321-02D0-89BD647F415C" value="true"/>
</engineerTo>
<useDomainConstraints>false</useDomainConstraints>
<use>1</use>
<logicalDatatype>LOGDT019</logicalDatatype>
<dataTypePrecision>6</dataTypePrecision>
</Attribute>
<Attribute name="NM_ENDERECO" id="69620B9A-4629-24BE-3E53-47088F8E3318">
<createdBy>Szulczewski</createdBy>
<createdTime>2016-08-02 00:09:15 UTC</createdTime>
<generatorID>Gerado pelo usuário</generatorID>
<ownerDesignName>PIZZARIA</ownerDesignName>
<engineerTo>
<item key="336F0494-D096-7321-02D0-89BD647F415C" value="true"/>
</engineerTo>
<useDomainConstraints>false</useDomainConstraints>
<use>1</use>
<logicalDatatype>LOGDT024</logicalDatatype>
<dataTypeSize>100</dataTypeSize>
</Attribute>
<Attribute name="NU_ENDERECO" id="0101D3B5-F11A-443D-2780-16DF44F6DC57">
<createdBy>Szulczewski</createdBy>
<createdTime>2016-08-02 00:10:46 UTC</createdTime>
<generatorID>Gerado pelo usuário</generatorID>
<ownerDesignName>PIZZARIA</ownerDesignName>
<engineerTo>
<item key="336F0494-D096-7321-02D0-89BD647F415C" value="true"/>
</engineerTo>
<useDomainConstraints>false</useDomainConstraints>
<use>1</use>
<logicalDatatype>LOGDT019</logicalDatatype>
<dataTypePrecision>7</dataTypePrecision>
</Attribute>
<Attribute name="NM_BAIRRO" id="81C7B5A0-41C1-2072-0B96-9989C6B3088D">
<createdBy>Szulczewski</createdBy>
<createdTime>2016-08-02 00:12:33 UTC</createdTime>
<generatorID>Gerado pelo usuário</generatorID>
<ownerDesignName>PIZZARIA</ownerDesignName>
<engineerTo>
<item key="336F0494-D096-7321-02D0-89BD647F415C" value="true"/>
</engineerTo>
<useDomainConstraints>false</useDomainConstraints>
<use>1</use>
<logicalDatatype>LOGDT024</logicalDatatype>
<dataTypeSize>100</dataTypeSize>
</Attribute>
<Attribute name="NU_CEP" id="D5242F92-0DE7-3552-F41F-7E32D2AF8358">
<createdBy>Szulczewski</createdBy>
<createdTime>2016-08-02 00:13:11 UTC</createdTime>
<generatorID>Gerado pelo usuário</generatorID>
<ownerDesignName>PIZZARIA</ownerDesignName>
<engineerTo>
<item key="336F0494-D096-7321-02D0-89BD647F415C" value="true"/>
</engineerTo>
<nullsAllowed>true</nullsAllowed>
<useDomainConstraints>false</useDomainConstraints>
<use>1</use>
<logicalDatatype>LOGDT025</logicalDatatype>
<dataTypeSize>8</dataTypeSize>
</Attribute>
<Attribute name="DS_ENDERECO" id="D15AF7CF-7C9A-196E-C1C1-6D70C36D41A3">
<createdBy>Szulczewski</createdBy>
<createdTime>2016-08-02 00:13:53 UTC</createdTime>
<comment>DESCRIÇÃO SOBRE O ENDEREÇO </comment>
<generatorID>Gerado pelo usuário</generatorID>
<ownerDesignName>PIZZARIA</ownerDesignName>
<engineerTo>
<item key="336F0494-D096-7321-02D0-89BD647F415C" value="true"/>
</engineerTo>
<nullsAllowed>true</nullsAllowed>
<useDomainConstraints>false</useDomainConstraints>
<use>1</use>
<logicalDatatype>LOGDT024</logicalDatatype>
<dataTypeSize>80</dataTypeSize>
</Attribute>
<Attribute name="CIDADE CD CIDADE" id="B283879F-55D3-7CFC-973C-11634FEC1356">
<createdBy>Szulczewski</createdBy>
<createdTime>2016-08-02 20:51:52 UTC</createdTime>
<comment>CÓDIGO DA CIDADE</comment>
<generatorID>7CDC57A0-3233-50EF-455C-690627A27ADB</generatorID>
<ownerDesignName>PIZZARIA</ownerDesignName>
<engineerTo>
<item key="336F0494-D096-7321-02D0-89BD647F415C" value="true"/>
</engineerTo>
<referedAttribute>8650A176-F1CD-30B1-C42B-6964CEF14DF0</referedAttribute>
<useDomainConstraints>false</useDomainConstraints>
<use>1</use>
<logicalDatatype>LOGDT019</logicalDatatype>
<dataTypePrecision>4</dataTypePrecision>
</Attribute>
</attributes>
<identifiers itemClass="oracle.dbtools.crest.model.design.logical.CandidateKey">
<identifier id="A418B520-299D-DD57-530B-7769534F0CCC" name="ENDERECO PK">
<createdBy>Szulczewski</createdBy>
<createdTime>2016-08-02 00:09:12 UTC</createdTime>
<generatorID>Gerado pelo usuário</generatorID>
<ownerDesignName>PIZZARIA</ownerDesignName>
<shouldEngineer>false</shouldEngineer>
<engineerTo>
<item key="336F0494-D096-7321-02D0-89BD647F415C" value="false"/>
</engineerTo>
<pk>true</pk>
<usedAttributes>
<attributeRef>D32214BE-9DD5-A640-BBD9-3D43E2145317</attributeRef>
</usedAttributes>
</identifier>
</identifiers>
</Entity>