<?xml version = '1.0' encoding = 'UTF-8'?>
<Entity class="oracle.dbtools.crest.model.design.logical.Entity" directorySegmentName="seg_0" id="A9E75D89-2105-4FFB-287E-0D94FE7A3E08" name="CARGO">
<createdBy>Szulczewski</createdBy>
<createdTime>2016-08-01 23:11:10 UTC</createdTime>
<generatorID>Gerado pelo usuário</generatorID>
<ownerDesignName>PIZZARIA</ownerDesignName>
<engineerTo>
<item key="336F0494-D096-7321-02D0-89BD647F415C" value="true"/>
</engineerTo>
<adequatelyNormalized>NO</adequatelyNormalized>
<expectedVolumes>0</expectedVolumes>
<fwdEngineeringStrategyName>Single Table</fwdEngineeringStrategyName>
<growthPercent>0</growthPercent>
<growthType>Year</growthType>
<maxVolumes>9999999</maxVolumes>
<minVolumes>0</minVolumes>
<normalForm>Third</normalForm>
<attributes itemClass="oracle.dbtools.crest.model.design.logical.Attribute">
<Attribute name="CD_CARGO" id="98E7522F-6E03-6D35-FD6F-2C9DC7CB7237">
<createdBy>Szulczewski</createdBy>
<createdTime>2016-08-01 23:23:11 UTC</createdTime>
<comment>CÓDIGO DO CARGO</comment>
<generatorID>Gerado pelo usuário</generatorID>
<ownerDesignName>PIZZARIA</ownerDesignName>
<engineerTo>
<item key="336F0494-D096-7321-02D0-89BD647F415C" value="true"/>
</engineerTo>
<useDomainConstraints>false</useDomainConstraints>
<use>1</use>
<logicalDatatype>LOGDT019</logicalDatatype>
<dataTypePrecision>8</dataTypePrecision>
</Attribute>
<Attribute name="NM_CARGO" id="580463F1-3FF1-F0E9-2540-761CF7E4F2CB">
<createdBy>Szulczewski</createdBy>
<createdTime>2016-08-01 23:24:27 UTC</createdTime>
<comment>NOME DO CARGO</comment>
<generatorID>Gerado pelo usuário</generatorID>
<ownerDesignName>PIZZARIA</ownerDesignName>
<engineerTo>
<item key="336F0494-D096-7321-02D0-89BD647F415C" value="true"/>
</engineerTo>
<nullsAllowed>true</nullsAllowed>
<useDomainConstraints>false</useDomainConstraints>
<use>1</use>
<logicalDatatype>LOGDT024</logicalDatatype>
<dataTypeSize>100</dataTypeSize>
</Attribute>
</attributes>
<identifiers itemClass="oracle.dbtools.crest.model.design.logical.CandidateKey">
<identifier id="5D221A86-8990-E7C2-35CA-DA3C708B73BA" name="CARGO PK">
<createdBy>Szulczewski</createdBy>
<createdTime>2016-08-01 23:23:50 UTC</createdTime>
<generatorID>Gerado pelo usuário</generatorID>
<ownerDesignName>PIZZARIA</ownerDesignName>
<shouldEngineer>false</shouldEngineer>
<engineerTo>
<item key="336F0494-D096-7321-02D0-89BD647F415C" value="false"/>
</engineerTo>
<pk>true</pk>
<usedAttributes>
<attributeRef>98E7522F-6E03-6D35-FD6F-2C9DC7CB7237</attributeRef>
</usedAttributes>
</identifier>
</identifiers>
</Entity>