<?xml version = '1.0' encoding = 'UTF-8'?>
<Entity class="oracle.dbtools.crest.model.design.logical.Entity" directorySegmentName="seg_0" id="CC3B4581-0DF0-FB88-5BED-50F9D608507F" name="PRODUTO">
<createdBy>Szulczewski</createdBy>
<createdTime>2016-08-01 23:14:59 UTC</createdTime>
<generatorID>Gerado pelo usuário</generatorID>
<ownerDesignName>PIZZARIA</ownerDesignName>
<engineerTo>
<item key="336F0494-D096-7321-02D0-89BD647F415C" value="true"/>
</engineerTo>
<adequatelyNormalized>NO</adequatelyNormalized>
<expectedVolumes>0</expectedVolumes>
<fwdEngineeringStrategyName>Single Table</fwdEngineeringStrategyName>
<growthPercent>0</growthPercent>
<growthType>Year</growthType>
<maxVolumes>9999999</maxVolumes>
<minVolumes>0</minVolumes>
<normalForm>Third</normalForm>
<attributes itemClass="oracle.dbtools.crest.model.design.logical.Attribute">
<Attribute name="CD_PRODUTO" id="F90DC066-D6F5-69DF-7965-6593C087D986">
<createdBy>Szulczewski</createdBy>
<createdTime>2016-08-02 01:18:20 UTC</createdTime>
<generatorID>Gerado pelo usuário</generatorID>
<ownerDesignName>PIZZARIA</ownerDesignName>
<engineerTo>
<item key="336F0494-D096-7321-02D0-89BD647F415C" value="true"/>
</engineerTo>
<useDomainConstraints>false</useDomainConstraints>
<use>1</use>
<logicalDatatype>LOGDT019</logicalDatatype>
<dataTypePrecision>10</dataTypePrecision>
</Attribute>
<Attribute name="NM_PRODUTO" id="1F7BBF37-D8BB-0EE5-9588-8A7D9BF6A383">
<createdBy>Szulczewski</createdBy>
<createdTime>2016-08-02 01:18:37 UTC</createdTime>
<generatorID>Gerado pelo usuário</generatorID>
<ownerDesignName>PIZZARIA</ownerDesignName>
<engineerTo>
<item key="336F0494-D096-7321-02D0-89BD647F415C" value="true"/>
</engineerTo>
<useDomainConstraints>false</useDomainConstraints>
<use>1</use>
<logicalDatatype>LOGDT024</logicalDatatype>
<dataTypeSize>100</dataTypeSize>
</Attribute>
<Attribute name="VL_PRODUTO" id="6C63A75B-660B-CA63-31EA-FBD2739A552C">
<createdBy>Szulczewski</createdBy>
<createdTime>2016-08-02 01:18:46 UTC</createdTime>
<generatorID>Gerado pelo usuário</generatorID>
<ownerDesignName>PIZZARIA</ownerDesignName>
<engineerTo>
<item key="336F0494-D096-7321-02D0-89BD647F415C" value="true"/>
</engineerTo>
<useDomainConstraints>false</useDomainConstraints>
<use>1</use>
<logicalDatatype>LOGDT019</logicalDatatype>
<dataTypePrecision>5</dataTypePrecision>
<dataTypeScale>2</dataTypeScale>
</Attribute>
<Attribute name="DS_PRODUTO" id="AA174C0E-8B7C-C276-655C-9215689E2F6E">
<createdBy>Szulczewski</createdBy>
<createdTime>2016-08-02 01:20:37 UTC</createdTime>
<generatorID>Gerado pelo usuário</generatorID>
<ownerDesignName>PIZZARIA</ownerDesignName>
<engineerTo>
<item key="336F0494-D096-7321-02D0-89BD647F415C" value="true"/>
</engineerTo>
<useDomainConstraints>false</useDomainConstraints>
<use>1</use>
<logicalDatatype>LOGDT024</logicalDatatype>
<dataTypeSize>500</dataTypeSize>
</Attribute>
<Attribute name="CATEGORIA CD CATEGORIA" id="51EFFA2C-C334-161C-E5E6-3FACEF3BCBC0">
<createdBy>Szulczewski</createdBy>
<createdTime>2016-08-02 21:27:12 UTC</createdTime>
<comment>CÓDIGO DA CATEGORIA</comment>
<generatorID>1A3522F5-AA0A-38DA-A683-9ACF39C597AD</generatorID>
<ownerDesignName>PIZZARIA</ownerDesignName>
<engineerTo>
<item key="336F0494-D096-7321-02D0-89BD647F415C" value="true"/>
</engineerTo>
<referedAttribute>BEE463D9-4549-6506-1909-158C985DA58A</referedAttribute>
<useDomainConstraints>false</useDomainConstraints>
<use>1</use>
<logicalDatatype>LOGDT019</logicalDatatype>
<dataTypePrecision>10</dataTypePrecision>
</Attribute>
</attributes>
<identifiers itemClass="oracle.dbtools.crest.model.design.logical.CandidateKey">
<identifier id="3EADAE5B-8169-A2CD-2126-96D5A4DBC133" name="PRODUTO PK">
<createdBy>Szulczewski</createdBy>
<createdTime>2016-08-02 01:18:36 UTC</createdTime>
<generatorID>Gerado pelo usuário</generatorID>
<ownerDesignName>PIZZARIA</ownerDesignName>
<shouldEngineer>false</shouldEngineer>
<engineerTo>
<item key="336F0494-D096-7321-02D0-89BD647F415C" value="false"/>
</engineerTo>
<pk>true</pk>
<usedAttributes>
<attributeRef>F90DC066-D6F5-69DF-7965-6593C087D986</attributeRef>
</usedAttributes>
</identifier>
</identifiers>
</Entity>