<?xml version = '1.0' encoding = 'UTF-8'?>
<Entity class="oracle.dbtools.crest.model.design.logical.Entity" directorySegmentName="seg_0" id="D229099B-42B5-032C-D630-280A63553ADE" name="COMBO">
<createdBy>Szulczewski</createdBy>
<createdTime>2016-08-01 23:12:48 UTC</createdTime>
<generatorID>Gerado pelo usuário</generatorID>
<ownerDesignName>PIZZARIA</ownerDesignName>
<engineerTo>
<item key="336F0494-D096-7321-02D0-89BD647F415C" value="true"/>
</engineerTo>
<adequatelyNormalized>NO</adequatelyNormalized>
<expectedVolumes>0</expectedVolumes>
<fwdEngineeringStrategyName>Single Table</fwdEngineeringStrategyName>
<growthPercent>0</growthPercent>
<growthType>Year</growthType>
<maxVolumes>9999999</maxVolumes>
<minVolumes>0</minVolumes>
<normalForm>Third</normalForm>
<attributes itemClass="oracle.dbtools.crest.model.design.logical.Attribute">
<Attribute name="CD_COMBO" id="9DDC4B99-805C-2AC3-FEBE-00DD9BFEA8FA">
<createdBy>Szulczewski</createdBy>
<createdTime>2016-08-02 01:27:27 UTC</createdTime>
<generatorID>Gerado pelo usuário</generatorID>
<ownerDesignName>PIZZARIA</ownerDesignName>
<engineerTo>
<item key="336F0494-D096-7321-02D0-89BD647F415C" value="true"/>
</engineerTo>
<useDomainConstraints>false</useDomainConstraints>
<use>1</use>
<logicalDatatype>LOGDT019</logicalDatatype>
<dataTypePrecision>10</dataTypePrecision>
</Attribute>
<Attribute name="NM_COMBO" id="7830CCEB-970C-E52D-CF7B-61AA6BAA8E6A">
<createdBy>Szulczewski</createdBy>
<createdTime>2016-08-02 01:27:48 UTC</createdTime>
<generatorID>Gerado pelo usuário</generatorID>
<ownerDesignName>PIZZARIA</ownerDesignName>
<engineerTo>
<item key="336F0494-D096-7321-02D0-89BD647F415C" value="true"/>
</engineerTo>
<useDomainConstraints>false</useDomainConstraints>
<use>1</use>
<logicalDatatype>LOGDT024</logicalDatatype>
<dataTypeSize>100</dataTypeSize>
</Attribute>
<Attribute name="DS_COMBO" id="57602A5F-C03F-6115-EC52-D617E737BB9B">
<createdBy>Szulczewski</createdBy>
<createdTime>2016-08-02 01:28:11 UTC</createdTime>
<generatorID>Gerado pelo usuário</generatorID>
<ownerDesignName>PIZZARIA</ownerDesignName>
<engineerTo>
<item key="336F0494-D096-7321-02D0-89BD647F415C" value="true"/>
</engineerTo>
<useDomainConstraints>false</useDomainConstraints>
<use>1</use>
<logicalDatatype>LOGDT024</logicalDatatype>
<dataTypeSize>500</dataTypeSize>
</Attribute>
<Attribute name="VL_COMBO" id="55E7D38E-85F2-6BEB-91D3-21B46FC91C63">
<createdBy>Szulczewski</createdBy>
<createdTime>2016-08-02 01:28:39 UTC</createdTime>
<generatorID>Gerado pelo usuário</generatorID>
<ownerDesignName>PIZZARIA</ownerDesignName>
<engineerTo>
<item key="336F0494-D096-7321-02D0-89BD647F415C" value="true"/>
</engineerTo>
<useDomainConstraints>false</useDomainConstraints>
<use>1</use>
<logicalDatatype>LOGDT019</logicalDatatype>
<dataTypePrecision>5</dataTypePrecision>
<dataTypeScale>2</dataTypeScale>
</Attribute>
<Attribute name="INICIO_VND_COMBO" id="69166179-1467-5293-CFE5-E98421527D11">
<createdBy>Szulczewski</createdBy>
<createdTime>2016-08-02 01:29:13 UTC</createdTime>
<generatorID>Gerado pelo usuário</generatorID>
<ownerDesignName>PIZZARIA</ownerDesignName>
<engineerTo>
<item key="336F0494-D096-7321-02D0-89BD647F415C" value="true"/>
</engineerTo>
<nullsAllowed>true</nullsAllowed>
<useDomainConstraints>false</useDomainConstraints>
<use>1</use>
<logicalDatatype>LOGDT007</logicalDatatype>
</Attribute>
<Attribute name="FIM_VND_COMBO" id="32840BF6-BC8A-0076-6B4A-AFEBB43DD925">
<createdBy>Szulczewski</createdBy>
<createdTime>2016-08-02 01:29:35 UTC</createdTime>
<generatorID>Gerado pelo usuário</generatorID>
<ownerDesignName>PIZZARIA</ownerDesignName>
<engineerTo>
<item key="336F0494-D096-7321-02D0-89BD647F415C" value="true"/>
</engineerTo>
<nullsAllowed>true</nullsAllowed>
<useDomainConstraints>false</useDomainConstraints>
<use>1</use>
<logicalDatatype>LOGDT007</logicalDatatype>
</Attribute>
<Attribute name="CATEGORIA CD CATEGORIA" id="4B3CDE24-198A-0679-C869-8B0FF30A6144">
<createdBy>Szulczewski</createdBy>
<createdTime>2016-08-02 21:26:50 UTC</createdTime>
<comment>CÓDIGO DA CATEGORIA</comment>
<generatorID>0C7AD577-8B00-0C96-4D27-DBE996057D7C</generatorID>
<ownerDesignName>PIZZARIA</ownerDesignName>
<engineerTo>
<item key="336F0494-D096-7321-02D0-89BD647F415C" value="true"/>
</engineerTo>
<referedAttribute>BEE463D9-4549-6506-1909-158C985DA58A</referedAttribute>
<useDomainConstraints>false</useDomainConstraints>
<use>1</use>
<logicalDatatype>LOGDT019</logicalDatatype>
<dataTypePrecision>10</dataTypePrecision>
</Attribute>
<Attribute name="CD_PRODUTO" id="0403B948-AC54-68EB-9BCF-4F0D94D3DBEF">
<createdBy>Szulczewski</createdBy>
<createdTime>2016-08-03 00:40:22 UTC</createdTime>
<generatorID>46BCE878-2F54-887E-377A-46BBF4C94EDE</generatorID>
<ownerDesignName>PIZZARIA</ownerDesignName>
<engineerTo>
<item key="336F0494-D096-7321-02D0-89BD647F415C" value="true"/>
</engineerTo>
<referedAttribute>F90DC066-D6F5-69DF-7965-6593C087D986</referedAttribute>
<useDomainConstraints>false</useDomainConstraints>
<use>1</use>
<logicalDatatype>LOGDT019</logicalDatatype>
<dataTypePrecision>10</dataTypePrecision>
</Attribute>
</attributes>
<identifiers itemClass="oracle.dbtools.crest.model.design.logical.CandidateKey">
<identifier id="0E3DC17E-0310-C1D0-981A-F499B8A4C70E" name="COMBO PK">
<createdBy>Szulczewski</createdBy>
<createdTime>2016-08-02 01:27:46 UTC</createdTime>
<generatorID>Gerado pelo usuário</generatorID>
<ownerDesignName>PIZZARIA</ownerDesignName>
<shouldEngineer>false</shouldEngineer>
<engineerTo>
<item key="336F0494-D096-7321-02D0-89BD647F415C" value="false"/>
</engineerTo>
<pk>true</pk>
<usedAttributes>
<attributeRef>9DDC4B99-805C-2AC3-FEBE-00DD9BFEA8FA</attributeRef>
</usedAttributes>
</identifier>
</identifiers>
</Entity>