<?xml version = '1.0' encoding = 'UTF-8'?>
<Entity class="oracle.dbtools.crest.model.design.logical.Entity" directorySegmentName="seg_0" id="E753D31F-19D0-F527-3D48-9733FB840E5C" name="PROD_IT">
<createdBy>Szulczewski</createdBy>
<createdTime>2016-08-02 01:21:34 UTC</createdTime>
<generatorID>Gerado pelo usuário</generatorID>
<ownerDesignName>PIZZARIA</ownerDesignName>
<engineerTo>
<item key="336F0494-D096-7321-02D0-89BD647F415C" value="true"/>
</engineerTo>
<adequatelyNormalized>NO</adequatelyNormalized>
<expectedVolumes>0</expectedVolumes>
<fwdEngineeringStrategyName>Single Table</fwdEngineeringStrategyName>
<growthPercent>0</growthPercent>
<growthType>Year</growthType>
<maxVolumes>9999999</maxVolumes>
<minVolumes>0</minVolumes>
<normalForm>Third</normalForm>
<attributes itemClass="oracle.dbtools.crest.model.design.logical.Attribute">
<Attribute name="CD_PRODUTO" id="B7E26DB3-65E4-B5B1-DD93-E5A713D843D7">
<createdBy>Szulczewski</createdBy>
<createdTime>2016-08-03 00:32:40 UTC</createdTime>
<generatorID>B71F81DF-B0DD-D8BC-B118-7C45611F7062</generatorID>
<ownerDesignName>PIZZARIA</ownerDesignName>
<engineerTo>
<item key="336F0494-D096-7321-02D0-89BD647F415C" value="true"/>
</engineerTo>
<referedAttribute>F90DC066-D6F5-69DF-7965-6593C087D986</referedAttribute>
<useDomainConstraints>false</useDomainConstraints>
<use>1</use>
<logicalDatatype>LOGDT019</logicalDatatype>
<dataTypePrecision>10</dataTypePrecision>
</Attribute>
<Attribute name="CD_COMBO" id="2575589F-A4F8-CCDB-002D-F10504D0728A">
<createdBy>Szulczewski</createdBy>
<createdTime>2016-08-03 00:41:19 UTC</createdTime>
<generatorID>7C8B9517-89EB-9D88-6513-036662BB3C08</generatorID>
<ownerDesignName>PIZZARIA</ownerDesignName>
<engineerTo>
<item key="336F0494-D096-7321-02D0-89BD647F415C" value="true"/>
</engineerTo>
<referedAttribute>9DDC4B99-805C-2AC3-FEBE-00DD9BFEA8FA</referedAttribute>
<useDomainConstraints>false</useDomainConstraints>
<use>1</use>
<logicalDatatype>LOGDT019</logicalDatatype>
<dataTypePrecision>10</dataTypePrecision>
</Attribute>
<Attribute name="VL_UN_PRD_IT" id="02271343-2002-EA26-D8E1-244A1A13CD00">
<createdBy>Szulczewski</createdBy>
<createdTime>2016-08-02 01:22:54 UTC</createdTime>
<generatorID>Gerado pelo usuário</generatorID>
<ownerDesignName>PIZZARIA</ownerDesignName>
<engineerTo>
<item key="336F0494-D096-7321-02D0-89BD647F415C" value="true"/>
</engineerTo>
<useDomainConstraints>false</useDomainConstraints>
<use>1</use>
<logicalDatatype>LOGDT019</logicalDatatype>
<dataTypePrecision>5</dataTypePrecision>
<dataTypeScale>2</dataTypeScale>
</Attribute>
</attributes>
<identifiers itemClass="oracle.dbtools.crest.model.design.logical.CandidateKey">
<identifier id="85D81F97-0FFB-F36C-86C8-81CF1E7E2B58" name="PROD_IT_PK">
<createdBy>Szulczewski</createdBy>
<createdTime>2016-08-02 01:22:50 UTC</createdTime>
<generatorID>Gerado pelo usuário</generatorID>
<ownerDesignName>PIZZARIA</ownerDesignName>
<shouldEngineer>false</shouldEngineer>
<engineerTo>
<item key="336F0494-D096-7321-02D0-89BD647F415C" value="false"/>
</engineerTo>
<pk>true</pk>
<newElementsIDs>B71F81DF-B0DD-D8BC-B118-7C45611F7062,7C8B9517-89EB-9D88-6513-036662BB3C08</newElementsIDs>
<usedAttributes>
<attributeRef>B7E26DB3-65E4-B5B1-DD93-E5A713D843D7</attributeRef>
<attributeRef>2575589F-A4F8-CCDB-002D-F10504D0728A</attributeRef>
</usedAttributes>
</identifier>
</identifiers>
</Entity>