<?xml version = '1.0' encoding = 'UTF-8'?>
<Diagram class="oracle.dbtools.crest.swingui.relational.DPVRelational" name="Relational_1" id="3E67187B-ED3A-542F-8C9F-34C937C3ED7E">
<createdBy>rm73756</createdBy>
<modifiedBy>rm74123</modifiedBy>
<createdTime>2015-10-02 14:07:04 UTC</createdTime>
<autoRoute>true</autoRoute>
<boxInbox>true</boxInbox>
<showLegend>false</showLegend>
<showLabels>false</showLabels>
<showRelAttributes>false</showRelAttributes>
<gridEnabled>false</gridEnabled>
<showGrid>false</showGrid>
<diagramColor>-1</diagramColor>
<display>false</display>
<notation>1</notation>
<objectViews>
<OView class="oracle.dbtools.crest.swingui.relational.TVTable" oid="070FA305-D210-2671-B530-4C82E7EC481C" otype="Table" vid="73F89843-E608-798A-7973-0082532EF24C">
<hideElementsInCurrentOnly>false</hideElementsInCurrentOnly>
<bounds x="1380" y="446" width="170" height="110"/>
</OView>
<OView class="oracle.dbtools.crest.swingui.relational.TVTable" oid="07F4865F-040A-4DDF-6BEB-539B141EC82B" otype="Table" vid="75F59ABA-96A1-EC13-6635-F34E854B6E3C">
<hideElementsInCurrentOnly>false</hideElementsInCurrentOnly>
<bounds x="69" y="211" width="170" height="110"/>
</OView>
<OView class="oracle.dbtools.crest.swingui.relational.TVTable" oid="1ED93932-943F-4EA9-21D1-C23024B5591D" otype="Table" vid="37FF3C11-35D7-5192-2DBE-C11AE9FFBC65">
<hideElementsInCurrentOnly>false</hideElementsInCurrentOnly>
<bounds x="1379" y="615" width="170" height="110"/>
</OView>
<OView class="oracle.dbtools.crest.swingui.relational.TVTable" oid="2BF6F411-3B78-EBAF-4D09-47C09D849C80" otype="Table" vid="EC4326DA-5687-C79A-D7E1-9069AD716289">
<hideElementsInCurrentOnly>false</hideElementsInCurrentOnly>
<bounds x="1081" y="792" width="170" height="110"/>
</OView>
<OView class="oracle.dbtools.crest.swingui.relational.TVTable" oid="3E36ADE3-6394-8A2E-85A6-5A19A7BEF1D0" otype="Table" vid="0F14CAC5-382C-15B2-B571-75BED6482029">
<hideElementsInCurrentOnly>false</hideElementsInCurrentOnly>
<bounds x="268" y="660" width="170" height="110"/>
</OView>
<OView class="oracle.dbtools.crest.swingui.relational.TVTable" oid="4A96CD70-C879-05A5-394B-AE1E6C502ACB" otype="Table" vid="DB3B9B99-A59F-932A-D819-AEF69EE483D1">
<hideElementsInCurrentOnly>false</hideElementsInCurrentOnly>
<bounds x="104" y="1162" width="295" height="180"/>
</OView>
<OView class="oracle.dbtools.crest.swingui.relational.TVTable" oid="5C42A8F1-F759-42AA-80F5-FCF3481DE6BB" otype="Table" vid="E25436B6-0F88-4AB2-2E5E-D00AAA73D6D9">
<hideElementsInCurrentOnly>false</hideElementsInCurrentOnly>
<bounds x="460" y="1034" width="170" height="131"/>
</OView>
<OView class="oracle.dbtools.crest.swingui.relational.TVTable" oid="687B87F6-D0FE-9C11-6F92-65BB07F3EAFC" otype="Table" vid="32A7EC2F-A8EF-6842-B1CA-05E0F413D07A">
<hideElementsInCurrentOnly>false</hideElementsInCurrentOnly>
<bounds x="601" y="337" width="209" height="155"/>
</OView>
<OView class="oracle.dbtools.crest.swingui.relational.TVTable" oid="79A84517-DC21-CBCE-FD93-823908803E61" otype="Table" vid="3F9D5238-F62A-4D42-FA9C-58C06390F559">
<hideElementsInCurrentOnly>false</hideElementsInCurrentOnly>
<bounds x="1381" y="282" width="170" height="110"/>
</OView>
<OView class="oracle.dbtools.crest.swingui.relational.TVTable" oid="7B6975D5-A368-3F28-7C71-9FABA21A8CF8" otype="Table" vid="CA2DF0BF-DFA8-5DE6-36ED-00A4E95C9B49">
<hideElementsInCurrentOnly>false</hideElementsInCurrentOnly>
<bounds x="9" y="741" width="170" height="110"/>
</OView>
<OView class="oracle.dbtools.crest.swingui.relational.TVTable" oid="8362907E-5C3A-FAE6-F9E4-93CB6C9C182C" otype="Table" vid="FDA0192E-EC5C-EE5F-8D55-333966533F90">
<hideElementsInCurrentOnly>false</hideElementsInCurrentOnly>
<bounds x="456" y="536" width="170" height="110"/>
</OView>
<OView class="oracle.dbtools.crest.swingui.relational.TVTable" oid="8F3DC5D0-121D-4FAA-1251-D38218B692CD" otype="Table" vid="5C369812-07EC-C98C-3B46-5B3C669A027A">
<hideElementsInCurrentOnly>false</hideElementsInCurrentOnly>
<bounds x="1375" y="808" width="170" height="110"/>
</OView>
<OView class="oracle.dbtools.crest.swingui.relational.TVTable" oid="AAA4820A-95D3-E8F3-181E-18765EBFFF55" otype="Table" vid="61FA6F22-1568-CE16-A682-124A24610ECD">
<hideElementsInCurrentOnly>false</hideElementsInCurrentOnly>
<bounds x="722" y="1197" width="329" height="110"/>
</OView>
<OView class="oracle.dbtools.crest.swingui.relational.TVTable" oid="B38797AE-8684-A105-5539-4A8E55F1E9FA" otype="Table" vid="ACAD41DB-4F5D-DC29-74B8-1F0B2DF25568">
<hideElementsInCurrentOnly>false</hideElementsInCurrentOnly>
<bounds x="10" y="537" width="170" height="110"/>
</OView>
<OView class="oracle.dbtools.crest.swingui.relational.TVTable" oid="B5F71E61-93DF-D60C-1D4F-384FD335AF3C" otype="Table" vid="085BF0C1-710F-2F16-EE7D-33128527BEE1">
<hideElementsInCurrentOnly>false</hideElementsInCurrentOnly>
<bounds x="1095" y="269" width="170" height="128"/>
</OView>
<OView class="oracle.dbtools.crest.swingui.relational.TVTable" oid="BD8B5800-B93B-6B1C-BBB3-0725BD7C7239" otype="Table" vid="9475E1FA-AA38-A8B2-B94A-AE5090C73BFC">
<hideElementsInCurrentOnly>false</hideElementsInCurrentOnly>
<bounds x="386" y="828" width="170" height="124"/>
</OView>
<OView class="oracle.dbtools.crest.swingui.relational.TVTable" oid="C78EE15F-25B4-CDC7-737B-F24A661DB20C" otype="Table" vid="24165CB4-0C85-C7F4-90F3-3BBCEAC4E43D">
<hideElementsInCurrentOnly>false</hideElementsInCurrentOnly>
<bounds x="814" y="889" width="170" height="175"/>
</OView>
<OView class="oracle.dbtools.crest.swingui.relational.TVTable" oid="CE5A14C1-9556-AAC1-C12D-8146FC8636F9" otype="Table" vid="BFE4F30B-91B8-B34E-B77B-0503E4D2A0AF">
<hideElementsInCurrentOnly>false</hideElementsInCurrentOnly>
<bounds x="400" y="41" width="286" height="220"/>
</OView>
<OView class="oracle.dbtools.crest.swingui.relational.TVTable" oid="DDE0DECD-3023-06B4-313C-42374992099D" otype="Table" vid="0DB108FD-9A20-8D32-A39C-3AF2C1B73DDF">
<hideElementsInCurrentOnly>false</hideElementsInCurrentOnly>
<bounds x="1377" y="15" width="170" height="195"/>
</OView>
<OView class="oracle.dbtools.crest.swingui.relational.TVTable" oid="F152A2D5-5426-27E5-A3D3-D9F06BDA1276" otype="Table" vid="8171627E-5445-7580-E9A5-57CFEA451CB9">
<hideElementsInCurrentOnly>false</hideElementsInCurrentOnly>
<bounds x="1090" y="547" width="170" height="198"/>
</OView>
</objectViews>
<connectors>
<Connector class="oracle.dbtools.crest.swingui.relational.TVFKRelation" oid="0ABCE6CC-0568-D211-16C0-F80619A4C92F" otype="FKIndexAssociation" vid_source="24165CB4-0C85-C7F4-90F3-3BBCEAC4E43D" vid_target="8171627E-5445-7580-E9A5-57CFEA451CB9">
<hideElementsInCurrentOnly>false</hideElementsInCurrentOnly>
<lineWidth>1</lineWidth>
<points>
<point x="864" y="889"/>
<point x="864" y="840"/>
<point x="1140" y="840"/>
<point x="1140" y="745"/>
</points>
</Connector>
<Connector class="oracle.dbtools.crest.swingui.relational.TVFKRelation" oid="1E7E51E5-1F4E-B544-0060-DDA41147BE15" otype="FKIndexAssociation" vid_source="61FA6F22-1568-CE16-A682-124A24610ECD" vid_target="DB3B9B99-A59F-932A-D819-AEF69EE483D1">
<hideElementsInCurrentOnly>false</hideElementsInCurrentOnly>
<lineWidth>1</lineWidth>
<points>
<point x="722" y="1259"/>
<point x="570" y="1259"/>
<point x="570" y="1259"/>
<point x="399" y="1259"/>
</points>
</Connector>
<Connector class="oracle.dbtools.crest.swingui.relational.TVFKRelation" oid="2B328FD3-1CD7-C89B-F122-9AAB932C04A3" otype="FKIndexAssociation" vid_source="9475E1FA-AA38-A8B2-B94A-AE5090C73BFC" vid_target="DB3B9B99-A59F-932A-D819-AEF69EE483D1">
<hideElementsInCurrentOnly>false</hideElementsInCurrentOnly>
<lineWidth>1</lineWidth>
<points>
<point x="478" y="952"/>
<point x="478" y="1050"/>
<point x="258" y="1050"/>
<point x="258" y="1162"/>
</points>
</Connector>
<Connector class="oracle.dbtools.crest.swingui.relational.TVFKRelation" oid="2EDF6A4B-9D2F-F102-3E11-95CD663B9C05" otype="FKIndexAssociation" vid_source="085BF0C1-710F-2F16-EE7D-33128527BEE1" vid_target="FDA0192E-EC5C-EE5F-8D55-333966533F90">
<hideElementsInCurrentOnly>false</hideElementsInCurrentOnly>
<lineWidth>1</lineWidth>
<points>
<point x="1095" y="298"/>
<point x="895" y="298"/>
<point x="895" y="556"/>
<point x="626" y="556"/>
</points>
</Connector>
<Connector class="oracle.dbtools.crest.swingui.relational.TVFKRelation" oid="3F6A22A9-908F-4607-BFFE-F26C429ED6F0" otype="FKIndexAssociation" vid_source="085BF0C1-710F-2F16-EE7D-33128527BEE1" vid_target="8171627E-5445-7580-E9A5-57CFEA451CB9">
<hideElementsInCurrentOnly>false</hideElementsInCurrentOnly>
<lineWidth>1</lineWidth>
<points>
<point x="1201" y="397"/>
<point x="1201" y="451"/>
<point x="1196" y="451"/>
<point x="1196" y="547"/>
</points>
</Connector>
<Connector class="oracle.dbtools.crest.swingui.relational.TVFKRelation" oid="44366BF4-F415-0715-47E9-8F64B5E9B54E" otype="FKIndexAssociation" vid_source="24165CB4-0C85-C7F4-90F3-3BBCEAC4E43D" vid_target="FDA0192E-EC5C-EE5F-8D55-333966533F90">
<hideElementsInCurrentOnly>false</hideElementsInCurrentOnly>
<lineWidth>1</lineWidth>
<points>
<point x="906" y="889"/>
<point x="906" y="793"/>
<point x="548" y="793"/>
<point x="548" y="646"/>
</points>
</Connector>
<Connector class="oracle.dbtools.crest.swingui.relational.TVFKRelation" oid="4E8312AD-612F-861F-C2F3-832FE81D8EEA" otype="FKIndexAssociation" vid_source="0F14CAC5-382C-15B2-B571-75BED6482029" vid_target="BFE4F30B-91B8-B34E-B77B-0503E4D2A0AF">
<hideElementsInCurrentOnly>false</hideElementsInCurrentOnly>
<lineWidth>1</lineWidth>
<points>
<point x="360" y="660"/>
<point x="360" y="398"/>
<point x="550" y="398"/>
<point x="550" y="261"/>
</points>
</Connector>
<Connector class="oracle.dbtools.crest.swingui.relational.TVFKRelation" oid="5CA11F32-53F4-AB75-663C-D885B0C28E27" otype="FKIndexAssociation" vid_source="73F89843-E608-798A-7973-0082532EF24C" vid_target="3F9D5238-F62A-4D42-FA9C-58C06390F559">
<hideElementsInCurrentOnly>false</hideElementsInCurrentOnly>
<lineWidth>1</lineWidth>
<points>
<point x="1380" y="446"/>
<point x="1465" y="419"/>
<point x="1466" y="419"/>
<point x="1381" y="282"/>
</points>
</Connector>
<Connector class="oracle.dbtools.crest.swingui.relational.TVFKRelation" oid="67394CF2-F16B-A956-75FC-E53673F43A22" otype="FKIndexAssociation" vid_source="CA2DF0BF-DFA8-5DE6-36ED-00A4E95C9B49" vid_target="ACAD41DB-4F5D-DC29-74B8-1F0B2DF25568">
<hideElementsInCurrentOnly>false</hideElementsInCurrentOnly>
<lineWidth>1</lineWidth>
<points>
<point x="10" y="741"/>
<point x="94" y="694"/>
<point x="95" y="694"/>
<point x="20" y="537"/>
</points>
</Connector>
<Connector class="oracle.dbtools.crest.swingui.relational.TVFKRelation" oid="6D522167-DAC4-BD9C-294F-6C745D5CCF4C" otype="FKIndexAssociation" vid_source="9475E1FA-AA38-A8B2-B94A-AE5090C73BFC" vid_target="9475E1FA-AA38-A8B2-B94A-AE5090C73BFC">
<hideElementsInCurrentOnly>false</hideElementsInCurrentOnly>
<lineWidth>1</lineWidth>
<points>
<point x="556" y="890"/>
<point x="581" y="890"/>
<point x="581" y="977"/>
<point x="471" y="977"/>
<point x="471" y="952"/>
</points>
</Connector>
<Connector class="oracle.dbtools.crest.swingui.relational.TVFKRelation" oid="7BE3127E-DF29-F15F-9630-EAB5843923A4" otype="FKIndexAssociation" vid_source="085BF0C1-710F-2F16-EE7D-33128527BEE1" vid_target="BFE4F30B-91B8-B34E-B77B-0503E4D2A0AF">
<hideElementsInCurrentOnly>false</hideElementsInCurrentOnly>
<lineWidth>1</lineWidth>
<points>
<point x="1095" y="326"/>
<point x="839" y="326"/>
<point x="839" y="144"/>
<point x="686" y="144"/>
</points>
</Connector>
<Connector class="oracle.dbtools.crest.swingui.relational.TVFKRelation" oid="8C2F5D38-7B1F-5A71-4B13-658998DDB202" otype="FKIndexAssociation" vid_source="32A7EC2F-A8EF-6842-B1CA-05E0F413D07A" vid_target="BFE4F30B-91B8-B34E-B77B-0503E4D2A0AF">
<hideElementsInCurrentOnly>false</hideElementsInCurrentOnly>
<lineWidth>1</lineWidth>
<points>
<point x="670" y="337"/>
<point x="670" y="301"/>
<point x="508" y="301"/>
<point x="508" y="261"/>
</points>
</Connector>
<Connector class="oracle.dbtools.crest.swingui.relational.TVFKRelation" oid="9332C117-AE09-6358-61D8-FEEB28C15BF6" otype="FKIndexAssociation" vid_source="3F9D5238-F62A-4D42-FA9C-58C06390F559" vid_target="0DB108FD-9A20-8D32-A39C-3AF2C1B73DDF">
<hideElementsInCurrentOnly>false</hideElementsInCurrentOnly>
<lineWidth>1</lineWidth>
<points>
<point x="1473" y="282"/>
<point x="1473" y="196"/>
<point x="1469" y="196"/>
<point x="1469" y="210"/>
</points>
</Connector>
<Connector class="oracle.dbtools.crest.swingui.relational.TVFKRelation" oid="93D654A1-28E3-355B-82CB-7049F1371F35" otype="FKIndexAssociation" vid_source="24165CB4-0C85-C7F4-90F3-3BBCEAC4E43D" vid_target="24165CB4-0C85-C7F4-90F3-3BBCEAC4E43D">
<hideElementsInCurrentOnly>false</hideElementsInCurrentOnly>
<lineWidth>1</lineWidth>
<points>
<point x="984" y="976"/>
<point x="1009" y="976"/>
<point x="1009" y="1089"/>
<point x="899" y="1089"/>
<point x="899" y="1064"/>
</points>
</Connector>
<Connector class="oracle.dbtools.crest.swingui.relational.TVFKRelation" oid="976BCAF2-2187-76EA-FBCF-5C32FBC74520" otype="FKIndexAssociation" vid_source="EC4326DA-5687-C79A-D7E1-9069AD716289" vid_target="24165CB4-0C85-C7F4-90F3-3BBCEAC4E43D">
<hideElementsInCurrentOnly>false</hideElementsInCurrentOnly>
<lineWidth>1</lineWidth>
<points>
<point x="1081" y="854"/>
<point x="1025" y="854"/>
<point x="1025" y="983"/>
<point x="984" y="983"/>
</points>
</Connector>
<Connector class="oracle.dbtools.crest.swingui.relational.TVFKRelation" oid="980C3CA2-7AD9-EE65-12D3-6A61DCD95CBA" otype="FKIndexAssociation" vid_source="32A7EC2F-A8EF-6842-B1CA-05E0F413D07A" vid_target="75F59ABA-96A1-EC13-6635-F34E854B6E3C">
<hideElementsInCurrentOnly>false</hideElementsInCurrentOnly>
<lineWidth>1</lineWidth>
<points>
<point x="601" y="435"/>
<point x="418" y="435"/>
<point x="418" y="287"/>
<point x="239" y="287"/>
</points>
</Connector>
<Connector class="oracle.dbtools.crest.swingui.relational.TVFKRelation" oid="9926D00B-A77E-2D72-DE44-AD1218B94DBB" otype="FKIndexAssociation" vid_source="085BF0C1-710F-2F16-EE7D-33128527BEE1" vid_target="0DB108FD-9A20-8D32-A39C-3AF2C1B73DDF">
<hideElementsInCurrentOnly>false</hideElementsInCurrentOnly>
<lineWidth>1</lineWidth>
<points>
<point x="1265" y="340"/>
<point x="1314" y="340"/>
<point x="1314" y="119"/>
<point x="1377" y="119"/>
</points>
</Connector>
<Connector class="oracle.dbtools.crest.swingui.relational.TVFKRelation" oid="9AC6776B-226D-8185-C4E4-B526B5A15577" otype="FKIndexAssociation" vid_source="32A7EC2F-A8EF-6842-B1CA-05E0F413D07A" vid_target="8171627E-5445-7580-E9A5-57CFEA451CB9">
<hideElementsInCurrentOnly>false</hideElementsInCurrentOnly>
<lineWidth>1</lineWidth>
<points>
<point x="810" y="407"/>
<point x="957" y="407"/>
<point x="957" y="639"/>
<point x="1090" y="639"/>
</points>
</Connector>
<Connector class="oracle.dbtools.crest.swingui.relational.TVFKRelation" oid="AA33C6BE-FCB8-3024-0437-1A8E7D2DA772" otype="FKIndexAssociation" vid_source="0DB108FD-9A20-8D32-A39C-3AF2C1B73DDF" vid_target="75F59ABA-96A1-EC13-6635-F34E854B6E3C">
<hideElementsInCurrentOnly>false</hideElementsInCurrentOnly>
<lineWidth>1</lineWidth>
<points>
<point x="1377" y="105"/>
<point x="815" y="105"/>
<point x="815" y="259"/>
<point x="239" y="259"/>
</points>
</Connector>
<Connector class="oracle.dbtools.crest.swingui.relational.TVFKRelation" oid="AE90C974-6AE7-1F2F-8E17-54803419B999" otype="FKIndexAssociation" vid_source="37FF3C11-35D7-5192-2DBE-C11AE9FFBC65" vid_target="73F89843-E608-798A-7973-0082532EF24C">
<hideElementsInCurrentOnly>false</hideElementsInCurrentOnly>
<lineWidth>1</lineWidth>
<points>
<point x="1379" y="615"/>
<point x="1464" y="585"/>
<point x="1465" y="585"/>
<point x="1380" y="446"/>
</points>
</Connector>
<Connector class="oracle.dbtools.crest.swingui.relational.TVFKRelation" oid="C3260635-DD54-D1F8-E40F-80AEA90A4574" otype="FKIndexAssociation" vid_source="5C369812-07EC-C98C-3B46-5B3C669A027A" vid_target="37FF3C11-35D7-5192-2DBE-C11AE9FFBC65">
<hideElementsInCurrentOnly>false</hideElementsInCurrentOnly>
<lineWidth>1</lineWidth>
<points>
<point x="1460" y="808"/>
<point x="1460" y="766"/>
<point x="1464" y="766"/>
<point x="1464" y="725"/>
</points>
</Connector>
<Connector class="oracle.dbtools.crest.swingui.relational.TVFKRelation" oid="C61A8DA9-D30F-E213-8058-2AAC54F51E7B" otype="FKIndexAssociation" vid_source="ACAD41DB-4F5D-DC29-74B8-1F0B2DF25568" vid_target="BFE4F30B-91B8-B34E-B77B-0503E4D2A0AF">
<hideElementsInCurrentOnly>false</hideElementsInCurrentOnly>
<lineWidth>1</lineWidth>
<points>
<point x="180" y="571"/>
<point x="311" y="571"/>
<point x="311" y="130"/>
<point x="400" y="130"/>
</points>
</Connector>
<Connector class="oracle.dbtools.crest.swingui.relational.TVFKRelation" oid="CAC86923-EFA9-A04A-01FD-5E65831E7E35" otype="FKIndexAssociation" vid_source="DB3B9B99-A59F-932A-D819-AEF69EE483D1" vid_target="0F14CAC5-382C-15B2-B571-75BED6482029">
<hideElementsInCurrentOnly>false</hideElementsInCurrentOnly>
<lineWidth>1</lineWidth>
<points>
<point x="251" y="1162"/>
<point x="251" y="1001"/>
<point x="353" y="1001"/>
<point x="353" y="770"/>
</points>
</Connector>
<Connector class="oracle.dbtools.crest.swingui.relational.TVFKRelation" oid="D55B12EF-BE64-8E14-2F86-569D0C1C0D1D" otype="FKIndexAssociation" vid_source="E25436B6-0F88-4AB2-2E5E-D00AAA73D6D9" vid_target="61FA6F22-1568-CE16-A682-124A24610ECD">
<hideElementsInCurrentOnly>false</hideElementsInCurrentOnly>
<lineWidth>1</lineWidth>
<points>
<point x="630" y="1099"/>
<point x="676" y="1099"/>
<point x="676" y="1252"/>
<point x="722" y="1252"/>
</points>
</Connector>
</connectors>
</Diagram>