<?xml version = '1.0' encoding = 'UTF-8'?>
<Table class="oracle.dbtools.crest.model.design.relational.Table" directorySegmentName="seg_0" id="3E36ADE3-6394-8A2E-85A6-5A19A7BEF1D0" name="PRODUTO_ITEM">
<createdBy>rm73756</createdBy>
<createdTime>2015-10-02 14:07:04 UTC</createdTime>
<generatorID>90621D97-A6D5-8EC9-3275-5445D882C4B1</generatorID>
<ownerDesignName>dominos_pizzaoficial</ownerDesignName>
<allowColumnReorder>false</allowColumnReorder>
<existDependencyGenerateInDDl>true</existDependencyGenerateInDDl>
<parsed>true</parsed>
<columns itemClass="oracle.dbtools.crest.model.design.relational.Column">
<Column name="cd_produto_item" id="5351555F-F0AE-A45D-47A7-CE058326AC63">
<createdBy>rm73756</createdBy>
<createdTime>2015-10-02 14:07:04 UTC</createdTime>
<comment>Código do item produto.</comment>
<generatorID>690AB47E-DE6A-D22B-B3A3-E37798144A0D</generatorID>
<ownerDesignName>dominos_pizzaoficial</ownerDesignName>
<useDomainConstraints>false</useDomainConstraints>
<use>1</use>
<logicalDatatype>LOGDT011</logicalDatatype>
<ownDataTypeParameters>,,</ownDataTypeParameters>
<autoIncrementCycle>false</autoIncrementCycle>
</Column>
<Column name="qt_produto_item" id="AB4B75B3-8514-0104-D583-3B55E48E0705">
<createdBy>rm73756</createdBy>
<createdTime>2015-10-02 14:07:04 UTC</createdTime>
<comment>Quantidade item produto</comment>
<generatorID>3FCC7B39-1713-B569-0F6B-787D2A1A9D58</generatorID>
<ownerDesignName>dominos_pizzaoficial</ownerDesignName>
<nullsAllowed>true</nullsAllowed>
<useDomainConstraints>false</useDomainConstraints>
<use>1</use>
<logicalDatatype>LOGDT025</logicalDatatype>
<dataTypeSize>10</dataTypeSize>
<ownDataTypeParameters>10,,</ownDataTypeParameters>
<autoIncrementCycle>false</autoIncrementCycle>
</Column>
<Column name="PRODUTO_cd_produto" id="34D0E7FF-AF86-2550-2F33-8259F35870C9">
<createdBy>rm73756</createdBy>
<createdTime>2015-10-02 14:07:04 UTC</createdTime>
<comment>Código do produto.</comment>
<generatorID>7077DE87-EA02-3385-24E2-225FF1078D63</generatorID>
<ownerDesignName>dominos_pizzaoficial</ownerDesignName>
<useDomainConstraints>false</useDomainConstraints>
<use>1</use>
<logicalDatatype>LOGDT011</logicalDatatype>
<ownDataTypeParameters>,,</ownDataTypeParameters>
<previousColumn>false</previousColumn>
<autoIncrementCycle>false</autoIncrementCycle>
<associations>
<colAssociation fkAssociation="CAC86923-EFA9-A04A-01FD-5E65831E7E35" referredColumn="D55E7EBF-2FA5-BA6A-1F4B-7F50CB7DF4E0"/>
</associations>
</Column>
</columns>
<indexes itemClass="oracle.dbtools.crest.model.design.relational.Index">
<ind_PK_UK id="186F32A0-DC74-182D-2DB4-9BA221B85C74" name="PRODUTO_ITEM_PK">
<createdBy>rm73756</createdBy>
<createdTime>2015-10-02 14:07:04 UTC</createdTime>
<generatorID>3D10857A-BDAD-0842-CF17-810213884CAE</generatorID>
<ownerDesignName>dominos_pizzaoficial</ownerDesignName>
<pk>true</pk>
<indexState>Primary Constraint</indexState>
<isSurrogateKey>false</isSurrogateKey>
<indexColumnUsage>
<colUsage columnID="5351555F-F0AE-A45D-47A7-CE058326AC63"/>
</indexColumnUsage>
</ind_PK_UK>
<ind_PK_UK id="45B4C1B1-7101-06FC-73D8-02BBF9B26ABF" name="PRODUTO_ITEM_PRODUTO_FK">
<createdBy>rm73756</createdBy>
<createdTime>2015-10-02 14:07:04 UTC</createdTime>
<generatorID>BC5CA73F-D18A-61B7-04DC-10588EEE12AD</generatorID>
<ownerDesignName>dominos_pizzaoficial</ownerDesignName>
<indexState>Foreign Key</indexState>
<isSurrogateKey>false</isSurrogateKey>
<indexColumnUsage>
<colUsage columnID="34D0E7FF-AF86-2550-2F33-8259F35870C9"/>
</indexColumnUsage>
</ind_PK_UK>
</indexes>
</Table>