<?xml version = '1.0' encoding = 'UTF-8'?>
<Table class="oracle.dbtools.crest.model.design.relational.Table" directorySegmentName="seg_0" id="4A96CD70-C879-05A5-394B-AE1E6C502ACB" name="PRODUTO">
<createdBy>rm73756</createdBy>
<createdTime>2015-10-02 14:07:04 UTC</createdTime>
<generatorID>0A18AD46-D6A4-0518-1BD0-47F7EB20A3F9</generatorID>
<ownerDesignName>dominos_pizzaoficial</ownerDesignName>
<allowColumnReorder>false</allowColumnReorder>
<existDependencyGenerateInDDl>true</existDependencyGenerateInDDl>
<parsed>true</parsed>
<columns itemClass="oracle.dbtools.crest.model.design.relational.Column">
<Column name="cd_produto" id="D55E7EBF-2FA5-BA6A-1F4B-7F50CB7DF4E0">
<createdBy>rm73756</createdBy>
<createdTime>2015-10-02 14:07:04 UTC</createdTime>
<comment>Código do produto.</comment>
<generatorID>761752CF-D6B8-4733-CDFD-A1487CE5B42B</generatorID>
<ownerDesignName>dominos_pizzaoficial</ownerDesignName>
<useDomainConstraints>false</useDomainConstraints>
<use>1</use>
<logicalDatatype>LOGDT011</logicalDatatype>
<ownDataTypeParameters>,,</ownDataTypeParameters>
<autoIncrementCycle>false</autoIncrementCycle>
</Column>
<Column name="nm_produto" id="F901C781-5AB7-DD97-E147-AA1074D51B54">
<createdBy>rm73756</createdBy>
<createdTime>2015-10-02 14:07:04 UTC</createdTime>
<comment>Nome do produto.</comment>
<generatorID>0AAA006F-3562-710B-DF67-FCB580BF2C35</generatorID>
<ownerDesignName>dominos_pizzaoficial</ownerDesignName>
<nullsAllowed>true</nullsAllowed>
<useDomainConstraints>false</useDomainConstraints>
<use>1</use>
<logicalDatatype>LOGDT024</logicalDatatype>
<dataTypeSize>100</dataTypeSize>
<ownDataTypeParameters>100,,</ownDataTypeParameters>
<autoIncrementCycle>false</autoIncrementCycle>
</Column>
<Column name="prc_produto" id="57903C28-BC55-2B60-F1F1-D28A8E847821">
<createdBy>rm73756</createdBy>
<createdTime>2015-10-02 14:07:04 UTC</createdTime>
<comment>Valor do produto.</comment>
<generatorID>F63E52BF-9C5A-CAA3-EAC3-80D936C99E8E</generatorID>
<ownerDesignName>dominos_pizzaoficial</ownerDesignName>
<nullsAllowed>true</nullsAllowed>
<useDomainConstraints>false</useDomainConstraints>
<use>1</use>
<logicalDatatype>LOGDT019</logicalDatatype>
<dataTypePrecision>4</dataTypePrecision>
<dataTypeScale>2</dataTypeScale>
<ownDataTypeParameters>,4,2</ownDataTypeParameters>
<autoIncrementCycle>false</autoIncrementCycle>
</Column>
<Column name="CATEGORIA_cd_categoria" id="907B3ED2-C1AC-3A39-D25E-E1CB03359529">
<createdBy>rm73756</createdBy>
<createdTime>2015-10-02 14:07:04 UTC</createdTime>
<comment>Código da categoria</comment>
<generatorID>93F55A26-DD37-A47D-F72F-1933B8434393</generatorID>
<ownerDesignName>dominos_pizzaoficial</ownerDesignName>
<useDomainConstraints>false</useDomainConstraints>
<use>1</use>
<logicalDatatype>LOGDT011</logicalDatatype>
<ownDataTypeParameters>,,</ownDataTypeParameters>
<previousColumn>false</previousColumn>
<autoIncrementCycle>false</autoIncrementCycle>
<associations>
<colAssociation fkAssociation="2B328FD3-1CD7-C89B-F122-9AAB932C04A3" referredColumn="EB189444-2D3F-5D90-2003-EE8CC09D418E"/>
</associations>
</Column>
<Column name="COMBO_ITEM_cd_combo_item" id="8CF2507F-58A4-EF33-66D4-ABA26410F948">
<createdBy>rm73756</createdBy>
<createdTime>2015-10-02 14:07:04 UTC</createdTime>
<comment>Código combo item.</comment>
<generatorID>045C865C-69E4-D392-4941-DC51C3B13B4C</generatorID>
<ownerDesignName>dominos_pizzaoficial</ownerDesignName>
<useDomainConstraints>false</useDomainConstraints>
<use>1</use>
<logicalDatatype>LOGDT011</logicalDatatype>
<ownDataTypeParameters>,,</ownDataTypeParameters>
<previousColumn>false</previousColumn>
<autoIncrementCycle>false</autoIncrementCycle>
<associations>
<colAssociation fkAssociation="1E7E51E5-1F4E-B544-0060-DDA41147BE15" referredColumn="E7A7337F-5E6E-3EEF-99F0-8CD683F35673"/>
</associations>
</Column>
</columns>
<indexes itemClass="oracle.dbtools.crest.model.design.relational.Index">
<ind_PK_UK id="7B043D7C-CF58-82C1-7CC8-41382EBF1272" name="PRODUTO_PK">
<createdBy>rm73756</createdBy>
<createdTime>2015-10-02 14:07:04 UTC</createdTime>
<generatorID>0FA93EC5-3E2D-EA90-05AE-545046AD0629</generatorID>
<ownerDesignName>dominos_pizzaoficial</ownerDesignName>
<pk>true</pk>
<indexState>Primary Constraint</indexState>
<isSurrogateKey>false</isSurrogateKey>
<indexColumnUsage>
<colUsage columnID="D55E7EBF-2FA5-BA6A-1F4B-7F50CB7DF4E0"/>
</indexColumnUsage>
</ind_PK_UK>
<ind_PK_UK id="93B4B1C9-8CCA-5A52-0FE8-1A9FC3A9B321" name="PRODUTO_COMBO_ITEM_FK">
<createdBy>rm73756</createdBy>
<createdTime>2015-10-02 14:07:04 UTC</createdTime>
<generatorID>6F1BCD80-A435-3255-C512-48D15945D645</generatorID>
<ownerDesignName>dominos_pizzaoficial</ownerDesignName>
<indexState>Foreign Key</indexState>
<isSurrogateKey>false</isSurrogateKey>
<indexColumnUsage>
<colUsage columnID="8CF2507F-58A4-EF33-66D4-ABA26410F948"/>
</indexColumnUsage>
</ind_PK_UK>
<ind_PK_UK id="9EADC848-069D-3ADA-762D-5FBC73CAB216" name="PRODUTO_CATEGORIA_FK">
<createdBy>rm73756</createdBy>
<createdTime>2015-10-02 14:07:04 UTC</createdTime>
<generatorID>105476FA-1C56-D5B2-399F-F4A778BAB9E8</generatorID>
<ownerDesignName>dominos_pizzaoficial</ownerDesignName>
<indexState>Foreign Key</indexState>
<isSurrogateKey>false</isSurrogateKey>
<indexColumnUsage>
<colUsage columnID="907B3ED2-C1AC-3A39-D25E-E1CB03359529"/>
</indexColumnUsage>
</ind_PK_UK>
</indexes>
</Table>