<?xml version = '1.0' encoding = 'UTF-8'?>
<Table class="oracle.dbtools.crest.model.design.relational.Table" directorySegmentName="seg_0" id="8362907E-5C3A-FAE6-F9E4-93CB6C9C182C" name="FUNC_FILIAL">
<createdBy>rm73756</createdBy>
<createdTime>2015-10-02 14:07:04 UTC</createdTime>
<ownerDesignName>dominos_pizzaoficial</ownerDesignName>
<allowColumnReorder>false</allowColumnReorder>
<existDependencyGenerateInDDl>true</existDependencyGenerateInDDl>
<parsed>true</parsed>
<columns itemClass="oracle.dbtools.crest.model.design.relational.Column">
<Column name="FUNCIONARIO_cd_funcionario" id="8D39DC47-92CE-0BC4-67EF-2D3F92F4C7ED">
<createdBy>rm73756</createdBy>
<createdTime>2015-10-02 14:07:04 UTC</createdTime>
<ownerDesignName>dominos_pizzaoficial</ownerDesignName>
<useDomainConstraints>false</useDomainConstraints>
<use>1</use>
<logicalDatatype>LOGDT011</logicalDatatype>
<ownDataTypeParameters>,,</ownDataTypeParameters>
<previousColumn>false</previousColumn>
<autoIncrementCycle>false</autoIncrementCycle>
<associations>
<colAssociation fkAssociation="44366BF4-F415-0715-47E9-8F64B5E9B54E" referredColumn="6B075CFB-87E4-0AEA-FBCE-C5F42F598066"/>
</associations>
</Column>
<Column name="FILIAL_cd_filial" id="E33B74E1-856F-D64C-0049-555E25BF36B2">
<createdBy>rm73756</createdBy>
<createdTime>2015-10-02 14:07:04 UTC</createdTime>
<ownerDesignName>dominos_pizzaoficial</ownerDesignName>
<useDomainConstraints>false</useDomainConstraints>
<use>1</use>
<logicalDatatype>LOGDT011</logicalDatatype>
<ownDataTypeParameters>,,</ownDataTypeParameters>
<previousColumn>false</previousColumn>
<autoIncrementCycle>false</autoIncrementCycle>
<associations>
<colAssociation fkAssociation="2EDF6A4B-9D2F-F102-3E11-95CD663B9C05" referredColumn="037D2694-F1EE-E61B-4B6E-54618A63059D"/>
</associations>
</Column>
</columns>
<indexes itemClass="oracle.dbtools.crest.model.design.relational.Index">
<ind_PK_UK id="D6B0BB61-6654-BD2C-997C-B0DC0826C805" name="FUNC_FILIAL_PK">
<createdBy>rm73756</createdBy>
<createdTime>2015-10-02 14:07:04 UTC</createdTime>
<ownerDesignName>dominos_pizzaoficial</ownerDesignName>
<pk>true</pk>
<indexState>Primary Constraint</indexState>
<isSurrogateKey>false</isSurrogateKey>
<indexColumnUsage>
<colUsage columnID="8D39DC47-92CE-0BC4-67EF-2D3F92F4C7ED"/>
<colUsage columnID="E33B74E1-856F-D64C-0049-555E25BF36B2"/>
</indexColumnUsage>
</ind_PK_UK>
<ind_PK_UK id="B2AE5F0E-0113-1B65-2C10-6B502DD974CE" name="FK_ASS_13">
<createdBy>rm73756</createdBy>
<createdTime>2015-10-02 14:07:04 UTC</createdTime>
<generatorID>EDBC1D7D-7179-AFE4-263D-E95B1FF258CB</generatorID>
<ownerDesignName>dominos_pizzaoficial</ownerDesignName>
<indexState>Foreign Key</indexState>
<isSurrogateKey>false</isSurrogateKey>
<indexColumnUsage>
<colUsage columnID="8D39DC47-92CE-0BC4-67EF-2D3F92F4C7ED"/>
</indexColumnUsage>
</ind_PK_UK>
<ind_PK_UK id="116C2652-B4C3-55D3-6DC6-52EE4FBA933B" name="FK_ASS_14">
<createdBy>rm73756</createdBy>
<createdTime>2015-10-02 14:07:04 UTC</createdTime>
<generatorID>EDBC1D7D-7179-AFE4-263D-E95B1FF258CB</generatorID>
<ownerDesignName>dominos_pizzaoficial</ownerDesignName>
<indexState>Foreign Key</indexState>
<isSurrogateKey>false</isSurrogateKey>
<indexColumnUsage>
<colUsage columnID="E33B74E1-856F-D64C-0049-555E25BF36B2"/>
</indexColumnUsage>
</ind_PK_UK>
</indexes>
</Table>