<?xml version = '1.0' encoding = 'UTF-8'?>
<Table class="oracle.dbtools.crest.model.design.relational.Table" directorySegmentName="seg_0" id="BD8B5800-B93B-6B1C-BBB3-0725BD7C7239" name="CATEGORIA">
<createdBy>rm73756</createdBy>
<createdTime>2015-10-02 14:07:04 UTC</createdTime>
<generatorID>95BA82BD-8F38-AAC4-7292-18BD27191A93</generatorID>
<ownerDesignName>dominos_pizzaoficial</ownerDesignName>
<allowColumnReorder>false</allowColumnReorder>
<existDependencyGenerateInDDl>true</existDependencyGenerateInDDl>
<parsed>true</parsed>
<columns itemClass="oracle.dbtools.crest.model.design.relational.Column">
<Column name="cd_categoria" id="EB189444-2D3F-5D90-2003-EE8CC09D418E">
<createdBy>rm73756</createdBy>
<createdTime>2015-10-02 14:07:04 UTC</createdTime>
<comment>Código da categoria</comment>
<generatorID>4DD0E89A-6087-B3AC-40CC-6E0B45FC7136</generatorID>
<ownerDesignName>dominos_pizzaoficial</ownerDesignName>
<useDomainConstraints>false</useDomainConstraints>
<use>1</use>
<logicalDatatype>LOGDT011</logicalDatatype>
<ownDataTypeParameters>,,</ownDataTypeParameters>
<autoIncrementCycle>false</autoIncrementCycle>
</Column>
<Column name="nm_categoria" id="10065A78-5B20-6243-B235-9244C8903CE8">
<createdBy>rm73756</createdBy>
<createdTime>2015-10-02 14:07:04 UTC</createdTime>
<comment>Nome da categoria.</comment>
<generatorID>3B2B9569-3E0E-586D-838C-2D4EA5789F2D</generatorID>
<ownerDesignName>dominos_pizzaoficial</ownerDesignName>
<nullsAllowed>true</nullsAllowed>
<useDomainConstraints>false</useDomainConstraints>
<use>1</use>
<logicalDatatype>LOGDT024</logicalDatatype>
<ownDataTypeParameters>,,</ownDataTypeParameters>
<autoIncrementCycle>false</autoIncrementCycle>
</Column>
<Column name="ds_categoria" id="807DAF82-2CB5-3B26-9217-2583D152D6B4">
<createdBy>rm73756</createdBy>
<createdTime>2015-10-02 14:07:04 UTC</createdTime>
<comment>Descrição da categoria.</comment>
<generatorID>624420B1-4327-D438-FEA9-4CB090536093</generatorID>
<ownerDesignName>dominos_pizzaoficial</ownerDesignName>
<nullsAllowed>true</nullsAllowed>
<useDomainConstraints>false</useDomainConstraints>
<use>1</use>
<logicalDatatype>LOGDT024</logicalDatatype>
<dataTypeSize>200</dataTypeSize>
<ownDataTypeParameters>200,,</ownDataTypeParameters>
<autoIncrementCycle>false</autoIncrementCycle>
</Column>
<Column name="CATEGORIA_cd_categoria" id="CA8CDEAA-48DA-EB71-98DF-1FD5E40499DD">
<createdBy>rm73756</createdBy>
<createdTime>2015-10-02 14:07:04 UTC</createdTime>
<comment>Código da categoria</comment>
<generatorID>0FC36742-D9AA-91E7-D3D0-31AB893CC278</generatorID>
<ownerDesignName>dominos_pizzaoficial</ownerDesignName>
<useDomainConstraints>false</useDomainConstraints>
<use>1</use>
<logicalDatatype>LOGDT011</logicalDatatype>
<ownDataTypeParameters>,,</ownDataTypeParameters>
<previousColumn>false</previousColumn>
<autoIncrementCycle>false</autoIncrementCycle>
<associations>
<colAssociation fkAssociation="6D522167-DAC4-BD9C-294F-6C745D5CCF4C" referredColumn="EB189444-2D3F-5D90-2003-EE8CC09D418E"/>
</associations>
</Column>
</columns>
<indexes itemClass="oracle.dbtools.crest.model.design.relational.Index">
<ind_PK_UK id="127643FB-8ECC-5870-F833-EA2D54A9CE0E" name="CATEGORIA_PK">
<createdBy>rm73756</createdBy>
<createdTime>2015-10-02 14:07:04 UTC</createdTime>
<generatorID>1D290FA4-DAC4-D886-8551-24F0EAA73B78</generatorID>
<ownerDesignName>dominos_pizzaoficial</ownerDesignName>
<pk>true</pk>
<indexState>Primary Constraint</indexState>
<isSurrogateKey>false</isSurrogateKey>
<indexColumnUsage>
<colUsage columnID="EB189444-2D3F-5D90-2003-EE8CC09D418E"/>
</indexColumnUsage>
</ind_PK_UK>
<ind_PK_UK id="65C36AA2-7AA2-049B-891E-780A7969F090" name="CATEGORIA_CATEGORIA_FK">
<createdBy>rm73756</createdBy>
<createdTime>2015-10-02 14:07:04 UTC</createdTime>
<generatorID>E04E2553-3902-DEBD-CE32-0EC8FF1E8122</generatorID>
<ownerDesignName>dominos_pizzaoficial</ownerDesignName>
<indexState>Foreign Key</indexState>
<isSurrogateKey>false</isSurrogateKey>
<indexColumnUsage>
<colUsage columnID="CA8CDEAA-48DA-EB71-98DF-1FD5E40499DD"/>
</indexColumnUsage>
</ind_PK_UK>
</indexes>
</Table>