<?xml version = '1.0' encoding = 'UTF-8'?>
<Table class="oracle.dbtools.crest.model.design.relational.Table" directorySegmentName="seg_0" id="CE5A14C1-9556-AAC1-C12D-8146FC8636F9" name="PEDIDO">
<createdBy>rm73756</createdBy>
<createdTime>2015-10-02 14:07:04 UTC</createdTime>
<generatorID>DAEE8D96-E837-27B9-0844-F41BB1A8006C</generatorID>
<ownerDesignName>dominos_pizzaoficial</ownerDesignName>
<allowColumnReorder>false</allowColumnReorder>
<existDependencyGenerateInDDl>true</existDependencyGenerateInDDl>
<parsed>true</parsed>
<columns itemClass="oracle.dbtools.crest.model.design.relational.Column">
<Column name="cd_pedido" id="EBBCE1B0-59F2-F87F-382A-EFA0EA9DAE06">
<createdBy>rm73756</createdBy>
<createdTime>2015-10-02 14:07:04 UTC</createdTime>
<comment>Código do pedido.</comment>
<generatorID>D5F66298-FB8A-BC3F-5614-D4614AA5FBE9</generatorID>
<ownerDesignName>dominos_pizzaoficial</ownerDesignName>
<useDomainConstraints>false</useDomainConstraints>
<use>1</use>
<logicalDatatype>LOGDT011</logicalDatatype>
<ownDataTypeParameters>,,</ownDataTypeParameters>
<autoIncrementCycle>false</autoIncrementCycle>
</Column>
<Column name="dt_pedido" id="D328A977-84A2-45AA-CD09-E0BDBE008ECC">
<createdBy>rm73756</createdBy>
<createdTime>2015-10-02 14:07:04 UTC</createdTime>
<comment>Data do pedido</comment>
<generatorID>F35D94C9-AF6E-3856-0D10-BDBA3AD4740D</generatorID>
<ownerDesignName>dominos_pizzaoficial</ownerDesignName>
<nullsAllowed>true</nullsAllowed>
<useDomainConstraints>false</useDomainConstraints>
<use>1</use>
<logicalDatatype>LOGDT007</logicalDatatype>
<ownDataTypeParameters>,,</ownDataTypeParameters>
<autoIncrementCycle>false</autoIncrementCycle>
</Column>
<Column name="ds_pedido" id="E5A76762-F3C5-6F92-6EF3-7ED1CD76CC20">
<createdBy>rm73756</createdBy>
<createdTime>2015-10-02 14:07:04 UTC</createdTime>
<comment>Descrição do pedido.</comment>
<generatorID>1DBBBAA1-7AEA-9C98-13FD-96DE9B533B1D</generatorID>
<ownerDesignName>dominos_pizzaoficial</ownerDesignName>
<nullsAllowed>true</nullsAllowed>
<useDomainConstraints>false</useDomainConstraints>
<use>1</use>
<logicalDatatype>LOGDT024</logicalDatatype>
<dataTypeSize>150</dataTypeSize>
<ownDataTypeParameters>150,,</ownDataTypeParameters>
<autoIncrementCycle>false</autoIncrementCycle>
</Column>
<Column name="tp_pedido" id="3B6B30E0-D965-099E-DDC3-CA58EADEABF2">
<createdBy>rm73756</createdBy>
<createdTime>2015-10-02 14:07:04 UTC</createdTime>
<comment>Tipo do pedido.</comment>
<generatorID>5FD92EB1-5A7C-414F-5CFE-880BE04CBAFB</generatorID>
<ownerDesignName>dominos_pizzaoficial</ownerDesignName>
<nullsAllowed>true</nullsAllowed>
<useDomainConstraints>false</useDomainConstraints>
<use>1</use>
<logicalDatatype>LOGDT025</logicalDatatype>
<dataTypeSize>20</dataTypeSize>
<ownDataTypeParameters>20,,</ownDataTypeParameters>
<autoIncrementCycle>false</autoIncrementCycle>
</Column>
<Column name="CLIENTE_cd_cliente" id="73883571-234E-F1C4-A18B-70FC2C8D1377">
<createdBy>rm73756</createdBy>
<createdTime>2015-10-02 14:07:04 UTC</createdTime>
<comment>Código do cliente.</comment>
<generatorID>1E16AA38-661B-80BF-C26A-4843269F59D6</generatorID>
<ownerDesignName>dominos_pizzaoficial</ownerDesignName>
<useDomainConstraints>false</useDomainConstraints>
<use>1</use>
<logicalDatatype>LOGDT011</logicalDatatype>
<ownDataTypeParameters>,,</ownDataTypeParameters>
<previousColumn>false</previousColumn>
<autoIncrementCycle>false</autoIncrementCycle>
<associations>
<colAssociation fkAssociation="8C2F5D38-7B1F-5A71-4B13-658998DDB202" referredColumn="D7B6574E-A8A6-CA00-DEB0-B6581C676ABC"/>
</associations>
</Column>
<Column name="METODO_PAGAMENTO_cd" id="74364BB5-2D32-4BEA-66D5-DEB44B95511E">
<createdBy>rm73756</createdBy>
<createdTime>2015-10-02 14:07:04 UTC</createdTime>
<comment>Código metodo de pagamento.</comment>
<generatorID>3520A2D5-23B9-7BF4-BD03-ED63004CE5DA</generatorID>
<ownerDesignName>dominos_pizzaoficial</ownerDesignName>
<useDomainConstraints>false</useDomainConstraints>
<use>1</use>
<logicalDatatype>LOGDT011</logicalDatatype>
<ownDataTypeParameters>,,</ownDataTypeParameters>
<previousColumn>false</previousColumn>
<autoIncrementCycle>false</autoIncrementCycle>
<associations>
<colAssociation fkAssociation="C61A8DA9-D30F-E213-8058-2AAC54F51E7B" referredColumn="56A69B2E-75D5-0445-BBFB-3F587D7A4B35"/>
</associations>
</Column>
<Column name="FILIAL_cd_filial" id="4C52449D-1C9E-1E63-A31A-C75849C6E125">
<createdBy>rm73756</createdBy>
<createdTime>2015-10-02 14:07:04 UTC</createdTime>
<comment>Código da filial.</comment>
<generatorID>3A1FDC6A-F083-769F-4A75-4ED553F5DA7E</generatorID>
<ownerDesignName>dominos_pizzaoficial</ownerDesignName>
<useDomainConstraints>false</useDomainConstraints>
<use>1</use>
<logicalDatatype>LOGDT011</logicalDatatype>
<ownDataTypeParameters>,,</ownDataTypeParameters>
<previousColumn>false</previousColumn>
<autoIncrementCycle>false</autoIncrementCycle>
<associations>
<colAssociation fkAssociation="7BE3127E-DF29-F15F-9630-EAB5843923A4" referredColumn="037D2694-F1EE-E61B-4B6E-54618A63059D"/>
</associations>
</Column>
<Column name="PRODUTO_ITEM_cd_produto_item" id="836BB410-87A1-A42D-645C-94645F53DEBF">
<createdBy>rm73756</createdBy>
<createdTime>2015-10-02 14:07:04 UTC</createdTime>
<comment>Código do item produto.</comment>
<generatorID>EC34F949-81D1-D642-E40A-F5B09BCBC390</generatorID>
<ownerDesignName>dominos_pizzaoficial</ownerDesignName>
<useDomainConstraints>false</useDomainConstraints>
<use>1</use>
<logicalDatatype>LOGDT011</logicalDatatype>
<ownDataTypeParameters>,,</ownDataTypeParameters>
<previousColumn>false</previousColumn>
<autoIncrementCycle>false</autoIncrementCycle>
<associations>
<colAssociation fkAssociation="4E8312AD-612F-861F-C2F3-832FE81D8EEA" referredColumn="5351555F-F0AE-A45D-47A7-CE058326AC63"/>
</associations>
</Column>
</columns>
<indexes itemClass="oracle.dbtools.crest.model.design.relational.Index">
<ind_PK_UK id="7CB5D792-2C03-0FD3-88D9-DA53211A6D1D" name="PEDIDO_PK">
<createdBy>rm73756</createdBy>
<createdTime>2015-10-02 14:07:04 UTC</createdTime>
<generatorID>F66A9A49-3781-0545-5AEC-4F953A97EED6</generatorID>
<ownerDesignName>dominos_pizzaoficial</ownerDesignName>
<pk>true</pk>
<indexState>Primary Constraint</indexState>
<isSurrogateKey>false</isSurrogateKey>
<indexColumnUsage>
<colUsage columnID="EBBCE1B0-59F2-F87F-382A-EFA0EA9DAE06"/>
</indexColumnUsage>
</ind_PK_UK>
<ind_PK_UK id="9982C267-98A5-045C-4034-0D599855D4A0" name="PEDIDO_CLIENTE_FK">
<createdBy>rm73756</createdBy>
<createdTime>2015-10-02 14:07:04 UTC</createdTime>
<generatorID>F0313BF3-AAD6-485F-7E5B-A4E594C2F30E</generatorID>
<ownerDesignName>dominos_pizzaoficial</ownerDesignName>
<indexState>Foreign Key</indexState>
<isSurrogateKey>false</isSurrogateKey>
<indexColumnUsage>
<colUsage columnID="73883571-234E-F1C4-A18B-70FC2C8D1377"/>
</indexColumnUsage>
</ind_PK_UK>
<ind_PK_UK id="84D98FC3-8778-09D4-114F-90C0DDEBEFE8" name="PEDIDO_METODO_PAGAMENTO_FK">
<createdBy>rm73756</createdBy>
<createdTime>2015-10-02 14:07:04 UTC</createdTime>
<generatorID>6EFE50FC-0915-1E01-6FE5-55A676C5829D</generatorID>
<ownerDesignName>dominos_pizzaoficial</ownerDesignName>
<indexState>Foreign Key</indexState>
<isSurrogateKey>false</isSurrogateKey>
<indexColumnUsage>
<colUsage columnID="74364BB5-2D32-4BEA-66D5-DEB44B95511E"/>
</indexColumnUsage>
</ind_PK_UK>
<ind_PK_UK id="505E7E36-5896-F87C-1214-6EFA11EFE732" name="PEDIDO_FILIAL_FK">
<createdBy>rm73756</createdBy>
<createdTime>2015-10-02 14:07:04 UTC</createdTime>
<generatorID>D4145AAF-EB2F-6260-C718-F57859C05F0E</generatorID>
<ownerDesignName>dominos_pizzaoficial</ownerDesignName>
<indexState>Foreign Key</indexState>
<isSurrogateKey>false</isSurrogateKey>
<indexColumnUsage>
<colUsage columnID="4C52449D-1C9E-1E63-A31A-C75849C6E125"/>
</indexColumnUsage>
</ind_PK_UK>
<ind_PK_UK id="206791C9-6650-5F32-41B4-DAA4FB37DA48" name="PEDIDO_PRODUTO_ITEM_FK">
<createdBy>rm73756</createdBy>
<createdTime>2015-10-02 14:07:04 UTC</createdTime>
<generatorID>0791032C-8286-20EA-7AB7-AC224F11DC81</generatorID>
<ownerDesignName>dominos_pizzaoficial</ownerDesignName>
<indexState>Foreign Key</indexState>
<isSurrogateKey>false</isSurrogateKey>
<indexColumnUsage>
<colUsage columnID="836BB410-87A1-A42D-645C-94645F53DEBF"/>
</indexColumnUsage>
</ind_PK_UK>
</indexes>
</Table>