<?xml version = '1.0' encoding = 'UTF-8'?>
<Table class="oracle.dbtools.crest.model.design.relational.Table" directorySegmentName="seg_0" id="DDE0DECD-3023-06B4-313C-42374992099D" name="ENDERECO">
<createdBy>rm73756</createdBy>
<createdTime>2015-10-02 14:07:04 UTC</createdTime>
<generatorID>D8D9313A-02DF-AB02-E349-BA4E9215CA90</generatorID>
<ownerDesignName>dominos_pizzaoficial</ownerDesignName>
<allowColumnReorder>false</allowColumnReorder>
<existDependencyGenerateInDDl>true</existDependencyGenerateInDDl>
<parsed>true</parsed>
<columns itemClass="oracle.dbtools.crest.model.design.relational.Column">
<Column name="cd_endereco" id="9408B783-4972-15DD-E06A-CAC303724D50">
<createdBy>rm73756</createdBy>
<createdTime>2015-10-02 14:07:04 UTC</createdTime>
<comment>Código do endereço.</comment>
<generatorID>B50DA318-1DB2-B456-6533-7FCA916589D7</generatorID>
<ownerDesignName>dominos_pizzaoficial</ownerDesignName>
<useDomainConstraints>false</useDomainConstraints>
<use>1</use>
<logicalDatatype>LOGDT011</logicalDatatype>
<ownDataTypeParameters>,,</ownDataTypeParameters>
<autoIncrementCycle>false</autoIncrementCycle>
</Column>
<Column name="nm_endereco" id="04CBF89F-BC40-43C8-1D37-E5EB8D1DD88D">
<createdBy>rm73756</createdBy>
<createdTime>2015-10-02 14:07:04 UTC</createdTime>
<comment>Nome do endereço.</comment>
<generatorID>CBBF291A-964A-6ABC-8C9F-9CBC66079094</generatorID>
<ownerDesignName>dominos_pizzaoficial</ownerDesignName>
<nullsAllowed>true</nullsAllowed>
<useDomainConstraints>false</useDomainConstraints>
<use>1</use>
<logicalDatatype>LOGDT024</logicalDatatype>
<dataTypeSize>60</dataTypeSize>
<ownDataTypeParameters>60,,</ownDataTypeParameters>
<autoIncrementCycle>false</autoIncrementCycle>
</Column>
<Column name="nu_endereco" id="6A20CB95-B8D6-2777-D411-D39FF5DC12C9">
<createdBy>rm73756</createdBy>
<createdTime>2015-10-02 14:07:04 UTC</createdTime>
<comment>Número do endereço.</comment>
<generatorID>416C0720-B044-2721-024C-AE488575CBED</generatorID>
<ownerDesignName>dominos_pizzaoficial</ownerDesignName>
<useDomainConstraints>false</useDomainConstraints>
<use>1</use>
<logicalDatatype>LOGDT025</logicalDatatype>
<dataTypeSize>16</dataTypeSize>
<ownDataTypeParameters>16,,</ownDataTypeParameters>
<autoIncrementCycle>false</autoIncrementCycle>
</Column>
<Column name="nu_cep" id="F4B7D9F6-7DF9-5E10-40B8-625F1DBE9DE5">
<createdBy>rm73756</createdBy>
<createdTime>2015-10-02 14:07:04 UTC</createdTime>
<comment>Número do CEP.</comment>
<generatorID>3EE83F8A-E0F3-1EC3-4428-A0345CEA497B</generatorID>
<ownerDesignName>dominos_pizzaoficial</ownerDesignName>
<useDomainConstraints>false</useDomainConstraints>
<use>1</use>
<logicalDatatype>LOGDT025</logicalDatatype>
<dataTypeSize>9</dataTypeSize>
<ownDataTypeParameters>9,,</ownDataTypeParameters>
<autoIncrementCycle>false</autoIncrementCycle>
</Column>
<Column name="ds_endereco" id="CEC25FDF-A46D-4CCB-C27E-72F948D3D506">
<createdBy>rm73756</createdBy>
<createdTime>2015-10-02 14:07:04 UTC</createdTime>
<comment>Descrição do endereço.</comment>
<generatorID>45E50C2C-738C-CAE4-1FB3-FF78B2958732</generatorID>
<ownerDesignName>dominos_pizzaoficial</ownerDesignName>
<useDomainConstraints>false</useDomainConstraints>
<use>1</use>
<logicalDatatype>LOGDT024</logicalDatatype>
<dataTypeSize>200</dataTypeSize>
<ownDataTypeParameters>200,,</ownDataTypeParameters>
<autoIncrementCycle>false</autoIncrementCycle>
</Column>
<Column name="nm_bairro" id="1906483D-DFF5-A3E3-D629-69F464BC8EC8">
<createdBy>rm73756</createdBy>
<createdTime>2015-10-02 14:07:04 UTC</createdTime>
<comment>Nome do Bairro.</comment>
<generatorID>63C8C461-5F3E-0DA2-E8DA-1DFC9B487166</generatorID>
<ownerDesignName>dominos_pizzaoficial</ownerDesignName>
<nullsAllowed>true</nullsAllowed>
<useDomainConstraints>false</useDomainConstraints>
<use>1</use>
<logicalDatatype>LOGDT024</logicalDatatype>
<dataTypeSize>50</dataTypeSize>
<ownDataTypeParameters>50,,</ownDataTypeParameters>
<autoIncrementCycle>false</autoIncrementCycle>
</Column>
<Column name="MUNICIPIO_cd_municipio" id="5A33E4FA-EDF7-03FD-3411-3034A41DA3F6">
<createdBy>rm73756</createdBy>
<createdTime>2015-10-02 14:07:04 UTC</createdTime>
<comment>Código do municipio.</comment>
<generatorID>09064EC1-619B-AF55-56AF-FEB14CEBA8DF</generatorID>
<ownerDesignName>dominos_pizzaoficial</ownerDesignName>
<useDomainConstraints>false</useDomainConstraints>
<use>1</use>
<logicalDatatype>LOGDT011</logicalDatatype>
<ownDataTypeParameters>,,</ownDataTypeParameters>
<previousColumn>false</previousColumn>
<autoIncrementCycle>false</autoIncrementCycle>
<associations>
<colAssociation fkAssociation="9332C117-AE09-6358-61D8-FEEB28C15BF6" referredColumn="1B558587-7EDA-59B6-11F8-E0256EE085A5"/>
</associations>
</Column>
<Column name="FILIAL_cd_filial" id="4D60EAA4-43A7-280D-6D3C-A977583AB6FA">
<createdBy>rm73756</createdBy>
<createdTime>2015-10-02 14:07:04 UTC</createdTime>
<comment>Código da filial.</comment>
<generatorID>EAF8BB84-3FAB-DD23-A936-40FC27D696F3</generatorID>
<ownerDesignName>dominos_pizzaoficial</ownerDesignName>
<useDomainConstraints>false</useDomainConstraints>
<use>1</use>
<logicalDatatype>LOGDT011</logicalDatatype>
<ownDataTypeParameters>,,</ownDataTypeParameters>
<previousColumn>false</previousColumn>
<autoIncrementCycle>false</autoIncrementCycle>
<associations>
<colAssociation fkAssociation="9926D00B-A77E-2D72-DE44-AD1218B94DBB" referredColumn="037D2694-F1EE-E61B-4B6E-54618A63059D"/>
</associations>
</Column>
</columns>
<indexes itemClass="oracle.dbtools.crest.model.design.relational.Index">
<ind_PK_UK id="43F26EE3-4F70-3665-92A9-8480C3AA7F6B" name="ENDERECO_PK">
<createdBy>rm73756</createdBy>
<createdTime>2015-10-02 14:07:04 UTC</createdTime>
<generatorID>593A3CFE-9026-1321-99F8-AF22D2D1FB21</generatorID>
<ownerDesignName>dominos_pizzaoficial</ownerDesignName>
<pk>true</pk>
<indexState>Primary Constraint</indexState>
<isSurrogateKey>false</isSurrogateKey>
<indexColumnUsage>
<colUsage columnID="9408B783-4972-15DD-E06A-CAC303724D50"/>
</indexColumnUsage>
</ind_PK_UK>
<ind_PK_UK id="F4746EF7-B002-84B2-E3A4-59B567759081" name="ENDERECO_FILIAL_FK">
<createdBy>rm73756</createdBy>
<createdTime>2015-10-02 14:07:04 UTC</createdTime>
<generatorID>EEA7E35D-8987-50BF-BFAA-A53CCA799B01</generatorID>
<ownerDesignName>dominos_pizzaoficial</ownerDesignName>
<indexState>Foreign Key</indexState>
<isSurrogateKey>false</isSurrogateKey>
<indexColumnUsage>
<colUsage columnID="4D60EAA4-43A7-280D-6D3C-A977583AB6FA"/>
</indexColumnUsage>
</ind_PK_UK>
<ind_PK_UK id="5825B760-36D9-8C59-75C0-90E91102FBAC" name="ENDERECO_MUNICIPIO_FK">
<createdBy>rm73756</createdBy>
<createdTime>2015-10-02 14:07:04 UTC</createdTime>
<generatorID>61AA88B2-0CFD-B244-143C-07D6CB109938</generatorID>
<ownerDesignName>dominos_pizzaoficial</ownerDesignName>
<indexState>Foreign Key</indexState>
<isSurrogateKey>false</isSurrogateKey>
<indexColumnUsage>
<colUsage columnID="5A33E4FA-EDF7-03FD-3411-3034A41DA3F6"/>
</indexColumnUsage>
</ind_PK_UK>
</indexes>
</Table>