<?xml version = '1.0' encoding = 'UTF-8'?>
<Table class="oracle.dbtools.crest.model.design.relational.Table" directorySegmentName="seg_0" id="F152A2D5-5426-27E5-A3D3-D9F06BDA1276" name="TELEFONE">
<createdBy>rm73756</createdBy>
<createdTime>2015-10-02 14:07:04 UTC</createdTime>
<generatorID>BD62A546-FFCB-10A7-88E9-7818B08D3161</generatorID>
<ownerDesignName>dominos_pizzaoficial</ownerDesignName>
<allowColumnReorder>false</allowColumnReorder>
<existDependencyGenerateInDDl>true</existDependencyGenerateInDDl>
<parsed>true</parsed>
<columns itemClass="oracle.dbtools.crest.model.design.relational.Column">
<Column name="cd_telefone" id="3215CC1B-6770-2605-7C4B-152A58282FCE">
<createdBy>rm73756</createdBy>
<createdTime>2015-10-02 14:07:04 UTC</createdTime>
<comment>Código do telefone.</comment>
<generatorID>061127CE-A089-CE4D-F96A-B1B4679970DF</generatorID>
<ownerDesignName>dominos_pizzaoficial</ownerDesignName>
<useDomainConstraints>false</useDomainConstraints>
<use>1</use>
<logicalDatatype>LOGDT011</logicalDatatype>
<ownDataTypeParameters>,,</ownDataTypeParameters>
<autoIncrementCycle>false</autoIncrementCycle>
</Column>
<Column name="nu_telefone" id="150C0E2F-DB82-2A0B-9650-B1C46C5A9645">
<createdBy>rm73756</createdBy>
<createdTime>2015-10-02 14:07:04 UTC</createdTime>
<comment>Número do telefone.</comment>
<generatorID>FE9BF529-A5E6-8F77-E671-8883F39E7E8A</generatorID>
<ownerDesignName>dominos_pizzaoficial</ownerDesignName>
<useDomainConstraints>false</useDomainConstraints>
<use>1</use>
<logicalDatatype>LOGDT025</logicalDatatype>
<dataTypeSize>9</dataTypeSize>
<ownDataTypeParameters>9,,</ownDataTypeParameters>
<autoIncrementCycle>false</autoIncrementCycle>
</Column>
<Column name="nu_ddd" id="2C50307F-E01B-1C8A-2489-2B8CACB710B6">
<createdBy>rm73756</createdBy>
<createdTime>2015-10-02 14:07:04 UTC</createdTime>
<comment>Número do DDD.</comment>
<generatorID>410DEC7C-AF84-56BB-9B6A-76B727282E0D</generatorID>
<ownerDesignName>dominos_pizzaoficial</ownerDesignName>
<useDomainConstraints>false</useDomainConstraints>
<use>1</use>
<logicalDatatype>LOGDT025</logicalDatatype>
<dataTypeSize>3</dataTypeSize>
<ownDataTypeParameters>3,,</ownDataTypeParameters>
<autoIncrementCycle>false</autoIncrementCycle>
</Column>
<Column name="tp_telefone" id="729A3C82-0550-32E2-233E-D0AE5E7017CA">
<createdBy>rm73756</createdBy>
<createdTime>2015-10-02 14:07:04 UTC</createdTime>
<comment>Tipo do telefone.</comment>
<generatorID>80A5F330-A9F9-7EF5-E02D-1E5DCCA92A9B</generatorID>
<ownerDesignName>dominos_pizzaoficial</ownerDesignName>
<nullsAllowed>true</nullsAllowed>
<useDomainConstraints>false</useDomainConstraints>
<use>1</use>
<logicalDatatype>LOGDT025</logicalDatatype>
<dataTypeSize>15</dataTypeSize>
<ownDataTypeParameters>15,,</ownDataTypeParameters>
<autoIncrementCycle>false</autoIncrementCycle>
</Column>
<Column name="CLIENTE_cd_cliente" id="CDCCCCA0-DADF-D48B-9628-E5A00A09CD08">
<createdBy>rm73756</createdBy>
<createdTime>2015-10-02 14:07:04 UTC</createdTime>
<comment>Código do cliente.</comment>
<generatorID>96290467-1B6B-19F0-E02B-84943211ED25</generatorID>
<ownerDesignName>dominos_pizzaoficial</ownerDesignName>
<useDomainConstraints>false</useDomainConstraints>
<use>1</use>
<logicalDatatype>LOGDT011</logicalDatatype>
<ownDataTypeParameters>,,</ownDataTypeParameters>
<previousColumn>false</previousColumn>
<autoIncrementCycle>false</autoIncrementCycle>
<associations>
<colAssociation fkAssociation="9AC6776B-226D-8185-C4E4-B526B5A15577" referredColumn="D7B6574E-A8A6-CA00-DEB0-B6581C676ABC"/>
</associations>
</Column>
<Column name="FUNCIONARIO_cd_funcionario" id="9B2D5961-BC2B-9177-CE1E-5487023AC91D">
<createdBy>rm73756</createdBy>
<createdTime>2015-10-02 14:07:04 UTC</createdTime>
<comment>Código do funcionario.</comment>
<generatorID>2A8306DE-3284-EF5D-C989-4F43694479CA</generatorID>
<ownerDesignName>dominos_pizzaoficial</ownerDesignName>
<useDomainConstraints>false</useDomainConstraints>
<use>1</use>
<logicalDatatype>LOGDT011</logicalDatatype>
<ownDataTypeParameters>,,</ownDataTypeParameters>
<previousColumn>false</previousColumn>
<autoIncrementCycle>false</autoIncrementCycle>
<associations>
<colAssociation fkAssociation="0ABCE6CC-0568-D211-16C0-F80619A4C92F" referredColumn="6B075CFB-87E4-0AEA-FBCE-C5F42F598066"/>
</associations>
</Column>
<Column name="FILIAL_cd_filial" id="62A7EDB9-41CF-01BF-CE08-2D17A4C1163D">
<createdBy>rm73756</createdBy>
<createdTime>2015-10-02 14:07:04 UTC</createdTime>
<comment>Código da filial.</comment>
<generatorID>42EC6F51-0618-FC2B-F82E-E340B49FD0A3</generatorID>
<ownerDesignName>dominos_pizzaoficial</ownerDesignName>
<useDomainConstraints>false</useDomainConstraints>
<use>1</use>
<logicalDatatype>LOGDT011</logicalDatatype>
<ownDataTypeParameters>,,</ownDataTypeParameters>
<previousColumn>false</previousColumn>
<autoIncrementCycle>false</autoIncrementCycle>
<associations>
<colAssociation fkAssociation="3F6A22A9-908F-4607-BFFE-F26C429ED6F0" referredColumn="037D2694-F1EE-E61B-4B6E-54618A63059D"/>
</associations>
</Column>
</columns>
<indexes itemClass="oracle.dbtools.crest.model.design.relational.Index">
<ind_PK_UK id="E2003962-B8CB-CC4F-76FD-01BF25900085" name="TELEFONE_PK">
<createdBy>rm73756</createdBy>
<createdTime>2015-10-02 14:07:04 UTC</createdTime>
<generatorID>A0EE39FC-4C70-869A-FBA4-87E02941ABB9</generatorID>
<ownerDesignName>dominos_pizzaoficial</ownerDesignName>
<pk>true</pk>
<indexState>Primary Constraint</indexState>
<isSurrogateKey>false</isSurrogateKey>
<indexColumnUsage>
<colUsage columnID="3215CC1B-6770-2605-7C4B-152A58282FCE"/>
</indexColumnUsage>
</ind_PK_UK>
<ind_PK_UK id="0D4375D2-7B95-2716-25EA-247DB0B3A497" name="TELEFONE_CLIENTE_FK">
<createdBy>rm73756</createdBy>
<createdTime>2015-10-02 14:07:04 UTC</createdTime>
<generatorID>174EC910-7FC4-A4FB-AFE1-E0472D6BA70E</generatorID>
<ownerDesignName>dominos_pizzaoficial</ownerDesignName>
<indexState>Foreign Key</indexState>
<isSurrogateKey>false</isSurrogateKey>
<indexColumnUsage>
<colUsage columnID="CDCCCCA0-DADF-D48B-9628-E5A00A09CD08"/>
</indexColumnUsage>
</ind_PK_UK>
<ind_PK_UK id="5C288EEA-1B50-F6C4-9551-F264FF17C4EC" name="TELEFONE_FUNCIONARIO_FK">
<createdBy>rm73756</createdBy>
<createdTime>2015-10-02 14:07:04 UTC</createdTime>
<generatorID>2E310DF7-2B04-1D78-B4B1-6413C259D0B4</generatorID>
<ownerDesignName>dominos_pizzaoficial</ownerDesignName>
<indexState>Foreign Key</indexState>
<isSurrogateKey>false</isSurrogateKey>
<indexColumnUsage>
<colUsage columnID="9B2D5961-BC2B-9177-CE1E-5487023AC91D"/>
</indexColumnUsage>
</ind_PK_UK>
<ind_PK_UK id="BBF271A0-B82F-9D1A-9B78-F798CCC7770D" name="TELEFONE_FILIAL_FK">
<createdBy>rm73756</createdBy>
<createdTime>2015-10-02 14:07:04 UTC</createdTime>
<generatorID>FF5F87DA-1B0D-65D5-0F52-E435F56C10A4</generatorID>
<ownerDesignName>dominos_pizzaoficial</ownerDesignName>
<indexState>Foreign Key</indexState>
<isSurrogateKey>false</isSurrogateKey>
<indexColumnUsage>
<colUsage columnID="62A7EDB9-41CF-01BF-CE08-2D17A4C1163D"/>
</indexColumnUsage>
</ind_PK_UK>
</indexes>
</Table>