<?xml version = '1.0' encoding = 'UTF-8'?>
<Diagram class="oracle.dbtools.crest.swingui.logical.DPVLogical" name="Logical" id="A1D0D64D-6B2A-7E77-4922-028AAA3318C0">
<createdBy>Administrador</createdBy>
<createdTime>2015-09-22 02:23:03 UTC</createdTime>
<autoRoute>false</autoRoute>
<boxInbox>true</boxInbox>
<showLegend>false</showLegend>
<showLabels>false</showLabels>
<showRelAttributes>false</showRelAttributes>
<showGrid>false</showGrid>
<diagramColor>-1</diagramColor>
<display>false</display>
<notation>1</notation>
<objectViews>
<OView class="oracle.dbtools.crest.swingui.logical.TVEntity" oid="0A18AD46-D6A4-0518-1BD0-47F7EB20A3F9" otype="Entity" vid="D4B25ACC-384A-D529-962C-5AF23892036D">
<hideElementsInCurrentOnly>false</hideElementsInCurrentOnly>
<bounds x="104" y="1162" width="170" height="180"/>
</OView>
<OView class="oracle.dbtools.crest.swingui.logical.TVEntity" oid="105EFDC0-C61E-BD65-B157-DF3872AA81AE" otype="Entity" vid="8208E58A-BE8E-6C4F-1916-58EB7208C369">
<hideElementsInCurrentOnly>false</hideElementsInCurrentOnly>
<bounds x="1380" y="446" width="170" height="110"/>
</OView>
<OView class="oracle.dbtools.crest.swingui.logical.TVEntity" oid="16C24FC8-5D60-2A11-4D98-1956FD758B39" otype="Entity" vid="DDD962F7-3C00-7C0C-237B-55A86F642177">
<hideElementsInCurrentOnly>false</hideElementsInCurrentOnly>
<bounds x="698" y="1114" width="170" height="110"/>
</OView>
<OView class="oracle.dbtools.crest.swingui.logical.TVEntity" oid="173EAA54-7343-6438-16E2-071A702C3BF3" otype="Entity" vid="A693C42A-31FA-B5E8-425D-6824EF9EACA4">
<hideElementsInCurrentOnly>false</hideElementsInCurrentOnly>
<bounds x="434" y="1009" width="170" height="131"/>
</OView>
<OView class="oracle.dbtools.crest.swingui.logical.TVEntity" oid="181504C2-7113-4353-5C8F-1B26ABC10BC3" otype="Entity" vid="9C8B0229-60BE-261D-2D29-153419052C2F">
<hideElementsInCurrentOnly>false</hideElementsInCurrentOnly>
<bounds x="9" y="741" width="170" height="110"/>
</OView>
<OView class="oracle.dbtools.crest.swingui.logical.TVEntity" oid="30B83715-CA4D-BD89-638A-CEB0F018D8EB" otype="Entity" vid="A27ACC6D-5F1D-0FA2-9BFF-8F62205C42D6">
<hideElementsInCurrentOnly>false</hideElementsInCurrentOnly>
<bounds x="1081" y="792" width="170" height="110"/>
</OView>
<OView class="oracle.dbtools.crest.swingui.logical.TVEntity" oid="42B3DDBA-3BF7-E88C-B2DE-3596476BADB1" otype="Entity" vid="4B001A70-97D9-6142-38E0-26F9DA65B83E">
<hideElementsInCurrentOnly>false</hideElementsInCurrentOnly>
<bounds x="10" y="537" width="170" height="110"/>
</OView>
<OView class="oracle.dbtools.crest.swingui.logical.TVEntity" oid="45ADE7ED-17CD-4B3D-E125-FC913430FBE4" otype="Entity" vid="2AD3D6BF-F685-7CEA-80A9-AF83F2CF642A">
<hideElementsInCurrentOnly>false</hideElementsInCurrentOnly>
<bounds x="1087" y="284" width="170" height="128"/>
</OView>
<OView class="oracle.dbtools.crest.swingui.logical.TVEntity" oid="5EFBC489-A8C5-1E64-E1EB-E07A0E9484B9" otype="Entity" vid="336EAC6C-2108-27D6-2F18-86A875B56FFB">
<hideElementsInCurrentOnly>false</hideElementsInCurrentOnly>
<bounds x="814" y="888" width="170" height="106"/>
</OView>
<OView class="oracle.dbtools.crest.swingui.logical.TVEntity" oid="62326D6D-2EC4-4AEB-1D53-6D11085F1A68" otype="Entity" vid="0B35527C-8919-6DBE-DDB3-01F5F519C6BC">
<hideElementsInCurrentOnly>false</hideElementsInCurrentOnly>
<bounds x="799" y="491" width="170" height="155"/>
</OView>
<OView class="oracle.dbtools.crest.swingui.logical.TVEntity" oid="810E73AA-71A2-EBA6-052C-E57A85F1F258" otype="Entity" vid="DD1F4531-57D3-CF65-99D9-2FB6A13499FF">
<hideElementsInCurrentOnly>false</hideElementsInCurrentOnly>
<bounds x="1388" y="799" width="170" height="110"/>
</OView>
<OView class="oracle.dbtools.crest.swingui.logical.TVEntity" oid="90621D97-A6D5-8EC9-3275-5445D882C4B1" otype="Entity" vid="50F1ABE7-00C1-B55D-AA57-82A776D4F591">
<hideElementsInCurrentOnly>false</hideElementsInCurrentOnly>
<bounds x="268" y="660" width="170" height="110"/>
</OView>
<OView class="oracle.dbtools.crest.swingui.logical.TVEntity" oid="95BA82BD-8F38-AAC4-7292-18BD27191A93" otype="Entity" vid="9571E991-BE55-8A1E-9140-C9AAD1C62AEA">
<hideElementsInCurrentOnly>false</hideElementsInCurrentOnly>
<bounds x="580" y="716" width="170" height="110"/>
</OView>
<OView class="oracle.dbtools.crest.swingui.logical.TVEntity" oid="B73455B9-C964-C78F-3CFE-C6A5DC5B37D8" otype="Entity" vid="7F8CFF73-BDEB-31F8-6D74-1DF0EBF16286">
<hideElementsInCurrentOnly>false</hideElementsInCurrentOnly>
<bounds x="1379" y="615" width="170" height="110"/>
</OView>
<OView class="oracle.dbtools.crest.swingui.logical.TVEntity" oid="BD62A546-FFCB-10A7-88E9-7818B08D3161" otype="Entity" vid="FC992297-A2E4-63BF-035C-01351C1BBD92">
<hideElementsInCurrentOnly>false</hideElementsInCurrentOnly>
<bounds x="1090" y="547" width="170" height="154"/>
</OView>
<OView class="oracle.dbtools.crest.swingui.logical.TVEntity" oid="D8D9313A-02DF-AB02-E349-BA4E9215CA90" otype="Entity" vid="9F401E3E-09A0-01ED-CD42-AAF77B9D9B18">
<hideElementsInCurrentOnly>false</hideElementsInCurrentOnly>
<bounds x="1387" y="107" width="170" height="110"/>
</OView>
<OView class="oracle.dbtools.crest.swingui.logical.TVEntity" oid="DAEE8D96-E837-27B9-0844-F41BB1A8006C" otype="Entity" vid="1A6D209D-A770-545B-35C0-17FE783B5129">
<hideElementsInCurrentOnly>false</hideElementsInCurrentOnly>
<bounds x="475" y="268" width="170" height="167"/>
</OView>
<OView class="oracle.dbtools.crest.swingui.logical.TVEntity" oid="E17FC3F9-1D4D-F74B-CDF3-71C3F5AA519B" otype="Entity" vid="E32EBAC1-3766-EC0E-AEC6-EEB551E9EA23">
<hideElementsInCurrentOnly>false</hideElementsInCurrentOnly>
<bounds x="1381" y="282" width="170" height="110"/>
</OView>
</objectViews>
<connectors>
<Connector class="oracle.dbtools.crest.swingui.logical.TVRelation" oid="0791032C-8286-20EA-7AB7-AC224F11DC81" otype="Relation" vid_source="50F1ABE7-00C1-B55D-AA57-82A776D4F591" vid_target="1A6D209D-A770-545B-35C0-17FE783B5129">
<hideElementsInCurrentOnly>false</hideElementsInCurrentOnly>
<lineWidth>1</lineWidth>
<points>
<point x="333" y="660"/>
<point x="333" y="411"/>
<point x="475" y="411"/>
</points>
</Connector>
<Connector class="oracle.dbtools.crest.swingui.logical.TVRelation" oid="0E92D136-5EF3-987F-9398-0F92FCC8D595" otype="Relation" vid_source="0B35527C-8919-6DBE-DDB3-01F5F519C6BC" vid_target="9F401E3E-09A0-01ED-CD42-AAF77B9D9B18">
<hideElementsInCurrentOnly>false</hideElementsInCurrentOnly>
<lineWidth>1</lineWidth>
<points>
<point x="958" y="491"/>
<point x="958" y="203"/>
<point x="1387" y="203"/>
</points>
</Connector>
<Connector class="oracle.dbtools.crest.swingui.logical.TVRelation" oid="105476FA-1C56-D5B2-399F-F4A778BAB9E8" otype="Relation" vid_source="9571E991-BE55-8A1E-9140-C9AAD1C62AEA" vid_target="D4B25ACC-384A-D529-962C-5AF23892036D">
<hideElementsInCurrentOnly>false</hideElementsInCurrentOnly>
<lineWidth>1</lineWidth>
<points>
<point x="580" y="826"/>
<point x="226" y="828"/>
<point x="226" y="1162"/>
</points>
</Connector>
<Connector class="oracle.dbtools.crest.swingui.logical.TVRelation" oid="174EC910-7FC4-A4FB-AFE1-E0472D6BA70E" otype="Relation" vid_source="0B35527C-8919-6DBE-DDB3-01F5F519C6BC" vid_target="FC992297-A2E4-63BF-035C-01351C1BBD92">
<hideElementsInCurrentOnly>false</hideElementsInCurrentOnly>
<lineWidth>1</lineWidth>
<points>
<point x="969" y="596"/>
<point x="1090" y="596"/>
</points>
</Connector>
<Connector class="oracle.dbtools.crest.swingui.logical.TVRelation" oid="2E310DF7-2B04-1D78-B4B1-6413C259D0B4" otype="Relation" vid_source="336EAC6C-2108-27D6-2F18-86A875B56FFB" vid_target="FC992297-A2E4-63BF-035C-01351C1BBD92">
<hideElementsInCurrentOnly>false</hideElementsInCurrentOnly>
<lineWidth>1</lineWidth>
<points>
<point x="830" y="888"/>
<point x="830" y="652"/>
<point x="1090" y="652"/>
</points>
</Connector>
<Connector class="oracle.dbtools.crest.swingui.logical.TVRelation" oid="386E1C5E-E0F0-B9B5-A2A9-5D9925389EAE" otype="Relation" vid_source="7F8CFF73-BDEB-31F8-6D74-1DF0EBF16286" vid_target="8208E58A-BE8E-6C4F-1916-58EB7208C369">
<hideElementsInCurrentOnly>false</hideElementsInCurrentOnly>
<lineWidth>1</lineWidth>
<points>
<point x="1464" y="615"/>
<point x="1464" y="556"/>
</points>
</Connector>
<Connector class="oracle.dbtools.crest.swingui.logical.TVRelation" oid="4CB041C6-5BAF-89EA-9C6B-3A86AB3FCC3B" otype="Relation" vid_source="9C8B0229-60BE-261D-2D29-153419052C2F" vid_target="4B001A70-97D9-6142-38E0-26F9DA65B83E">
<hideElementsInCurrentOnly>false</hideElementsInCurrentOnly>
<lineWidth>1</lineWidth>
<points>
<point x="94" y="741"/>
<point x="94" y="647"/>
</points>
</Connector>
<Connector class="oracle.dbtools.crest.swingui.logical.TVRelation" oid="61AA88B2-0CFD-B244-143C-07D6CB109938" otype="Relation" vid_source="E32EBAC1-3766-EC0E-AEC6-EEB551E9EA23" vid_target="9F401E3E-09A0-01ED-CD42-AAF77B9D9B18">
<hideElementsInCurrentOnly>false</hideElementsInCurrentOnly>
<lineWidth>1</lineWidth>
<points>
<point x="1469" y="282"/>
<point x="1469" y="217"/>
</points>
</Connector>
<Connector class="oracle.dbtools.crest.swingui.logical.TVRelation" oid="67FD1117-6308-0BDE-7AFB-4B0B88DAAF5C" otype="Relation" vid_source="A27ACC6D-5F1D-0FA2-9BFF-8F62205C42D6" vid_target="336EAC6C-2108-27D6-2F18-86A875B56FFB">
<hideElementsInCurrentOnly>false</hideElementsInCurrentOnly>
<lineWidth>1</lineWidth>
<points>
<point x="1081" y="895"/>
<point x="984" y="895"/>
</points>
</Connector>
<Connector class="oracle.dbtools.crest.swingui.logical.TVRelation" oid="69186EB9-7852-22B5-3D9E-79282573FA07" otype="Relation" vid_source="DD1F4531-57D3-CF65-99D9-2FB6A13499FF" vid_target="7F8CFF73-BDEB-31F8-6D74-1DF0EBF16286">
<hideElementsInCurrentOnly>false</hideElementsInCurrentOnly>
<lineWidth>1</lineWidth>
<points>
<point x="1468" y="799"/>
<point x="1468" y="725"/>
</points>
</Connector>
<Connector class="oracle.dbtools.crest.swingui.logical.TVRelation" oid="6EFE50FC-0915-1E01-6FE5-55A676C5829D" otype="Relation" vid_source="4B001A70-97D9-6142-38E0-26F9DA65B83E" vid_target="1A6D209D-A770-545B-35C0-17FE783B5129">
<hideElementsInCurrentOnly>false</hideElementsInCurrentOnly>
<lineWidth>1</lineWidth>
<points>
<point x="180" y="587"/>
<point x="514" y="587"/>
<point x="514" y="435"/>
</points>
</Connector>
<Connector class="oracle.dbtools.crest.swingui.logical.TVRelation" oid="6F1BCD80-A435-3255-C512-48D15945D645" otype="Relation" vid_source="DDD962F7-3C00-7C0C-237B-55A86F642177" vid_target="D4B25ACC-384A-D529-962C-5AF23892036D">
<hideElementsInCurrentOnly>false</hideElementsInCurrentOnly>
<lineWidth>1</lineWidth>
<points>
<point x="698" y="1203"/>
<point x="274" y="1203"/>
</points>
</Connector>
<Connector class="oracle.dbtools.crest.swingui.logical.TVRelation" oid="9D0690EF-7C30-7852-F140-0F73BB0EFC94" otype="Relation" vid_source="336EAC6C-2108-27D6-2F18-86A875B56FFB" vid_target="336EAC6C-2108-27D6-2F18-86A875B56FFB">
<hideElementsInCurrentOnly>false</hideElementsInCurrentOnly>
<lineWidth>1</lineWidth>
<points>
<point x="938" y="994"/>
<point x="938" y="975"/>
<point x="938" y="1055"/>
<point x="828" y="1055"/>
<point x="828" y="994"/>
</points>
</Connector>
<Connector class="oracle.dbtools.crest.swingui.logical.TVRelation" oid="A253BE5B-9E18-FC2C-163B-438EA5EC02D3" otype="Relation" vid_source="8208E58A-BE8E-6C4F-1916-58EB7208C369" vid_target="E32EBAC1-3766-EC0E-AEC6-EEB551E9EA23">
<hideElementsInCurrentOnly>false</hideElementsInCurrentOnly>
<lineWidth>1</lineWidth>
<points>
<point x="1465" y="446"/>
<point x="1465" y="392"/>
</points>
</Connector>
<Connector class="oracle.dbtools.crest.swingui.logical.TVRelation" oid="BC5CA73F-D18A-61B7-04DC-10588EEE12AD" otype="Relation" vid_source="D4B25ACC-384A-D529-962C-5AF23892036D" vid_target="50F1ABE7-00C1-B55D-AA57-82A776D4F591">
<hideElementsInCurrentOnly>false</hideElementsInCurrentOnly>
<lineWidth>1</lineWidth>
<points>
<point x="274" y="1189"/>
<point x="369" y="1189"/>
<point x="369" y="770"/>
</points>
</Connector>
<Connector class="oracle.dbtools.crest.swingui.logical.TVRelation" oid="D4145AAF-EB2F-6260-C718-F57859C05F0E" otype="Relation" vid_source="2AD3D6BF-F685-7CEA-80A9-AF83F2CF642A" vid_target="1A6D209D-A770-545B-35C0-17FE783B5129">
<hideElementsInCurrentOnly>false</hideElementsInCurrentOnly>
<lineWidth>1</lineWidth>
<points>
<point x="1087" y="348"/>
<point x="645" y="348"/>
</points>
</Connector>
<Connector class="oracle.dbtools.crest.swingui.logical.TVRelation" oid="E04E2553-3902-DEBD-CE32-0EC8FF1E8122" otype="Relation" vid_source="9571E991-BE55-8A1E-9140-C9AAD1C62AEA" vid_target="9571E991-BE55-8A1E-9140-C9AAD1C62AEA">
<hideElementsInCurrentOnly>false</hideElementsInCurrentOnly>
<lineWidth>1</lineWidth>
<points>
<point x="750" y="771"/>
<point x="775" y="771"/>
<point x="775" y="851"/>
<point x="665" y="851"/>
<point x="665" y="826"/>
</points>
</Connector>
<Connector class="oracle.dbtools.crest.swingui.logical.TVRelation" oid="EDBC1D7D-7179-AFE4-263D-E95B1FF258CB" otype="Relation" vid_source="336EAC6C-2108-27D6-2F18-86A875B56FFB" vid_target="2AD3D6BF-F685-7CEA-80A9-AF83F2CF642A">
<hideElementsInCurrentOnly>false</hideElementsInCurrentOnly>
<lineWidth>1</lineWidth>
<points>
<point x="984" y="888"/>
<point x="994" y="404"/>
<point x="1087" y="404"/>
</points>
</Connector>
<Connector class="oracle.dbtools.crest.swingui.logical.TVRelation" oid="EEA7E35D-8987-50BF-BFAA-A53CCA799B01" otype="Relation" vid_source="2AD3D6BF-F685-7CEA-80A9-AF83F2CF642A" vid_target="9F401E3E-09A0-01ED-CD42-AAF77B9D9B18">
<hideElementsInCurrentOnly>false</hideElementsInCurrentOnly>
<lineWidth>1</lineWidth>
<points>
<point x="1193" y="284"/>
<point x="1193" y="125"/>
<point x="1387" y="125"/>
</points>
</Connector>
<Connector class="oracle.dbtools.crest.swingui.logical.TVRelation" oid="F0313BF3-AAD6-485F-7E5B-A4E594C2F30E" otype="Relation" vid_source="0B35527C-8919-6DBE-DDB3-01F5F519C6BC" vid_target="1A6D209D-A770-545B-35C0-17FE783B5129">
<hideElementsInCurrentOnly>false</hideElementsInCurrentOnly>
<lineWidth>1</lineWidth>
<points>
<point x="799" y="500"/>
<point x="584" y="500"/>
<point x="584" y="435"/>
</points>
</Connector>
<Connector class="oracle.dbtools.crest.swingui.logical.TVRelation" oid="FF5F87DA-1B0D-65D5-0F52-E435F56C10A4" otype="Relation" vid_source="2AD3D6BF-F685-7CEA-80A9-AF83F2CF642A" vid_target="FC992297-A2E4-63BF-035C-01351C1BBD92">
<hideElementsInCurrentOnly>false</hideElementsInCurrentOnly>
<lineWidth>1</lineWidth>
<points>
<point x="1173" y="412"/>
<point x="1173" y="547"/>
</points>
</Connector>
<Connector class="oracle.dbtools.crest.swingui.logical.TVRelation" oid="FFB4325C-4CF7-5F1E-6683-C81611748439" otype="Relation" vid_source="A693C42A-31FA-B5E8-425D-6824EF9EACA4" vid_target="DDD962F7-3C00-7C0C-237B-55A86F642177">
<hideElementsInCurrentOnly>false</hideElementsInCurrentOnly>
<lineWidth>1</lineWidth>
<points>
<point x="604" y="1127"/>
<point x="698" y="1127"/>
</points>
</Connector>
</connectors>
</Diagram>