<?xml version = '1.0' encoding = 'UTF-8'?>
<relationalModel class="oracle.dbtools.crest.model.design.relational.RelationalDesign" name="Relational_1" id="336F0494-D096-7321-02D0-89BD647F415C" mainViewID="16F34BA5-0D52-E5BD-89C7-08F5A3B41CCD">
<createdBy>Szulczewski</createdBy>
<createdTime>2016-08-01 22:39:08 UTC</createdTime>
<generatorID>Gerado pelo usuário</generatorID>
<ownerDesignName>PIZZARIA</ownerDesignName>
<shouldBeOpen>false</shouldBeOpen>
<selectedRDBMSSite>32076570-2523-435C-2E92-BF29817DFF70</selectedRDBMSSite>
</relationalModel>