<?xml version = '1.0' encoding = 'UTF-8'?>
<Entity class="oracle.dbtools.crest.model.design.logical.Entity" directorySegmentName="seg_0" id="16C24FC8-5D60-2A11-4D98-1956FD758B39" name="COMBO_ITEM">
<createdBy>rm73756</createdBy>
<createdTime>2015-10-02 14:02:30 UTC</createdTime>
<ownerDesignName>dominos_pizzaoficial</ownerDesignName>
<engineerTo>
<item key="96F124AA-9081-B730-AED0-475B89B916CC" value="true"/>
</engineerTo>
<adequatelyNormalized>NO</adequatelyNormalized>
<expectedVolumes>0</expectedVolumes>
<fwdEngineeringStrategyName>Single Table</fwdEngineeringStrategyName>
<growthPercent>0</growthPercent>
<growthType>Year</growthType>
<maxVolumes>9999999</maxVolumes>
<minVolumes>0</minVolumes>
<normalForm>Third</normalForm>
<attributes itemClass="oracle.dbtools.crest.model.design.logical.Attribute">
<Attribute name="cd_combo_item" id="D2403729-54E8-B476-6826-780CEF73639F">
<createdBy>rm73756</createdBy>
<createdTime>2015-10-02 14:02:37 UTC</createdTime>
<comment>Código combo item.</comment>
<ownerDesignName>dominos_pizzaoficial</ownerDesignName>
<engineerTo>
<item key="96F124AA-9081-B730-AED0-475B89B916CC" value="true"/>
</engineerTo>
<useDomainConstraints>false</useDomainConstraints>
<use>1</use>
<logicalDatatype>LOGDT011</logicalDatatype>
</Attribute>
<Attribute name="cd_combo" id="4FA7E568-7E16-ED95-57F2-F9B121349250">
<createdBy>rm73756</createdBy>
<createdTime>2015-10-02 14:03:10 UTC</createdTime>
<comment>Código do combo.</comment>
<generatorID>FFB4325C-4CF7-5F1E-6683-C81611748439</generatorID>
<ownerDesignName>dominos_pizzaoficial</ownerDesignName>
<engineerTo>
<item key="96F124AA-9081-B730-AED0-475B89B916CC" value="true"/>
</engineerTo>
<referedAttribute>D4037137-B088-B169-54C9-8D3395F167DC</referedAttribute>
<useDomainConstraints>false</useDomainConstraints>
<use>1</use>
<logicalDatatype>LOGDT011</logicalDatatype>
</Attribute>
</attributes>
<identifiers itemClass="oracle.dbtools.crest.model.design.logical.CandidateKey">
<identifier id="9D3CCE88-A249-31CE-32AC-8D45817109E9" name="{entity} PK">
<createdBy>rm73756</createdBy>
<createdTime>2015-10-02 14:02:46 UTC</createdTime>
<ownerDesignName>dominos_pizzaoficial</ownerDesignName>
<engineerTo>
<item key="96F124AA-9081-B730-AED0-475B89B916CC" value="true"/>
</engineerTo>
<pk>true</pk>
<usedAttributes>
<attributeRef>D2403729-54E8-B476-6826-780CEF73639F</attributeRef>
</usedAttributes>
</identifier>
</identifiers>
</Entity>