<?xml version = '1.0' encoding = 'UTF-8'?>
<Entity class="oracle.dbtools.crest.model.design.logical.Entity" directorySegmentName="seg_0" id="45ADE7ED-17CD-4B3D-E125-FC913430FBE4" name="FILIAL">
<createdBy>Administrador</createdBy>
<createdTime>2015-09-22 03:19:13 UTC</createdTime>
<generatorID>Gerado pelo usuário</generatorID>
<ownerDesignName>dominos_pizzaoficial</ownerDesignName>
<engineerTo>
<item key="96F124AA-9081-B730-AED0-475B89B916CC" value="true"/>
</engineerTo>
<adequatelyNormalized>NO</adequatelyNormalized>
<expectedVolumes>0</expectedVolumes>
<fwdEngineeringStrategyName>Single Table</fwdEngineeringStrategyName>
<growthPercent>0</growthPercent>
<growthType>Year</growthType>
<maxVolumes>9999999</maxVolumes>
<minVolumes>0</minVolumes>
<normalForm>Third</normalForm>
<attributes itemClass="oracle.dbtools.crest.model.design.logical.Attribute">
<Attribute name="cd_filial" id="AE7BBC1D-C3F3-342F-9CB8-88EEDFD89AE2">
<createdBy>Administrador</createdBy>
<createdTime>2015-09-22 03:19:26 UTC</createdTime>
<comment>Código da filial. </comment>
<generatorID>Gerado pelo usuário</generatorID>
<ownerDesignName>dominos_pizzaoficial</ownerDesignName>
<engineerTo>
<item key="96F124AA-9081-B730-AED0-475B89B916CC" value="true"/>
</engineerTo>
<useDomainConstraints>false</useDomainConstraints>
<use>1</use>
<logicalDatatype>LOGDT011</logicalDatatype>
</Attribute>
<Attribute name="nm_filial" id="785D90AE-10DD-540A-447C-B7B36AE0329D">
<createdBy>Administrador</createdBy>
<createdTime>2015-09-22 03:19:30 UTC</createdTime>
<comment>Nome da filial.</comment>
<generatorID>Gerado pelo usuário</generatorID>
<ownerDesignName>dominos_pizzaoficial</ownerDesignName>
<engineerTo>
<item key="96F124AA-9081-B730-AED0-475B89B916CC" value="true"/>
</engineerTo>
<nullsAllowed>true</nullsAllowed>
<useDomainConstraints>false</useDomainConstraints>
<use>1</use>
<logicalDatatype>LOGDT024</logicalDatatype>
<dataTypeSize>100</dataTypeSize>
</Attribute>
<Attribute name="ds_filial" id="F7EBC249-A550-2797-55EB-FC6D9ECB2D35">
<createdBy>Administrador</createdBy>
<createdTime>2015-09-22 03:19:47 UTC</createdTime>
<comment>Descrição da filial.</comment>
<generatorID>Gerado pelo usuário</generatorID>
<ownerDesignName>dominos_pizzaoficial</ownerDesignName>
<engineerTo>
<item key="96F124AA-9081-B730-AED0-475B89B916CC" value="true"/>
</engineerTo>
<nullsAllowed>true</nullsAllowed>
<useDomainConstraints>false</useDomainConstraints>
<use>1</use>
<logicalDatatype>LOGDT024</logicalDatatype>
<dataTypeSize>200</dataTypeSize>
</Attribute>
</attributes>
<identifiers itemClass="oracle.dbtools.crest.model.design.logical.CandidateKey">
<identifier id="7BF8172C-D656-9285-69FC-4F3EDD8BF94B" name="FILIAL PK">
<createdBy>Administrador</createdBy>
<createdTime>2015-09-22 03:21:02 UTC</createdTime>
<generatorID>Gerado pelo usuário</generatorID>
<ownerDesignName>dominos_pizzaoficial</ownerDesignName>
<engineerTo>
<item key="96F124AA-9081-B730-AED0-475B89B916CC" value="true"/>
</engineerTo>
<pk>true</pk>
<usedAttributes>
<attributeRef>AE7BBC1D-C3F3-342F-9CB8-88EEDFD89AE2</attributeRef>
</usedAttributes>
</identifier>
</identifiers>
</Entity>