<?xml version = '1.0' encoding = 'UTF-8'?>
<Entity class="oracle.dbtools.crest.model.design.logical.Entity" directorySegmentName="seg_0" id="DAEE8D96-E837-27B9-0844-F41BB1A8006C" name="PEDIDO">
<createdBy>Administrador</createdBy>
<createdTime>2015-09-22 02:47:05 UTC</createdTime>
<generatorID>Gerado pelo usuário</generatorID>
<ownerDesignName>dominos_pizzaoficial</ownerDesignName>
<engineerTo>
<item key="96F124AA-9081-B730-AED0-475B89B916CC" value="true"/>
</engineerTo>
<adequatelyNormalized>NO</adequatelyNormalized>
<expectedVolumes>0</expectedVolumes>
<fwdEngineeringStrategyName>Single Table</fwdEngineeringStrategyName>
<growthPercent>0</growthPercent>
<growthType>Year</growthType>
<maxVolumes>9999999</maxVolumes>
<minVolumes>0</minVolumes>
<normalForm>Third</normalForm>
<attributes itemClass="oracle.dbtools.crest.model.design.logical.Attribute">
<Attribute name="cd_pedido" id="D5F66298-FB8A-BC3F-5614-D4614AA5FBE9">
<createdBy>Administrador</createdBy>
<createdTime>2015-09-22 02:47:09 UTC</createdTime>
<comment>Código do pedido.</comment>
<generatorID>Gerado pelo usuário</generatorID>
<ownerDesignName>dominos_pizzaoficial</ownerDesignName>
<engineerTo>
<item key="96F124AA-9081-B730-AED0-475B89B916CC" value="true"/>
</engineerTo>
<useDomainConstraints>false</useDomainConstraints>
<use>1</use>
<logicalDatatype>LOGDT011</logicalDatatype>
</Attribute>
<Attribute name="dt_pedido" id="F35D94C9-AF6E-3856-0D10-BDBA3AD4740D">
<createdBy>Administrador</createdBy>
<createdTime>2015-09-22 02:47:16 UTC</createdTime>
<comment>Data do pedido</comment>
<generatorID>Gerado pelo usuário</generatorID>
<ownerDesignName>dominos_pizzaoficial</ownerDesignName>
<engineerTo>
<item key="96F124AA-9081-B730-AED0-475B89B916CC" value="true"/>
</engineerTo>
<nullsAllowed>true</nullsAllowed>
<useDomainConstraints>false</useDomainConstraints>
<use>1</use>
<logicalDatatype>LOGDT007</logicalDatatype>
</Attribute>
<Attribute name="ds_pedido" id="1DBBBAA1-7AEA-9C98-13FD-96DE9B533B1D">
<createdBy>Administrador</createdBy>
<createdTime>2015-09-22 02:57:20 UTC</createdTime>
<comment>Descrição do pedido.</comment>
<generatorID>Gerado pelo usuário</generatorID>
<ownerDesignName>dominos_pizzaoficial</ownerDesignName>
<engineerTo>
<item key="96F124AA-9081-B730-AED0-475B89B916CC" value="true"/>
</engineerTo>
<nullsAllowed>true</nullsAllowed>
<useDomainConstraints>false</useDomainConstraints>
<use>1</use>
<logicalDatatype>LOGDT024</logicalDatatype>
<dataTypeSize>150</dataTypeSize>
</Attribute>
<Attribute name="tp_pedido" id="5FD92EB1-5A7C-414F-5CFE-880BE04CBAFB">
<createdBy>Administrador</createdBy>
<createdTime>2015-09-22 04:00:45 UTC</createdTime>
<comment>Tipo do pedido.</comment>
<generatorID>Gerado pelo usuário</generatorID>
<ownerDesignName>dominos_pizzaoficial</ownerDesignName>
<engineerTo>
<item key="96F124AA-9081-B730-AED0-475B89B916CC" value="true"/>
</engineerTo>
<nullsAllowed>true</nullsAllowed>
<useDomainConstraints>false</useDomainConstraints>
<use>1</use>
<logicalDatatype>LOGDT025</logicalDatatype>
<dataTypeSize>20</dataTypeSize>
</Attribute>
<Attribute name="cd_cliente" id="1E16AA38-661B-80BF-C26A-4843269F59D6">
<createdBy>Administrador</createdBy>
<createdTime>2015-09-22 03:12:39 UTC</createdTime>
<comment>Código do cliente.</comment>
<generatorID>F0313BF3-AAD6-485F-7E5B-A4E594C2F30E</generatorID>
<ownerDesignName>dominos_pizzaoficial</ownerDesignName>
<engineerTo>
<item key="96F124AA-9081-B730-AED0-475B89B916CC" value="true"/>
</engineerTo>
<referedAttribute>191A374E-6F67-E94B-B0F8-080CC2892CD4</referedAttribute>
<useDomainConstraints>false</useDomainConstraints>
<use>1</use>
<logicalDatatype>LOGDT011</logicalDatatype>
</Attribute>
<Attribute name="cd_metodo_pagamento" id="3520A2D5-23B9-7BF4-BD03-ED63004CE5DA">
<createdBy>Administrador</createdBy>
<createdTime>2015-09-22 03:14:24 UTC</createdTime>
<comment>Código metodo de pagamento.</comment>
<generatorID>6EFE50FC-0915-1E01-6FE5-55A676C5829D</generatorID>
<ownerDesignName>dominos_pizzaoficial</ownerDesignName>
<engineerTo>
<item key="96F124AA-9081-B730-AED0-475B89B916CC" value="true"/>
</engineerTo>
<referedAttribute>BD5A3BFF-711C-71CE-735D-1EB77363A0EA</referedAttribute>
<useDomainConstraints>false</useDomainConstraints>
<use>1</use>
<logicalDatatype>LOGDT011</logicalDatatype>
</Attribute>
<Attribute name="cd_filial" id="3A1FDC6A-F083-769F-4A75-4ED553F5DA7E">
<createdBy>Administrador</createdBy>
<createdTime>2015-09-22 03:47:33 UTC</createdTime>
<comment>Código da filial.</comment>
<generatorID>D4145AAF-EB2F-6260-C718-F57859C05F0E</generatorID>
<ownerDesignName>dominos_pizzaoficial</ownerDesignName>
<engineerTo>
<item key="96F124AA-9081-B730-AED0-475B89B916CC" value="true"/>
</engineerTo>
<referedAttribute>AE7BBC1D-C3F3-342F-9CB8-88EEDFD89AE2</referedAttribute>
<useDomainConstraints>false</useDomainConstraints>
<use>1</use>
<logicalDatatype>LOGDT011</logicalDatatype>
</Attribute>
<Attribute name="cd_produto_item" id="EC34F949-81D1-D642-E40A-F5B09BCBC390">
<createdBy>Administrador</createdBy>
<createdTime>2015-10-02 03:22:17 UTC</createdTime>
<comment>Código do item produto.</comment>
<generatorID>0791032C-8286-20EA-7AB7-AC224F11DC81</generatorID>
<ownerDesignName>dominos_pizzaoficial</ownerDesignName>
<engineerTo>
<item key="96F124AA-9081-B730-AED0-475B89B916CC" value="true"/>
</engineerTo>
<referedAttribute>690AB47E-DE6A-D22B-B3A3-E37798144A0D</referedAttribute>
<useDomainConstraints>false</useDomainConstraints>
<use>1</use>
<logicalDatatype>LOGDT011</logicalDatatype>
</Attribute>
</attributes>
<identifiers itemClass="oracle.dbtools.crest.model.design.logical.CandidateKey">
<identifier id="F66A9A49-3781-0545-5AEC-4F953A97EED6" name="PEDIDO PK">
<createdBy>Administrador</createdBy>
<createdTime>2015-09-22 02:49:32 UTC</createdTime>
<generatorID>Gerado pelo usuário</generatorID>
<ownerDesignName>dominos_pizzaoficial</ownerDesignName>
<engineerTo>
<item key="96F124AA-9081-B730-AED0-475B89B916CC" value="true"/>
</engineerTo>
<pk>true</pk>
<usedAttributes>
<attributeRef>D5F66298-FB8A-BC3F-5614-D4614AA5FBE9</attributeRef>
</usedAttributes>
</identifier>
</identifiers>
</Entity>