<?xml version = '1.0' encoding = 'UTF-8'?>
<Relation class="oracle.dbtools.crest.model.design.logical.Relation" name="FILIAL ENDERECO FK" directorySegmentName="seg_0" id="0580313C-F4E8-6F84-1C94-B832CADE8469">
<createdBy>Szulczewski</createdBy>
<createdTime>2016-08-02 20:53:10 UTC</createdTime>
<generatorID>Gerado pelo usuário</generatorID>
<ownerDesignName>PIZZARIA</ownerDesignName>
<engineerTo>
<item key="336F0494-D096-7321-02D0-89BD647F415C" value="true"/>
</engineerTo>
<sourcePk>A418B520-299D-DD57-530B-7769534F0CCC</sourcePk>
<identifying>false</identifying>
<optionalSource>true</optionalSource>
<optionalTarget>false</optionalTarget>
<sourceCardinality>1</sourceCardinality>
<sourceEntity>60FFA151-6FF7-9F82-C738-00B9758F0969</sourceEntity>
<targetCardinalityString>1</targetCardinalityString>
<targetEntity>43C4851C-A817-E475-C5CA-A2C140BDF2EF</targetEntity>
<transferable>true</transferable>
<deleteRule>NO ACTION</deleteRule>
</Relation>