<?xml version = '1.0' encoding = 'UTF-8'?>
<Relation class="oracle.dbtools.crest.model.design.logical.Relation" name="PEDIDO FUNCIONARIO FK" directorySegmentName="seg_0" id="089900E5-FA81-3F14-AF76-5E699F893E7A">
<createdBy>Szulczewski</createdBy>
<createdTime>2016-08-02 21:36:15 UTC</createdTime>
<generatorID>Gerado pelo usuário</generatorID>
<ownerDesignName>PIZZARIA</ownerDesignName>
<engineerTo>
<item key="336F0494-D096-7321-02D0-89BD647F415C" value="true"/>
</engineerTo>
<sourcePk>1AC07120-5596-A8A9-2D76-BE593D4D4DB7</sourcePk>
<identifying>false</identifying>
<optionalSource>true</optionalSource>
<optionalTarget>false</optionalTarget>
<sourceCardinality>1</sourceCardinality>
<sourceEntity>35997544-485E-0DBA-ACC7-14D9B0B2333F</sourceEntity>
<targetCardinalityString>*</targetCardinalityString>
<targetEntity>416FFD3C-F077-A55A-E8F7-2CD4EF50CFA0</targetEntity>
<transferable>true</transferable>
<deleteRule>NO ACTION</deleteRule>
</Relation>