<?xml version = '1.0' encoding = 'UTF-8'?>
<Relation class="oracle.dbtools.crest.model.design.logical.Relation" name="COMBO CATEGORIA FK" directorySegmentName="seg_0" id="0C7AD577-8B00-0C96-4D27-DBE996057D7C">
<createdBy>Szulczewski</createdBy>
<createdTime>2016-08-02 21:26:50 UTC</createdTime>
<generatorID>Gerado pelo usuário</generatorID>
<ownerDesignName>PIZZARIA</ownerDesignName>
<engineerTo>
<item key="336F0494-D096-7321-02D0-89BD647F415C" value="true"/>
</engineerTo>
<sourcePk>6CAB4110-811B-1F2D-3967-78C8C94BE55C</sourcePk>
<identifying>false</identifying>
<optionalSource>true</optionalSource>
<optionalTarget>false</optionalTarget>
<sourceCardinality>1</sourceCardinality>
<sourceEntity>3757CA67-2CE7-5E05-E7E3-30B77C5BB2EC</sourceEntity>
<targetCardinalityString>*</targetCardinalityString>
<targetEntity>D229099B-42B5-032C-D630-280A63553ADE</targetEntity>
<transferable>true</transferable>
<deleteRule>NO ACTION</deleteRule>
</Relation>