<?xml version = '1.0' encoding = 'UTF-8'?>
<Relation class="oracle.dbtools.crest.model.design.logical.Relation" name="CIDADE ESTADO FK" directorySegmentName="seg_0" id="0C97A426-EA81-939A-1C25-6F5D570B77B3">
<createdBy>Szulczewski</createdBy>
<createdTime>2016-08-02 20:50:58 UTC</createdTime>
<generatorID>Gerado pelo usuário</generatorID>
<ownerDesignName>PIZZARIA</ownerDesignName>
<engineerTo>
<item key="336F0494-D096-7321-02D0-89BD647F415C" value="true"/>
</engineerTo>
<sourcePk>5C5EF0A9-BFF4-4C59-4235-12EAEA9434F9</sourcePk>
<identifying>false</identifying>
<optionalSource>true</optionalSource>
<optionalTarget>false</optionalTarget>
<sourceCardinality>1</sourceCardinality>
<sourceEntity>4A32DFAD-E9C2-AF5E-6D15-E12B2BAA28F5</sourceEntity>
<targetCardinalityString>*</targetCardinalityString>
<targetEntity>1C263727-28D0-2AB6-1346-5526F20430FD</targetEntity>
<transferable>true</transferable>
<deleteRule>NO ACTION</deleteRule>
</Relation>