<?xml version = '1.0' encoding = 'UTF-8'?>
<Relation class="oracle.dbtools.crest.model.design.logical.Relation" name="PRODUTO CATEGORIA FK" directorySegmentName="seg_0" id="1A3522F5-AA0A-38DA-A683-9ACF39C597AD">
<createdBy>Szulczewski</createdBy>
<createdTime>2016-08-02 21:27:12 UTC</createdTime>
<generatorID>Gerado pelo usuário</generatorID>
<ownerDesignName>PIZZARIA</ownerDesignName>
<engineerTo>
<item key="336F0494-D096-7321-02D0-89BD647F415C" value="true"/>
</engineerTo>
<sourcePk>6CAB4110-811B-1F2D-3967-78C8C94BE55C</sourcePk>
<identifying>false</identifying>
<optionalSource>true</optionalSource>
<optionalTarget>false</optionalTarget>
<sourceCardinality>1</sourceCardinality>
<sourceEntity>3757CA67-2CE7-5E05-E7E3-30B77C5BB2EC</sourceEntity>
<targetCardinalityString>*</targetCardinalityString>
<targetEntity>CC3B4581-0DF0-FB88-5BED-50F9D608507F</targetEntity>
<transferable>true</transferable>
<deleteRule>NO ACTION</deleteRule>
</Relation>