<?xml version = '1.0' encoding = 'UTF-8'?>
<Relation class="oracle.dbtools.crest.model.design.logical.Relation" name="FUNCIONARIO FILIAL FK" directorySegmentName="seg_0" id="32D4955E-ECE9-006C-9AF2-A9E1B3182403">
<createdBy>Szulczewski</createdBy>
<createdTime>2016-08-02 21:43:39 UTC</createdTime>
<generatorID>Gerado pelo usuário</generatorID>
<ownerDesignName>PIZZARIA</ownerDesignName>
<engineerTo>
<item key="336F0494-D096-7321-02D0-89BD647F415C" value="true"/>
</engineerTo>
<sourcePk>5784B544-F1CD-5AA0-2EF2-B9BE059B74FD</sourcePk>
<identifying>false</identifying>
<optionalSource>true</optionalSource>
<optionalTarget>false</optionalTarget>
<sourceCardinality>1</sourceCardinality>
<sourceEntity>43C4851C-A817-E475-C5CA-A2C140BDF2EF</sourceEntity>
<targetCardinalityString>*</targetCardinalityString>
<targetEntity>35997544-485E-0DBA-ACC7-14D9B0B2333F</targetEntity>
<transferable>true</transferable>
<deleteRule>NO ACTION</deleteRule>
</Relation>