<?xml version = '1.0' encoding = 'UTF-8'?>
<Relation class="oracle.dbtools.crest.model.design.logical.Relation" name="Relation_31" directorySegmentName="seg_0" id="46BCE878-2F54-887E-377A-46BBF4C94EDE">
<createdBy>Szulczewski</createdBy>
<createdTime>2016-08-03 00:40:22 UTC</createdTime>
<generatorID>Gerado pelo usuário</generatorID>
<ownerDesignName>PIZZARIA</ownerDesignName>
<engineerTo>
<item key="336F0494-D096-7321-02D0-89BD647F415C" value="true"/>
</engineerTo>
<sourcePk>3EADAE5B-8169-A2CD-2126-96D5A4DBC133</sourcePk>
<identifying>false</identifying>
<optionalSource>true</optionalSource>
<optionalTarget>false</optionalTarget>
<sourceCardinality>1</sourceCardinality>
<sourceEntity>CC3B4581-0DF0-FB88-5BED-50F9D608507F</sourceEntity>
<targetCardinalityString>*</targetCardinalityString>
<targetEntity>D229099B-42B5-032C-D630-280A63553ADE</targetEntity>
<transferable>true</transferable>
<deleteRule>NO ACTION</deleteRule>
</Relation>