<?xml version = '1.0' encoding = 'UTF-8'?>
<Relation class="oracle.dbtools.crest.model.design.logical.Relation" name="TP FILIAL FILIAL FK" directorySegmentName="seg_0" id="54CE23F1-3913-0C93-845F-C60EE4472625">
<createdBy>Szulczewski</createdBy>
<createdTime>2016-08-02 20:55:25 UTC</createdTime>
<generatorID>Gerado pelo usuário</generatorID>
<ownerDesignName>PIZZARIA</ownerDesignName>
<engineerTo>
<item key="336F0494-D096-7321-02D0-89BD647F415C" value="true"/>
</engineerTo>
<sourcePk>5784B544-F1CD-5AA0-2EF2-B9BE059B74FD</sourcePk>
<identifying>false</identifying>
<optionalSource>true</optionalSource>
<optionalTarget>false</optionalTarget>
<sourceCardinality>1</sourceCardinality>
<sourceEntity>43C4851C-A817-E475-C5CA-A2C140BDF2EF</sourceEntity>
<targetCardinalityString>*</targetCardinalityString>
<targetEntity>3347E41E-695B-EFF4-B2AF-F930921637AC</targetEntity>
<transferable>true</transferable>
<deleteRule>NO ACTION</deleteRule>
</Relation>