<?xml version = '1.0' encoding = 'UTF-8'?>
<Relation class="oracle.dbtools.crest.model.design.logical.Relation" name="PEDIDO CLIENTE FK" directorySegmentName="seg_0" id="753C5273-0409-A846-2A63-9B51A60C169A">
<createdBy>Szulczewski</createdBy>
<createdTime>2016-08-02 21:14:33 UTC</createdTime>
<generatorID>Gerado pelo usuário</generatorID>
<ownerDesignName>PIZZARIA</ownerDesignName>
<engineerTo>
<item key="336F0494-D096-7321-02D0-89BD647F415C" value="true"/>
</engineerTo>
<sourcePk>7073896E-52BE-9521-0796-014E0FEBDB7F</sourcePk>
<identifying>false</identifying>
<optionalSource>true</optionalSource>
<optionalTarget>false</optionalTarget>
<sourceCardinality>1</sourceCardinality>
<sourceEntity>4116506C-FCD2-657A-EC99-EE233DD113AD</sourceEntity>
<targetCardinalityString>*</targetCardinalityString>
<targetEntity>416FFD3C-F077-A55A-E8F7-2CD4EF50CFA0</targetEntity>
<transferable>true</transferable>
<deleteRule>NO ACTION</deleteRule>
</Relation>