<?xml version = '1.0' encoding = 'UTF-8'?>
<Relation class="oracle.dbtools.crest.model.design.logical.Relation" name="Relation_32" directorySegmentName="seg_0" id="7C8B9517-89EB-9D88-6513-036662BB3C08">
<createdBy>Szulczewski</createdBy>
<createdTime>2016-08-03 00:41:19 UTC</createdTime>
<generatorID>Gerado pelo usuário</generatorID>
<ownerDesignName>PIZZARIA</ownerDesignName>
<engineerTo>
<item key="336F0494-D096-7321-02D0-89BD647F415C" value="true"/>
</engineerTo>
<sourcePk>0E3DC17E-0310-C1D0-981A-F499B8A4C70E</sourcePk>
<identifying>true</identifying>
<optionalSource>true</optionalSource>
<optionalTarget>false</optionalTarget>
<sourceCardinality>1</sourceCardinality>
<sourceEntity>D229099B-42B5-032C-D630-280A63553ADE</sourceEntity>
<targetCardinalityString>*</targetCardinalityString>
<targetEntity>E753D31F-19D0-F527-3D48-9733FB840E5C</targetEntity>
<transferable>true</transferable>
<deleteRule>NO ACTION</deleteRule>
</Relation>