<?xml version = '1.0' encoding = 'UTF-8'?>
<Relation class="oracle.dbtools.crest.model.design.logical.Relation" name="ENDERECO CIDADE FK" directorySegmentName="seg_0" id="7CDC57A0-3233-50EF-455C-690627A27ADB">
<createdBy>Szulczewski</createdBy>
<createdTime>2016-08-02 20:51:52 UTC</createdTime>
<generatorID>Gerado pelo usuário</generatorID>
<ownerDesignName>PIZZARIA</ownerDesignName>
<engineerTo>
<item key="336F0494-D096-7321-02D0-89BD647F415C" value="true"/>
</engineerTo>
<sourcePk>C4F98F40-4C71-DC40-7111-6BA2D17E3B4D</sourcePk>
<identifying>false</identifying>
<optionalSource>true</optionalSource>
<optionalTarget>false</optionalTarget>
<sourceCardinality>1</sourceCardinality>
<sourceEntity>1C263727-28D0-2AB6-1346-5526F20430FD</sourceEntity>
<targetCardinalityString>*</targetCardinalityString>
<targetEntity>60FFA151-6FF7-9F82-C738-00B9758F0969</targetEntity>
<transferable>true</transferable>
<deleteRule>NO ACTION</deleteRule>
</Relation>