<?xml version = '1.0' encoding = 'UTF-8'?>
<Relation class="oracle.dbtools.crest.model.design.logical.Relation" name="ESTADO PAIS FK" directorySegmentName="seg_0" id="8668CE64-094F-4034-CDCC-DCF896B83DF7">
<createdBy>Szulczewski</createdBy>
<createdTime>2016-08-02 20:49:14 UTC</createdTime>
<generatorID>Gerado pelo usuário</generatorID>
<ownerDesignName>PIZZARIA</ownerDesignName>
<engineerTo>
<item key="336F0494-D096-7321-02D0-89BD647F415C" value="true"/>
</engineerTo>
<sourcePk>D82AAC27-18CE-E27D-17DB-BFA0B61E25D8</sourcePk>
<identifying>false</identifying>
<optionalSource>true</optionalSource>
<optionalTarget>false</optionalTarget>
<sourceCardinality>1</sourceCardinality>
<sourceEntity>707393DA-16B7-D936-27F3-8DFEC3981491</sourceEntity>
<targetCardinalityString>*</targetCardinalityString>
<targetEntity>4A32DFAD-E9C2-AF5E-6D15-E12B2BAA28F5</targetEntity>
<transferable>true</transferable>
<deleteRule>NO ACTION</deleteRule>
</Relation>