<?xml version = '1.0' encoding = 'UTF-8'?>
<Relation class="oracle.dbtools.crest.model.design.logical.Relation" name="PAGAMENTO PEDIDO FK" directorySegmentName="seg_0" id="AAF35BF0-271C-3660-92C6-4AA0F68B4E5A">
<createdBy>Szulczewski</createdBy>
<createdTime>2016-08-02 21:09:55 UTC</createdTime>
<generatorID>Gerado pelo usuário</generatorID>
<ownerDesignName>PIZZARIA</ownerDesignName>
<engineerTo>
<item key="336F0494-D096-7321-02D0-89BD647F415C" value="true"/>
</engineerTo>
<sourcePk>C1C290D7-4C33-C37F-01C1-62D720AD65BE</sourcePk>
<identifying>true</identifying>
<optionalSource>true</optionalSource>
<optionalTarget>false</optionalTarget>
<sourceCardinality>1</sourceCardinality>
<sourceEntity>416FFD3C-F077-A55A-E8F7-2CD4EF50CFA0</sourceEntity>
<targetCardinalityString>*</targetCardinalityString>
<targetEntity>55C87344-6A09-B548-158D-BCC65F92C957</targetEntity>
<transferable>true</transferable>
<deleteRule>NO ACTION</deleteRule>
</Relation>