<?xml version = '1.0' encoding = 'UTF-8'?>
<Relation class="oracle.dbtools.crest.model.design.logical.Relation" name="FUNCIONARIO CARGO FK" directorySegmentName="seg_0" id="B454F944-5B3D-D720-4F3C-1BC213F9525E">
<createdBy>Szulczewski</createdBy>
<createdTime>2016-08-02 22:48:20 UTC</createdTime>
<generatorID>Gerado pelo usuário</generatorID>
<ownerDesignName>PIZZARIA</ownerDesignName>
<engineerTo>
<item key="336F0494-D096-7321-02D0-89BD647F415C" value="true"/>
</engineerTo>
<sourcePk>5D221A86-8990-E7C2-35CA-DA3C708B73BA</sourcePk>
<identifying>false</identifying>
<optionalSource>true</optionalSource>
<optionalTarget>false</optionalTarget>
<sourceCardinality>1</sourceCardinality>
<sourceEntity>A9E75D89-2105-4FFB-287E-0D94FE7A3E08</sourceEntity>
<targetCardinalityString>*</targetCardinalityString>
<targetEntity>35997544-485E-0DBA-ACC7-14D9B0B2333F</targetEntity>
<transferable>true</transferable>
<deleteRule>NO ACTION</deleteRule>
</Relation>