<?xml version = '1.0' encoding = 'UTF-8'?>
<Relation class="oracle.dbtools.crest.model.design.logical.Relation" name="Relation_29" directorySegmentName="seg_0" id="B71F81DF-B0DD-D8BC-B118-7C45611F7062">
<createdBy>Szulczewski</createdBy>
<createdTime>2016-08-03 00:32:40 UTC</createdTime>
<generatorID>Gerado pelo usuário</generatorID>
<ownerDesignName>PIZZARIA</ownerDesignName>
<engineerTo>
<item key="336F0494-D096-7321-02D0-89BD647F415C" value="true"/>
</engineerTo>
<sourcePk>3EADAE5B-8169-A2CD-2126-96D5A4DBC133</sourcePk>
<identifying>true</identifying>
<optionalSource>true</optionalSource>
<optionalTarget>false</optionalTarget>
<sourceCardinality>1</sourceCardinality>
<sourceEntity>CC3B4581-0DF0-FB88-5BED-50F9D608507F</sourceEntity>
<targetCardinalityString>*</targetCardinalityString>
<targetEntity>E753D31F-19D0-F527-3D48-9733FB840E5C</targetEntity>
<transferable>true</transferable>
<deleteRule>NO ACTION</deleteRule>
</Relation>