<?xml version = '1.0' encoding = 'UTF-8'?>
<Relation class="oracle.dbtools.crest.model.design.logical.Relation" name="Relation_26" directorySegmentName="seg_0" id="F935D35F-7BD8-B266-A4BE-9F376B772C1B">
<createdBy>Szulczewski</createdBy>
<createdTime>2016-08-03 00:27:07 UTC</createdTime>
<generatorID>Gerado pelo usuário</generatorID>
<ownerDesignName>PIZZARIA</ownerDesignName>
<engineerTo>
<item key="336F0494-D096-7321-02D0-89BD647F415C" value="true"/>
</engineerTo>
<sourcePk>85D81F97-0FFB-F36C-86C8-81CF1E7E2B58</sourcePk>
<identifying>true</identifying>
<optionalSource>true</optionalSource>
<optionalTarget>false</optionalTarget>
<sourceCardinality>1</sourceCardinality>
<sourceEntity>E753D31F-19D0-F527-3D48-9733FB840E5C</sourceEntity>
<targetCardinalityString>*</targetCardinalityString>
<targetEntity>416FFD3C-F077-A55A-E8F7-2CD4EF50CFA0</targetEntity>
<transferable>true</transferable>
<deleteRule>NO ACTION</deleteRule>
</Relation>